Transaction_ID,Policy_Number,Policyholder_Name,Payment_Date,Posting_Date,Payment_Method,Payment_Reference,Currency,Amount_Received,Applied_Amount,Unapplied_Amount,Ledger_Account,GL_Code,Policy_Ledger,Cost_Center,Business_Unit,Bank_Account,Remittance_Provided,Match_Confidence_%,TAT_Hours,Accuracy_%,Accuracy_Flag,Status,Exception_Code,Exception_Reason,Applied_By,Reviewed_By,Notes,Created_Timestamp,Updated_Timestamp
TXN-00001,POL-93810,Vihaan Sharma,11-10-2025 07:49,12-10-2025 16:49,RTGS,RTGS-246316,INR,40000,40000,0,Premium Receivable,PR-400100,Policy Ledger,CC-INS-001,Health,AXIS-004,Yes,94.3,33,99.21,Pass,Applied,,,A. Nair,Supervisor-B,Auto-matched and posted,11-10-2025 10:49,12-10-2025 18:49
TXN-00002,POL-10851,Reyansh Mehta,28-10-2025 07:49,29-10-2025 20:49,RTGS,RTGS-325772,USD,200,200,0,Premium Receivable,PR-400100,Policy Ledger,CC-INS-001,Property,HDFC-001,Yes,95.1,37,98.87,Pass,Applied,,,N. Jain,Lead-1 (QA),Auto-matched and posted,28-10-2025 10:49,29-10-2025 22:49
TXN-00003,POL-92397,Saanvi Chopra,27-12-2025 07:49,28-12-2025 09:49,NEFT,NEFT-148050,INR,15000,0,15000,Suspense Account,SA-209900,Suspense Ledger,CC-INS-003,Health,SBI-003,No,81,26,95.33,Fail,Exception,EXC004,Missing remittance,K. Bose,Lead-2 (QA),Exception raised for investigation,27-12-2025 10:49,28-12-2025 11:49
TXN-00004,POL-99593,Aditya Roy,11-01-2026 07:49,12-01-2026 06:49,SWIFT,SWF-864544,INR,30000,30000,0,Excess Premium,EP-400200,Policy Ledger,CC-INS-001,Health,HDFC-001,Yes,96.3,23,99.46,Pass,Applied,,,K. Bose,Supervisor-B,Auto-matched and posted,11-01-2026 09:49,12-01-2026 06:49
TXN-00005,POL-37653,Ira Bose,25-09-2025 07:49,28-09-2025 00:49,CHQ,CHQ-94259,INR,15000,15000,0,Premium Receivable,PR-400100,Policy Ledger,CC-INS-005,Property,SBI-003,Yes,97.5,65,99.1,Pass,Applied,,,A. Nair,Lead-2 (QA),Auto-matched and posted,25-09-2025 10:49,28-09-2025 03:49
TXN-00006,POL-21915,Vivaan Agarwal,10-09-2025 07:49,11-09-2025 05:49,CHQ,CHQ-88172,INR,25000,25000,0,Premium Receivable,PR-400100,Policy Ledger,CC-INS-001,Motor,SBI-003,Yes,96.3,22,99.82,Pass,Applied,,,S. Kapoor,Supervisor-A,Auto-matched and posted,10-09-2025 09:49,11-09-2025 06:49
TXN-00007,POL-69470,Aarav Reddy,08-12-2025 07:49,09-12-2025 07:49,SWIFT,SWF-211579,INR,15000,5089,9911,Premium Receivable,PR-400100,Policy Ledger,CC-INS-001,Motor,AXIS-004,Yes,73.6,24,98.67,Pass,Partially Applied,,,R. Mehta,Lead-1 (QA),Partial allocation; balance in suspense,08-12-2025 09:49,09-12-2025 13:49
TXN-00008,POL-50306,Sai Verma,02-10-2025 07:49,02-10-2025 19:49,NEFT,NEFT-867460,INR,7500,0,7500,Suspense Account,SA-209900,Suspense Ledger,CC-INS-002,Motor,AXIS-004,Yes,58.8,12,96.31,Fail,Exception,EXC005,Policy closed/expired,A. Nair,Lead-2 (QA),Exception raised for investigation,02-10-2025 10:49,02-10-2025 21:49
TXN-00009,POL-62296,Diya Jain,12-12-2025 07:49,14-12-2025 18:49,NEFT,NEFT-359947,INR,20000,20000,0,Premium Receivable,PR-400100,Policy Ledger,CC-INS-001,Health,HDFC-001,Yes,93,59,99.49,Pass,Applied,,,R. Mehta,Supervisor-A,Auto-matched and posted,12-12-2025 08:49,14-12-2025 22:49
TXN-00010,POL-41195,Krishna Bhatia,25-09-2025 07:49,28-09-2025 06:49,RTGS,RTGS-858490,INR,50000,50000,0,Premium Receivable,PR-400100,Policy Ledger,CC-INS-004,Motor,AXIS-004,Yes,95.4,71,98.63,Pass,Applied,,,N. Jain,Supervisor-B,Auto-matched and posted,25-09-2025 10:49,28-09-2025 06:49
TXN-00011,POL-98259,Vihaan Verma,13-11-2025 07:49,15-11-2025 04:49,NEFT,NEFT-360735,INR,40000,40000,0,Premium Receivable,PR-400100,Policy Ledger,CC-INS-004,Life,HDFC-001,Yes,94.5,45,99.79,Pass,Applied,,,R. Mehta,Lead-1 (QA),Auto-matched and posted,13-11-2025 08:49,15-11-2025 05:49
TXN-00012,POL-63269,Myra Bhatia,25-09-2025 07:49,27-09-2025 12:49,NEFT,NEFT-272634,INR,25000,25000,0,Premium Receivable,PR-400100,Policy Ledger,CC-INS-005,Property,ICICI-002,Yes,95.5,53,99.84,Pass,Applied,,,A. Nair,Supervisor-A,Auto-matched and posted,25-09-2025 08:49,27-09-2025 12:49
TXN-00013,POL-85914,Sara Verma,21-10-2025 07:49,21-10-2025 16:49,NEFT,NEFT-712554,INR,40000,40000,0,Excess Premium,EP-400200,Policy Ledger,CC-INS-002,Property,HDFC-001,Yes,94.1,9,99.33,Pass,Applied,,,A. Nair,Lead-1 (QA),Auto-matched and posted,21-10-2025 10:49,21-10-2025 16:49
TXN-00014,POL-64948,Ira Das,13-12-2025 07:49,15-12-2025 01:49,UPI,UPI-314181,INR,20000,20000,0,Premium Receivable,PR-400100,Policy Ledger,CC-INS-001,Life,AXIS-004,Yes,94.8,42,98.94,Pass,Applied,,,S. Kapoor,Lead-1 (QA),Auto-matched and posted,13-12-2025 10:49,15-12-2025 02:49
TXN-00015,POL-76307,Krishna Kumar,30-10-2025 07:49,30-10-2025 17:49,RTGS,RTGS-487477,INR,30000,18845,11155,Premium Receivable,PR-400100,Policy Ledger,CC-INS-003,Life,ICICI-002,No,84.4,10,96.02,Fail,Partially Applied,,,M. Reddy,Lead-1 (QA),Partial allocation; balance in suspense,30-10-2025 08:49,30-10-2025 22:49
TXN-00016,POL-82512,Arjun Reddy,13-10-2025 07:49,14-10-2025 11:49,UPI,UPI-313487,INR,15000,15000,0,Premium Receivable,PR-400100,Policy Ledger,CC-INS-003,Life,HDFC-001,No,79.1,28,98.58,Pass,Applied,,,K. Bose,Lead-2 (QA),Manual verification completed,13-10-2025 10:49,14-10-2025 13:49
TXN-00017,POL-31178,Pari Pillai,29-01-2026 07:49,31-01-2026 15:49,SWIFT,SWF-110139,INR,10000,10000,0,Premium Receivable,PR-400100,Policy Ledger,CC-INS-003,Motor,HDFC-001,Yes,93.9,56,98.68,Pass,Applied,,,K. Bose,Lead-2 (QA),Auto-matched and posted,29-01-2026 10:49,31-01-2026 16:49
TXN-00018,POL-97416,Vihaan Chopra,23-12-2025 07:49,25-12-2025 13:49,SWIFT,SWF-885884,INR,12500,0,12500,Suspense Account,SA-209900,Suspense Ledger,CC-INS-002,Motor,AXIS-004,No,79.3,54,97.08,Fail,Unapplied,EXC001,No policy match,A. Nair,Supervisor-A,Awaiting policy mapping,23-12-2025 08:49,25-12-2025 19:49
TXN-00019,POL-24168,Aadhya Verma,30-11-2025 07:49,01-12-2025 13:49,RTGS,RTGS-956253,INR,20000,20000,0,Premium Receivable,PR-400100,Policy Ledger,CC-INS-003,Motor,HDFC-001,Yes,93.1,30,98.77,Pass,Applied,,,M. Reddy,Supervisor-A,Auto-matched and posted,30-11-2025 10:49,01-12-2025 17:49
TXN-00020,POL-62386,Sara Bose,09-08-2025 07:49,09-08-2025 23:49,UPI,UPI-287241,INR,15000,15000,0,Premium Receivable,PR-400100,Policy Ledger,CC-INS-005,Life,AXIS-004,Yes,97.7,16,99.11,Pass,Applied,,,A. Nair,Supervisor-A,Auto-matched and posted,09-08-2025 08:49,10-08-2025 04:49
TXN-00021,POL-67154,Aarav Nair,17-12-2025 07:49,18-12-2025 10:49,UPI,UPI-552248,INR,20000,20000,0,Premium Receivable,PR-400100,Policy Ledger,CC-INS-004,Motor,AXIS-004,Yes,98.4,27,99.21,Pass,Applied,,,M. Reddy,Lead-2 (QA),Auto-matched and posted,17-12-2025 08:49,18-12-2025 13:49
TXN-00022,POL-97153,Aadhya Singh,06-01-2026 07:49,07-01-2026 23:49,CHQ,CHQ-81819,INR,15000,15000,0,Premium Receivable,PR-400100,Policy Ledger,CC-INS-004,Health,AXIS-004,Yes,96.9,40,99.15,Pass,Applied,,,V. Iyer,Lead-1 (QA),Auto-matched and posted,06-01-2026 09:49,08-01-2026 03:49
TXN-00023,POL-97012,Saanvi Bose,25-08-2025 07:49,26-08-2025 15:49,UPI,UPI-335552,INR,10000,10000,0,Premium Receivable,PR-400100,Policy Ledger,CC-INS-004,Health,AXIS-004,Yes,98.1,32,98.6,Pass,Applied,,,P. Patel,Supervisor-B,Auto-matched and posted,25-08-2025 08:49,26-08-2025 16:49
TXN-00024,POL-95990,Aarav Agarwal,18-11-2025 07:49,19-11-2025 13:49,RTGS,RTGS-943170,USD,300,300,0,Premium Receivable,PR-400100,Policy Ledger,CC-INS-004,Motor,AXIS-004,No,80.5,30,97.73,Fail,Applied,,,N. Jain,Supervisor-B,Manual verification completed,18-11-2025 08:49,19-11-2025 18:49
TXN-00025,POL-72216,Pari Reddy,04-10-2025 07:49,05-10-2025 20:49,SWIFT,SWF-608136,INR,15000,15000,0,Premium Receivable,PR-400100,Policy Ledger,CC-INS-001,Health,ICICI-002,Yes,95,37,99.75,Pass,Applied,,,A. Nair,Supervisor-B,Auto-matched and posted,04-10-2025 10:49,05-10-2025 21:49
TXN-00026,POL-38043,Aditya Mehta,14-11-2025 07:49,16-11-2025 03:49,SWIFT,SWF-588557,INR,12500,9236,3264,Premium Receivable,PR-400100,Policy Ledger,CC-INS-004,Life,SBI-003,No,70.4,44,98.47,Pass,Partially Applied,,,M. Reddy,Supervisor-B,Partial allocation; balance in suspense,14-11-2025 09:49,16-11-2025 07:49
TXN-00027,POL-81582,Saanvi Iyer,04-12-2025 07:49,05-12-2025 13:49,UPI,UPI-557007,INR,25000,25000,0,Premium Receivable,PR-400100,Policy Ledger,CC-INS-002,Life,AXIS-004,Yes,94,30,99.15,Pass,Applied,,,R. Mehta,Lead-1 (QA),Auto-matched and posted,04-12-2025 10:49,05-12-2025 16:49
TXN-00028,POL-27786,Pari Singh,14-08-2025 07:49,15-08-2025 18:49,CHQ,CHQ-52906,INR,20000,20000,0,Excess Premium,EP-400200,Policy Ledger,CC-INS-001,Property,HDFC-001,Yes,98.7,35,99.09,Pass,Applied,,,R. Mehta,Supervisor-A,Auto-matched and posted,14-08-2025 08:49,15-08-2025 23:49
TXN-00029,POL-18993,Vivaan Sharma,04-10-2025 07:49,05-10-2025 10:49,NEFT,NEFT-751517,INR,10000,10000,0,Premium Receivable,PR-400100,Policy Ledger,CC-INS-003,Health,HDFC-001,No,87.8,27,97.94,Fail,Applied,,,V. Iyer,Supervisor-A,Manual verification completed,04-10-2025 08:49,05-10-2025 14:49
TXN-00030,POL-13365,Ishaan Das,22-01-2026 07:49,24-01-2026 09:49,CHQ,CHQ-35995,INR,12500,12500,0,Premium Receivable,PR-400100,Policy Ledger,CC-INS-005,Life,SBI-003,Yes,96.6,50,98.67,Pass,Applied,,,N. Jain,Supervisor-A,Auto-matched and posted,22-01-2026 08:49,24-01-2026 13:49
TXN-00031,POL-94874,Ananya Sharma,17-11-2025 07:49,19-11-2025 23:49,NEFT,NEFT-554582,USD,400,0,400,Suspense Account,SA-209900,Suspense Ledger,CC-INS-003,Property,AXIS-004,Yes,59.6,64,94.62,Fail,Unapplied,EXC005,Policy closed/expired,N. Jain,Supervisor-A,Awaiting policy mapping,17-11-2025 09:49,20-11-2025 05:49
TXN-00032,POL-42177,Aditya Reddy,25-11-2025 07:49,26-11-2025 16:49,CHQ,CHQ-84691,INR,25000,25000,0,Premium Receivable,PR-400100,Policy Ledger,CC-INS-003,Motor,SBI-003,Yes,95.9,33,99,Pass,Applied,,,M. Reddy,Lead-1 (QA),Auto-matched and posted,25-11-2025 10:49,26-11-2025 17:49
TXN-00033,POL-21221,Sai Mehta,05-12-2025 07:49,06-12-2025 15:49,CHQ,CHQ-94659,INR,30000,10654,19346,Premium Receivable,PR-400100,Policy Ledger,CC-INS-005,Motor,AXIS-004,No,76.7,32,97.63,Fail,Partially Applied,,,K. Bose,Supervisor-A,Partial allocation; balance in suspense,05-12-2025 10:49,06-12-2025 18:49
TXN-00034,POL-45509,Ishaan Reddy,30-09-2025 07:49,01-10-2025 00:49,RTGS,RTGS-430876,INR,40000,0,40000,Suspense Account,SA-209900,Suspense Ledger,CC-INS-005,Motor,HDFC-001,No,60.7,17,96.59,Fail,Exception,EXC003,Overpayment,A. Nair,Supervisor-A,Exception raised for investigation,30-09-2025 08:49,01-10-2025 02:49
TXN-00035,POL-33519,Ishaan Sharma,16-12-2025 07:49,17-12-2025 01:49,UPI,UPI-147726,USD,300,300,0,Excess Premium,EP-400200,Policy Ledger,CC-INS-001,Motor,AXIS-004,Yes,97.5,18,98.64,Pass,Applied,,,P. Patel,Supervisor-B,Auto-matched and posted,16-12-2025 09:49,17-12-2025 02:49
TXN-00036,POL-16734,Krishna Bhatia,31-08-2025 07:49,31-08-2025 17:49,CHQ,CHQ-74454,INR,5000,5000,0,Premium Receivable,PR-400100,Policy Ledger,CC-INS-005,Property,ICICI-002,No,79.8,10,97.92,Fail,Applied,,,N. Jain,Supervisor-B,Manual verification completed,31-08-2025 09:49,31-08-2025 19:49
TXN-00037,POL-87139,Anika Mukherjee,25-12-2025 07:49,25-12-2025 16:49,SWIFT,SWF-876039,INR,12500,12500,0,Premium Receivable,PR-400100,Policy Ledger,CC-INS-002,Life,AXIS-004,Yes,94.4,9,99.27,Pass,Applied,,,P. Patel,Supervisor-B,Auto-matched and posted,25-12-2025 09:49,25-12-2025 16:49
TXN-00038,POL-40340,Ishaan Mukherjee,28-01-2026 07:49,30-01-2026 19:49,NEFT,NEFT-820775,INR,15000,9942,5058,Premium Receivable,PR-400100,Policy Ledger,CC-INS-003,Health,HDFC-001,No,79.4,60,97.52,Fail,Partially Applied,,,R. Mehta,Lead-2 (QA),Partial allocation; balance in suspense,28-01-2026 09:49,30-01-2026 23:49
TXN-00039,POL-84607,Ishaan Jain,02-09-2025 07:49,04-09-2025 20:49,UPI,UPI-833723,INR,15000,15000,0,Premium Receivable,PR-400100,Policy Ledger,CC-INS-003,Motor,HDFC-001,Yes,93.2,61,99.1,Pass,Applied,,,S. Kapoor,Lead-2 (QA),Auto-matched and posted,02-09-2025 10:49,05-09-2025 02:49
TXN-00040,POL-85392,Ira Sharma,21-01-2026 07:49,22-01-2026 19:49,SWIFT,SWF-142185,INR,10000,10000,0,Premium Receivable,PR-400100,Policy Ledger,CC-INS-004,Life,AXIS-004,No,81.8,36,98.5,Pass,Applied,,,K. Bose,Supervisor-B,Manual verification completed,21-01-2026 09:49,22-01-2026 21:49
TXN-00041,POL-97835,Vihaan Singh,25-10-2025 07:49,27-10-2025 13:49,CHQ,CHQ-47777,INR,25000,12959,12041,Premium Receivable,PR-400100,Policy Ledger,CC-INS-005,Life,AXIS-004,Yes,77.1,54,98.72,Pass,Partially Applied,,,N. Jain,Lead-1 (QA),Partial allocation; balance in suspense,25-10-2025 08:49,27-10-2025 17:49
TXN-00042,POL-57419,Saanvi Bhatia,09-01-2026 07:49,11-01-2026 17:49,NEFT,NEFT-313446,INR,10000,0,10000,Suspense Account,SA-209900,Suspense Ledger,CC-INS-002,Health,SBI-003,Yes,75.9,58,94.42,Fail,Unapplied,EXC005,Policy closed/expired,R. Mehta,Supervisor-B,Awaiting policy mapping,09-01-2026 08:49,11-01-2026 18:49
TXN-00043,POL-24871,Pari Agarwal,14-01-2026 07:49,15-01-2026 04:49,CHQ,CHQ-48254,INR,15000,15000,0,Premium Receivable,PR-400100,Policy Ledger,CC-INS-002,Health,HDFC-001,Yes,95.7,21,98.7,Pass,Applied,,,M. Reddy,Supervisor-B,Auto-matched and posted,14-01-2026 09:49,15-01-2026 10:49
TXN-00044,POL-76550,Krishna Sharma,13-10-2025 07:49,14-10-2025 23:49,SWIFT,SWF-708093,USD,250,0,250,Suspense Account,SA-209900,Suspense Ledger,CC-INS-004,Property,SBI-003,Yes,69.5,40,95.16,Fail,Unapplied,EXC005,Policy closed/expired,A. Nair,Lead-2 (QA),Awaiting policy mapping,13-10-2025 10:49,15-10-2025 02:49
TXN-00045,POL-40613,Anika Verma,22-10-2025 07:49,24-10-2025 21:49,CHQ,CHQ-60604,USD,500,273,227,Excess Premium,EP-400200,Policy Ledger,CC-INS-004,Life,AXIS-004,Yes,81.1,62,97.65,Fail,Partially Applied,,,R. Mehta,Lead-2 (QA),Partial allocation; balance in suspense,22-10-2025 09:49,25-10-2025 03:49
TXN-00046,POL-95823,Arjun Gupta,30-11-2025 07:49,01-12-2025 18:49,UPI,UPI-753534,INR,7500,0,7500,Suspense Account,SA-209900,Suspense Ledger,CC-INS-004,Life,HDFC-001,No,80.8,35,95.33,Fail,Unapplied,EXC003,Overpayment,A. Nair,Supervisor-A,Awaiting policy mapping,30-11-2025 08:49,01-12-2025 23:49
TXN-00047,POL-21846,Anika Agarwal,11-01-2026 07:49,11-01-2026 21:49,CHQ,CHQ-31805,INR,5000,5000,0,Premium Receivable,PR-400100,Policy Ledger,CC-INS-005,Property,ICICI-002,Yes,95.2,14,98.7,Pass,Applied,,,V. Iyer,Lead-2 (QA),Auto-matched and posted,11-01-2026 08:49,12-01-2026 01:49
TXN-00048,POL-60140,Saanvi Iyer,07-12-2025 07:49,08-12-2025 03:49,RTGS,RTGS-583550,INR,30000,30000,0,Premium Receivable,PR-400100,Policy Ledger,CC-INS-002,Life,AXIS-004,Yes,98.4,20,99.45,Pass,Applied,,,K. Bose,Supervisor-A,Auto-matched and posted,07-12-2025 10:49,08-12-2025 06:49
TXN-00049,POL-42780,Pari Mukherjee,21-09-2025 07:49,23-09-2025 10:49,CHQ,CHQ-23979,INR,50000,50000,0,Premium Receivable,PR-400100,Policy Ledger,CC-INS-004,Motor,HDFC-001,Yes,93.1,51,99.66,Pass,Applied,,,R. Mehta,Supervisor-B,Auto-matched and posted,21-09-2025 09:49,23-09-2025 16:49
TXN-00050,POL-40162,Saanvi Chopra,27-09-2025 07:49,28-09-2025 09:49,SWIFT,SWF-362801,INR,10000,10000,0,Excess Premium,EP-400200,Policy Ledger,CC-INS-005,Motor,ICICI-002,Yes,94.9,26,99.12,Pass,Applied,,,S. Kapoor,Supervisor-A,Auto-matched and posted,27-09-2025 09:49,28-09-2025 14:49
TXN-00051,POL-64460,Reyansh Yadav,04-09-2025 07:49,07-09-2025 06:49,UPI,UPI-656639,INR,15000,11659,3341,Premium Receivable,PR-400100,Policy Ledger,CC-INS-004,Life,ICICI-002,Yes,87.7,71,98.09,Pass,Partially Applied,EXC001,No policy match,A. Nair,Supervisor-B,Partial allocation; balance in suspense,04-09-2025 10:49,07-09-2025 08:49
TXN-00052,POL-21836,Aadhya Sharma,08-10-2025 07:49,11-10-2025 05:49,NEFT,NEFT-576877,INR,15000,15000,0,Premium Receivable,PR-400100,Policy Ledger,CC-INS-001,Motor,ICICI-002,No,80.3,70,97.9,Fail,Applied,,,S. Kapoor,Supervisor-B,Manual verification completed,08-10-2025 10:49,11-10-2025 07:49
TXN-00053,POL-95097,Anika Agarwal,06-09-2025 07:49,06-09-2025 14:49,NEFT,NEFT-419149,USD,100,100,0,Excess Premium,EP-400200,Policy Ledger,CC-INS-005,Property,ICICI-002,Yes,95.7,7,99.44,Pass,Applied,,,N. Jain,Lead-1 (QA),Auto-matched and posted,06-09-2025 09:49,06-09-2025 18:49
TXN-00054,POL-63492,Krishna Verma,25-01-2026 07:49,27-01-2026 08:49,RTGS,RTGS-564920,INR,12500,0,12500,Suspense Account,SA-209900,Suspense Ledger,CC-INS-001,Property,SBI-003,Yes,75.6,49,95.91,Fail,Unapplied,EXC003,Overpayment,A. Nair,Lead-1 (QA),Awaiting policy mapping,25-01-2026 09:49,27-01-2026 08:49
TXN-00055,POL-96870,Muhammad Roy,07-08-2025 07:49,07-08-2025 15:49,UPI,UPI-355400,USD,500,500,0,Premium Receivable,PR-400100,Policy Ledger,CC-INS-002,Motor,ICICI-002,Yes,94.2,8,98.8,Pass,Applied,,,R. Mehta,Supervisor-A,Auto-matched and posted,07-08-2025 08:49,07-08-2025 16:49
TXN-00056,POL-80807,Krishna Singh,30-08-2025 07:49,30-08-2025 12:49,RTGS,RTGS-115582,INR,12500,12500,0,Premium Receivable,PR-400100,Policy Ledger,CC-INS-001,Life,AXIS-004,Yes,93.8,5,99.09,Pass,Applied,,,P. Patel,Supervisor-A,Auto-matched and posted,30-08-2025 10:49,30-08-2025 16:49
TXN-00057,POL-24293,Pari Nair,27-09-2025 07:49,27-09-2025 14:49,SWIFT,SWF-416282,INR,5000,5000,0,Premium Receivable,PR-400100,Policy Ledger,CC-INS-004,Life,HDFC-001,Yes,97.1,7,99.19,Pass,Applied,,,K. Bose,Lead-2 (QA),Auto-matched and posted,27-09-2025 08:49,27-09-2025 15:49
TXN-00058,POL-46046,Saanvi Das,20-12-2025 07:49,22-12-2025 02:49,CHQ,CHQ-88301,INR,30000,30000,0,Premium Receivable,PR-400100,Policy Ledger,CC-INS-005,Health,AXIS-004,Yes,93.7,43,99.42,Pass,Applied,,,P. Patel,Lead-2 (QA),Auto-matched and posted,20-12-2025 09:49,22-12-2025 04:49
TXN-00059,POL-69441,Aadhya Mehta,26-08-2025 07:49,28-08-2025 01:49,CHQ,CHQ-50963,INR,20000,0,20000,Suspense Account,SA-209900,Suspense Ledger,CC-INS-001,Property,HDFC-001,No,69.2,42,94.32,Fail,Exception,EXC001,No policy match,K. Bose,Lead-2 (QA),Exception raised for investigation,26-08-2025 10:49,28-08-2025 01:49
TXN-00060,POL-86869,Sara Pillai,25-10-2025 07:49,26-10-2025 00:49,CHQ,CHQ-56346,INR,25000,0,25000,Suspense Account,SA-209900,Suspense Ledger,CC-INS-001,Health,ICICI-002,No,84.1,17,96.1,Fail,Unapplied,EXC003,Overpayment,P. Patel,Lead-2 (QA),Awaiting policy mapping,25-10-2025 08:49,26-10-2025 02:49
TXN-00061,POL-82910,Diya Agarwal,12-10-2025 07:49,13-10-2025 13:49,CHQ,CHQ-83526,USD,500,500,0,Premium Receivable,PR-400100,Policy Ledger,CC-INS-003,Life,ICICI-002,Yes,96.7,30,99.42,Pass,Applied,,,M. Reddy,Supervisor-A,Auto-matched and posted,12-10-2025 09:49,13-10-2025 15:49
TXN-00062,POL-10800,Reyansh Kumar,24-12-2025 07:49,26-12-2025 12:49,NEFT,NEFT-248766,INR,5000,5000,0,Premium Receivable,PR-400100,Policy Ledger,CC-INS-003,Motor,HDFC-001,Yes,95.7,53,98.72,Pass,Applied,,,R. Mehta,Lead-2 (QA),Auto-matched and posted,24-12-2025 08:49,26-12-2025 18:49
TXN-00063,POL-90981,Vivaan Gupta,10-10-2025 07:49,12-10-2025 17:49,CHQ,CHQ-73656,INR,25000,25000,0,Premium Receivable,PR-400100,Policy Ledger,CC-INS-005,Property,SBI-003,Yes,95.6,58,98.9,Pass,Applied,,,R. Mehta,Lead-2 (QA),Auto-matched and posted,10-10-2025 09:49,12-10-2025 21:49
TXN-00064,POL-17180,Aarav Yadav,18-10-2025 07:49,19-10-2025 12:49,RTGS,RTGS-901280,INR,20000,20000,0,Premium Receivable,PR-400100,Policy Ledger,CC-INS-002,Motor,HDFC-001,Yes,93.8,29,99.25,Pass,Applied,,,N. Jain,Lead-1 (QA),Auto-matched and posted,18-10-2025 09:49,19-10-2025 12:49
TXN-00065,POL-70260,Aditya Bose,27-12-2025 07:49,29-12-2025 15:49,SWIFT,SWF-524068,INR,25000,25000,0,Premium Receivable,PR-400100,Policy Ledger,CC-INS-004,Motor,HDFC-001,No,81.6,56,99.11,Pass,Applied,,,N. Jain,Lead-1 (QA),Manual verification completed,27-12-2025 08:49,29-12-2025 18:49
TXN-00066,POL-87184,Aadhya Nair,22-08-2025 07:49,24-08-2025 11:49,UPI,UPI-882033,INR,20000,12865,7135,Premium Receivable,PR-400100,Policy Ledger,CC-INS-002,Life,ICICI-002,Yes,74.3,52,98.17,Pass,Partially Applied,EXC002,Short payment,M. Reddy,Lead-2 (QA),Partial allocation; balance in suspense,22-08-2025 08:49,24-08-2025 15:49
TXN-00067,POL-30036,Aditya Singh,09-01-2026 07:49,12-01-2026 00:49,CHQ,CHQ-83889,INR,30000,30000,0,Excess Premium,EP-400200,Policy Ledger,CC-INS-003,Health,AXIS-004,Yes,98.9,65,98.95,Pass,Applied,,,S. Kapoor,Supervisor-B,Auto-matched and posted,09-01-2026 09:49,12-01-2026 05:49
TXN-00068,POL-49691,Krishna Das,16-08-2025 07:49,18-08-2025 06:49,SWIFT,SWF-177794,INR,30000,30000,0,Premium Receivable,PR-400100,Policy Ledger,CC-INS-001,Property,AXIS-004,Yes,96.9,47,99.87,Pass,Applied,,,R. Mehta,Supervisor-B,Auto-matched and posted,16-08-2025 10:49,18-08-2025 11:49
TXN-00069,POL-34672,Ananya Roy,01-12-2025 07:49,04-12-2025 01:49,RTGS,RTGS-164879,INR,20000,0,20000,Suspense Account,SA-209900,Suspense Ledger,CC-INS-004,Health,SBI-003,Yes,74.4,66,94.14,Fail,Exception,EXC004,Missing remittance,K. Bose,Supervisor-A,Exception raised for investigation,01-12-2025 09:49,04-12-2025 04:49
TXN-00070,POL-54350,Saanvi Verma,10-01-2026 07:49,12-01-2026 03:49,NEFT,NEFT-445705,INR,25000,25000,0,Premium Receivable,PR-400100,Policy Ledger,CC-INS-003,Life,ICICI-002,Yes,98.4,44,99.72,Pass,Applied,,,K. Bose,Supervisor-A,Auto-matched and posted,10-01-2026 10:49,12-01-2026 08:49
TXN-00071,POL-96787,Aadhya Kumar,01-01-2026 07:49,01-01-2026 19:49,UPI,UPI-686072,INR,20000,15605,4395,Premium Receivable,PR-400100,Policy Ledger,CC-INS-004,Motor,HDFC-001,No,85.1,12,97.47,Fail,Partially Applied,,,K. Bose,Supervisor-A,Partial allocation; balance in suspense,01-01-2026 08:49,01-01-2026 20:49
TXN-00072,POL-54791,Myra Yadav,28-09-2025 07:49,29-09-2025 02:49,RTGS,RTGS-180913,INR,7500,7500,0,Premium Receivable,PR-400100,Policy Ledger,CC-INS-005,Health,AXIS-004,Yes,96.2,19,99.43,Pass,Applied,,,V. Iyer,Lead-2 (QA),Auto-matched and posted,28-09-2025 08:49,29-09-2025 08:49
TXN-00073,POL-91885,Reyansh Jain,13-08-2025 07:49,15-08-2025 13:49,UPI,UPI-809217,INR,30000,30000,0,Premium Receivable,PR-400100,Policy Ledger,CC-INS-004,Health,SBI-003,Yes,94.4,54,98.83,Pass,Applied,,,P. Patel,Supervisor-B,Auto-matched and posted,13-08-2025 09:49,15-08-2025 19:49
TXN-00074,POL-60052,Aarohi Nair,17-11-2025 07:49,18-11-2025 05:49,RTGS,RTGS-940181,INR,15000,15000,0,Premium Receivable,PR-400100,Policy Ledger,CC-INS-005,Life,SBI-003,Yes,98.6,22,99.5,Pass,Applied,,,S. Kapoor,Lead-2 (QA),Auto-matched and posted,17-11-2025 09:49,18-11-2025 08:49
TXN-00075,POL-77286,Arjun Mehta,25-08-2025 07:49,26-08-2025 13:49,CHQ,CHQ-55820,INR,25000,25000,0,Premium Receivable,PR-400100,Policy Ledger,CC-INS-001,Motor,HDFC-001,Yes,99,30,99.02,Pass,Applied,,,K. Bose,Lead-2 (QA),Auto-matched and posted,25-08-2025 08:49,26-08-2025 13:49
TXN-00076,POL-47601,Myra Kumar,29-01-2026 07:49,31-01-2026 21:49,CHQ,CHQ-90654,INR,7500,7500,0,Premium Receivable,PR-400100,Policy Ledger,CC-INS-004,Life,SBI-003,Yes,98.6,62,99.35,Pass,Applied,,,A. Nair,Supervisor-A,Auto-matched and posted,29-01-2026 08:49,31-01-2026 21:49
TXN-00077,POL-41252,Anika Roy,27-11-2025 07:49,27-11-2025 17:49,NEFT,NEFT-977330,INR,50000,50000,0,Premium Receivable,PR-400100,Policy Ledger,CC-INS-001,Motor,ICICI-002,Yes,97.3,10,98.91,Pass,Applied,,,N. Jain,Lead-2 (QA),Auto-matched and posted,27-11-2025 10:49,27-11-2025 22:49
TXN-00078,POL-21221,Aarohi Chopra,19-08-2025 07:49,22-08-2025 04:49,SWIFT,SWF-631971,INR,40000,40000,0,Premium Receivable,PR-400100,Policy Ledger,CC-INS-003,Life,SBI-003,Yes,96.8,69,99.87,Pass,Applied,,,S. Kapoor,Supervisor-A,Auto-matched and posted,19-08-2025 08:49,22-08-2025 09:49
TXN-00079,POL-96127,Vihaan Das,26-10-2025 07:49,27-10-2025 02:49,NEFT,NEFT-469412,INR,10000,8866,1134,Premium Receivable,PR-400100,Policy Ledger,CC-INS-004,Life,SBI-003,Yes,74,19,96.38,Fail,Partially Applied,,,A. Nair,Lead-1 (QA),Partial allocation; balance in suspense,26-10-2025 08:49,27-10-2025 02:49
TXN-00080,POL-51365,Ishaan Nair,11-11-2025 07:49,14-11-2025 06:49,CHQ,CHQ-43202,INR,12500,12500,0,Excess Premium,EP-400200,Policy Ledger,CC-INS-003,Property,AXIS-004,Yes,96.9,71,98.88,Pass,Applied,,,P. Patel,Supervisor-B,Auto-matched and posted,11-11-2025 09:49,14-11-2025 07:49
TXN-00081,POL-75038,Myra Chopra,12-12-2025 07:49,13-12-2025 19:49,NEFT,NEFT-862400,INR,25000,25000,0,Premium Receivable,PR-400100,Policy Ledger,CC-INS-003,Motor,AXIS-004,Yes,94.9,36,98.61,Pass,Applied,,,N. Jain,Lead-2 (QA),Auto-matched and posted,12-12-2025 10:49,13-12-2025 22:49
TXN-00082,POL-56077,Pari Verma,31-10-2025 07:49,02-11-2025 16:49,UPI,UPI-770532,USD,100,100,0,Premium Receivable,PR-400100,Policy Ledger,CC-INS-001,Health,AXIS-004,Yes,97.8,57,99.45,Pass,Applied,,,R. Mehta,Lead-2 (QA),Auto-matched and posted,31-10-2025 08:49,02-11-2025 17:49
TXN-00083,POL-94562,Diya Chopra,08-11-2025 07:49,08-11-2025 13:49,SWIFT,SWF-260891,INR,20000,20000,0,Premium Receivable,PR-400100,Policy Ledger,CC-INS-003,Health,HDFC-001,Yes,96.2,6,99.06,Pass,Applied,,,R. Mehta,Lead-2 (QA),Auto-matched and posted,08-11-2025 09:49,08-11-2025 17:49
TXN-00084,POL-60723,Sara Agarwal,08-10-2025 07:49,09-10-2025 18:49,CHQ,CHQ-38124,USD,200,200,0,Excess Premium,EP-400200,Policy Ledger,CC-INS-002,Property,HDFC-001,Yes,93.8,35,98.6,Pass,Applied,,,K. Bose,Supervisor-A,Auto-matched and posted,08-10-2025 10:49,09-10-2025 18:49
TXN-00085,POL-82089,Sara Mukherjee,17-10-2025 07:49,18-10-2025 05:49,RTGS,RTGS-932250,INR,12500,12500,0,Premium Receivable,PR-400100,Policy Ledger,CC-INS-005,Motor,AXIS-004,Yes,97.7,22,98.54,Pass,Applied,,,V. Iyer,Lead-1 (QA),Auto-matched and posted,17-10-2025 08:49,18-10-2025 07:49
TXN-00086,POL-62187,Myra Nair,15-11-2025 07:49,17-11-2025 13:49,SWIFT,SWF-177333,INR,20000,20000,0,Premium Receivable,PR-400100,Policy Ledger,CC-INS-005,Health,ICICI-002,Yes,95.1,54,99.73,Pass,Applied,,,N. Jain,Lead-1 (QA),Auto-matched and posted,15-11-2025 08:49,17-11-2025 17:49
TXN-00087,POL-30056,Ishaan Singh,12-09-2025 07:49,14-09-2025 02:49,RTGS,RTGS-462831,INR,40000,0,40000,Suspense Account,SA-209900,Suspense Ledger,CC-INS-003,Health,SBI-003,No,62.5,43,96.22,Fail,Unapplied,EXC005,Policy closed/expired,S. Kapoor,Lead-2 (QA),Awaiting policy mapping,12-09-2025 10:49,14-09-2025 06:49
TXN-00088,POL-30210,Reyansh Roy,03-01-2026 07:49,05-01-2026 04:49,SWIFT,SWF-143195,INR,5000,5000,0,Excess Premium,EP-400200,Policy Ledger,CC-INS-005,Property,HDFC-001,Yes,94.6,45,98.8,Pass,Applied,,,P. Patel,Supervisor-A,Auto-matched and posted,03-01-2026 10:49,05-01-2026 06:49
TXN-00089,POL-73300,Sai Patel,17-10-2025 07:49,19-10-2025 19:49,NEFT,NEFT-822063,INR,30000,30000,0,Premium Receivable,PR-400100,Policy Ledger,CC-INS-003,Motor,AXIS-004,Yes,93.9,60,99.71,Pass,Applied,,,V. Iyer,Supervisor-A,Auto-matched and posted,17-10-2025 10:49,19-10-2025 23:49
TXN-00090,POL-23917,Ananya Iyer,29-11-2025 07:49,30-11-2025 00:49,UPI,UPI-571435,INR,7500,7500,0,Excess Premium,EP-400200,Policy Ledger,CC-INS-002,Motor,SBI-003,Yes,95.5,17,99.85,Pass,Applied,,,A. Nair,Lead-2 (QA),Auto-matched and posted,29-11-2025 09:49,30-11-2025 04:49
TXN-00091,POL-71186,Myra Mukherjee,07-12-2025 07:49,07-12-2025 11:49,NEFT,NEFT-512344,INR,12500,12500,0,Premium Receivable,PR-400100,Policy Ledger,CC-INS-004,Motor,HDFC-001,Yes,96,4,99.74,Pass,Applied,,,S. Kapoor,Supervisor-B,Auto-matched and posted,07-12-2025 08:49,07-12-2025 13:49
TXN-00092,POL-57943,Aadhya Chopra,13-08-2025 07:49,15-08-2025 12:49,NEFT,NEFT-697983,INR,20000,20000,0,Premium Receivable,PR-400100,Policy Ledger,CC-INS-005,Life,ICICI-002,Yes,97.6,53,98.89,Pass,Applied,,,S. Kapoor,Supervisor-B,Auto-matched and posted,13-08-2025 09:49,15-08-2025 18:49
TXN-00093,POL-54444,Sara Chopra,07-09-2025 07:49,08-09-2025 10:49,SWIFT,SWF-633853,INR,5000,5000,0,Premium Receivable,PR-400100,Policy Ledger,CC-INS-005,Health,SBI-003,Yes,95.8,27,99.14,Pass,Applied,,,K. Bose,Lead-2 (QA),Auto-matched and posted,07-09-2025 09:49,08-09-2025 14:49
TXN-00094,POL-49221,Ira Bose,09-12-2025 07:49,12-12-2025 02:49,SWIFT,SWF-613641,INR,15000,15000,0,Premium Receivable,PR-400100,Policy Ledger,CC-INS-003,Life,AXIS-004,Yes,93.7,67,99.08,Pass,Applied,,,M. Reddy,Lead-2 (QA),Auto-matched and posted,09-12-2025 10:49,12-12-2025 02:49
TXN-00095,POL-86483,Myra Singh,14-12-2025 07:49,16-12-2025 09:49,RTGS,RTGS-961574,INR,5000,5000,0,Premium Receivable,PR-400100,Policy Ledger,CC-INS-004,Health,AXIS-004,Yes,95.6,50,99.09,Pass,Applied,,,P. Patel,Lead-1 (QA),Auto-matched and posted,14-12-2025 10:49,16-12-2025 10:49
TXN-00096,POL-77984,Muhammad Pillai,24-10-2025 07:49,26-10-2025 22:49,SWIFT,SWF-495129,INR,10000,10000,0,Premium Receivable,PR-400100,Policy Ledger,CC-INS-003,Property,ICICI-002,Yes,97.1,63,99.71,Pass,Applied,,,A. Nair,Supervisor-A,Auto-matched and posted,24-10-2025 10:49,27-10-2025 00:49
TXN-00097,POL-39473,Ishaan Mukherjee,29-01-2026 07:49,30-01-2026 11:49,CHQ,CHQ-51555,INR,40000,0,40000,Suspense Account,SA-209900,Suspense Ledger,CC-INS-004,Property,SBI-003,No,63.2,28,94.43,Fail,Unapplied,EXC005,Policy closed/expired,V. Iyer,Supervisor-A,Awaiting policy mapping,29-01-2026 08:49,30-01-2026 13:49
TXN-00098,POL-20358,Diya Jain,16-01-2026 07:49,17-01-2026 17:49,CHQ,CHQ-38047,INR,40000,40000,0,Premium Receivable,PR-400100,Policy Ledger,CC-INS-002,Health,HDFC-001,Yes,93.7,34,99.54,Pass,Applied,,,A. Nair,Lead-2 (QA),Auto-matched and posted,16-01-2026 08:49,17-01-2026 17:49
TXN-00099,POL-64172,Ananya Bhatia,27-08-2025 07:49,28-08-2025 02:49,NEFT,NEFT-677086,USD,150,150,0,Excess Premium,EP-400200,Policy Ledger,CC-INS-003,Motor,SBI-003,Yes,95.9,19,98.78,Pass,Applied,,,R. Mehta,Lead-1 (QA),Auto-matched and posted,27-08-2025 10:49,28-08-2025 06:49
TXN-00100,POL-40437,Sara Verma,15-09-2025 07:49,17-09-2025 14:49,RTGS,RTGS-138105,USD,250,181,69,Premium Receivable,PR-400100,Policy Ledger,CC-INS-001,Motor,SBI-003,No,76.4,55,96.1,Fail,Partially Applied,EXC005,Policy closed/expired,P. Patel,Supervisor-B,Partial allocation; balance in suspense,15-09-2025 08:49,17-09-2025 20:49
TXN-00101,POL-76088,Pari Reddy,20-09-2025 07:49,20-09-2025 23:49,UPI,UPI-270387,INR,15000,6540,8460,Premium Receivable,PR-400100,Policy Ledger,CC-INS-004,Property,SBI-003,Yes,84.8,16,96.54,Fail,Partially Applied,,,S. Kapoor,Supervisor-B,Partial allocation; balance in suspense,20-09-2025 10:49,20-09-2025 23:49
TXN-00102,POL-34219,Arjun Bhatia,23-10-2025 07:49,24-10-2025 16:49,NEFT,NEFT-373453,INR,30000,12341,17659,Excess Premium,EP-400200,Policy Ledger,CC-INS-001,Life,AXIS-004,No,70.3,33,97.83,Fail,Partially Applied,,,M. Reddy,Lead-2 (QA),Partial allocation; balance in suspense,23-10-2025 09:49,24-10-2025 21:49
TXN-00103,POL-75866,Ishaan Agarwal,12-01-2026 07:49,13-01-2026 22:49,UPI,UPI-744481,INR,10000,10000,0,Premium Receivable,PR-400100,Policy Ledger,CC-INS-004,Health,ICICI-002,No,85.8,39,98.69,Pass,Applied,,,S. Kapoor,Supervisor-B,Manual verification completed,12-01-2026 10:49,14-01-2026 03:49
TXN-00104,POL-57419,Aditya Das,30-08-2025 07:49,30-08-2025 16:49,SWIFT,SWF-630041,INR,40000,40000,0,Premium Receivable,PR-400100,Policy Ledger,CC-INS-005,Property,HDFC-001,Yes,93.7,9,98.79,Pass,Applied,,,P. Patel,Lead-1 (QA),Auto-matched and posted,30-08-2025 09:49,30-08-2025 17:49
TXN-00105,POL-77272,Anika Jain,24-12-2025 07:49,24-12-2025 16:49,SWIFT,SWF-584838,INR,15000,11573,3427,Premium Receivable,PR-400100,Policy Ledger,CC-INS-005,Life,HDFC-001,No,82.7,9,96.13,Fail,Partially Applied,EXC001,No policy match,P. Patel,Lead-1 (QA),Partial allocation; balance in suspense,24-12-2025 09:49,24-12-2025 19:49
TXN-00106,POL-33590,Arjun Mehta,05-11-2025 07:49,07-11-2025 09:49,CHQ,CHQ-59479,INR,40000,40000,0,Excess Premium,EP-400200,Policy Ledger,CC-INS-002,Health,HDFC-001,Yes,99,50,99.05,Pass,Applied,,,R. Mehta,Supervisor-A,Auto-matched and posted,05-11-2025 09:49,07-11-2025 14:49
TXN-00107,POL-81361,Anika Pillai,07-11-2025 07:49,08-11-2025 14:49,RTGS,RTGS-583000,INR,15000,15000,0,Excess Premium,EP-400200,Policy Ledger,CC-INS-005,Life,ICICI-002,Yes,93.2,31,99.42,Pass,Applied,,,A. Nair,Lead-1 (QA),Auto-matched and posted,07-11-2025 08:49,08-11-2025 18:49
TXN-00108,POL-14400,Pari Roy,21-01-2026 07:49,21-01-2026 15:49,RTGS,RTGS-876513,INR,30000,30000,0,Premium Receivable,PR-400100,Policy Ledger,CC-INS-003,Health,SBI-003,Yes,93.3,8,99.21,Pass,Applied,,,K. Bose,Lead-2 (QA),Auto-matched and posted,21-01-2026 09:49,21-01-2026 16:49
TXN-00109,POL-96535,Aarohi Iyer,15-11-2025 07:49,16-11-2025 23:49,UPI,UPI-163918,INR,50000,0,50000,Suspense Account,SA-209900,Suspense Ledger,CC-INS-001,Motor,AXIS-004,No,73.8,40,95.5,Fail,Unapplied,EXC004,Missing remittance,K. Bose,Supervisor-B,Awaiting policy mapping,15-11-2025 09:49,17-11-2025 00:49
TXN-00110,POL-49306,Aadhya Singh,17-12-2025 07:49,19-12-2025 21:49,RTGS,RTGS-990598,INR,10000,5937,4063,Excess Premium,EP-400200,Policy Ledger,CC-INS-003,Life,AXIS-004,No,82.3,62,96.38,Fail,Partially Applied,EXC002,Short payment,K. Bose,Lead-1 (QA),Partial allocation; balance in suspense,17-12-2025 10:49,20-12-2025 02:49
TXN-00111,POL-34966,Vivaan Reddy,06-11-2025 07:49,06-11-2025 14:49,NEFT,NEFT-297303,INR,50000,26779,23221,Premium Receivable,PR-400100,Policy Ledger,CC-INS-001,Property,ICICI-002,No,77.3,7,98.68,Pass,Partially Applied,EXC002,Short payment,A. Nair,Supervisor-B,Partial allocation; balance in suspense,06-11-2025 08:49,06-11-2025 18:49
TXN-00112,POL-52154,Ishaan Patel,29-11-2025 07:49,02-12-2025 05:49,UPI,UPI-423404,INR,40000,0,40000,Suspense Account,SA-209900,Suspense Ledger,CC-INS-002,Motor,SBI-003,Yes,79.1,70,96.53,Fail,Unapplied,EXC003,Overpayment,N. Jain,Lead-1 (QA),Awaiting policy mapping,29-11-2025 10:49,02-12-2025 11:49
TXN-00113,POL-39002,Arjun Sharma,07-10-2025 07:49,10-10-2025 07:49,SWIFT,SWF-707275,INR,15000,15000,0,Premium Receivable,PR-400100,Policy Ledger,CC-INS-003,Motor,AXIS-004,Yes,98,72,99.2,Pass,Applied,,,P. Patel,Supervisor-B,Auto-matched and posted,07-10-2025 08:49,10-10-2025 12:49
TXN-00114,POL-56160,Reyansh Kumar,19-12-2025 07:49,21-12-2025 23:49,RTGS,RTGS-668471,USD,100,100,0,Premium Receivable,PR-400100,Policy Ledger,CC-INS-001,Property,ICICI-002,Yes,97.9,64,98.57,Pass,Applied,,,A. Nair,Lead-1 (QA),Auto-matched and posted,19-12-2025 10:49,22-12-2025 00:49
TXN-00115,POL-11198,Muhammad Nair,26-11-2025 07:49,28-11-2025 08:49,NEFT,NEFT-747847,INR,50000,0,50000,Suspense Account,SA-209900,Suspense Ledger,CC-INS-001,Life,SBI-003,No,55.5,49,95.86,Fail,Unapplied,EXC004,Missing remittance,M. Reddy,Lead-1 (QA),Awaiting policy mapping,26-11-2025 10:49,28-11-2025 14:49
TXN-00116,POL-98346,Anika Singh,29-08-2025 07:49,29-08-2025 21:49,SWIFT,SWF-256130,INR,50000,50000,0,Premium Receivable,PR-400100,Policy Ledger,CC-INS-004,Property,ICICI-002,Yes,95.4,14,99.02,Pass,Applied,,,A. Nair,Supervisor-A,Auto-matched and posted,29-08-2025 10:49,30-08-2025 03:49
TXN-00117,POL-20566,Vivaan Gupta,13-11-2025 07:49,15-11-2025 09:49,CHQ,CHQ-82443,INR,5000,3959,1041,Premium Receivable,PR-400100,Policy Ledger,CC-INS-005,Life,ICICI-002,No,77.3,50,98.74,Pass,Partially Applied,,,A. Nair,Supervisor-B,Partial allocation; balance in suspense,13-11-2025 09:49,15-11-2025 09:49
TXN-00118,POL-19744,Krishna Pillai,24-12-2025 07:49,24-12-2025 13:49,RTGS,RTGS-991737,INR,12500,12500,0,Premium Receivable,PR-400100,Policy Ledger,CC-INS-002,Health,AXIS-004,Yes,95.4,6,98.61,Pass,Applied,,,K. Bose,Supervisor-B,Auto-matched and posted,24-12-2025 10:49,24-12-2025 14:49
TXN-00119,POL-20279,Aarohi Chopra,15-08-2025 07:49,15-08-2025 21:49,CHQ,CHQ-40427,INR,20000,20000,0,Premium Receivable,PR-400100,Policy Ledger,CC-INS-003,Property,AXIS-004,Yes,98.8,14,98.96,Pass,Applied,,,A. Nair,Supervisor-A,Auto-matched and posted,15-08-2025 10:49,16-08-2025 00:49
TXN-00120,POL-66603,Reyansh Das,18-01-2026 07:49,20-01-2026 09:49,NEFT,NEFT-909676,INR,12500,3849,8651,Premium Receivable,PR-400100,Policy Ledger,CC-INS-001,Life,SBI-003,No,83.9,50,98.07,Pass,Partially Applied,EXC001,No policy match,P. Patel,Supervisor-A,Partial allocation; balance in suspense,18-01-2026 09:49,20-01-2026 09:49
TXN-00121,POL-27367,Aditya Singh,20-11-2025 07:49,22-11-2025 18:49,SWIFT,SWF-681687,INR,7500,7500,0,Premium Receivable,PR-400100,Policy Ledger,CC-INS-004,Life,SBI-003,Yes,96.6,59,98.95,Pass,Applied,,,N. Jain,Supervisor-B,Auto-matched and posted,20-11-2025 08:49,22-11-2025 23:49
TXN-00122,POL-83339,Sai Das,13-12-2025 07:49,14-12-2025 06:49,CHQ,CHQ-32216,INR,15000,15000,0,Premium Receivable,PR-400100,Policy Ledger,CC-INS-001,Motor,SBI-003,Yes,94.7,23,98.92,Pass,Applied,,,A. Nair,Supervisor-B,Auto-matched and posted,13-12-2025 10:49,14-12-2025 10:49
TXN-00123,POL-35630,Pari Agarwal,05-09-2025 07:49,06-09-2025 23:49,NEFT,NEFT-514913,INR,50000,50000,0,Excess Premium,EP-400200,Policy Ledger,CC-INS-005,Health,SBI-003,Yes,95.6,40,99.65,Pass,Applied,,,K. Bose,Lead-2 (QA),Auto-matched and posted,05-09-2025 09:49,07-09-2025 01:49
TXN-00124,POL-33283,Aadhya Bose,15-10-2025 07:49,17-10-2025 23:49,SWIFT,SWF-919959,INR,25000,25000,0,Premium Receivable,PR-400100,Policy Ledger,CC-INS-005,Health,HDFC-001,Yes,98.6,64,98.78,Pass,Applied,,,P. Patel,Lead-2 (QA),Auto-matched and posted,15-10-2025 09:49,18-10-2025 05:49
TXN-00125,POL-48185,Aditya Mehta,21-01-2026 07:49,24-01-2026 00:49,RTGS,RTGS-764100,INR,15000,15000,0,Premium Receivable,PR-400100,Policy Ledger,CC-INS-004,Property,AXIS-004,Yes,93.4,65,99.89,Pass,Applied,,,R. Mehta,Supervisor-A,Auto-matched and posted,21-01-2026 10:49,24-01-2026 06:49
TXN-00126,POL-80373,Saanvi Gupta,29-08-2025 07:49,30-08-2025 16:49,UPI,UPI-274418,INR,5000,5000,0,Premium Receivable,PR-400100,Policy Ledger,CC-INS-004,Life,HDFC-001,Yes,98.8,33,98.96,Pass,Applied,,,S. Kapoor,Supervisor-A,Auto-matched and posted,29-08-2025 08:49,30-08-2025 20:49
TXN-00127,POL-77999,Sara Das,25-01-2026 07:49,26-01-2026 13:49,CHQ,CHQ-59036,INR,50000,50000,0,Premium Receivable,PR-400100,Policy Ledger,CC-INS-001,Life,ICICI-002,No,88.1,30,98,Pass,Applied,,,K. Bose,Supervisor-A,Manual verification completed,25-01-2026 09:49,26-01-2026 16:49
TXN-00128,POL-37114,Aarohi Bhatia,30-10-2025 07:49,01-11-2025 21:49,NEFT,NEFT-559450,INR,30000,30000,0,Premium Receivable,PR-400100,Policy Ledger,CC-INS-001,Health,ICICI-002,Yes,93.7,62,99.69,Pass,Applied,,,V. Iyer,Lead-2 (QA),Auto-matched and posted,30-10-2025 09:49,02-11-2025 01:49
TXN-00129,POL-65885,Pari Iyer,13-11-2025 07:49,14-11-2025 08:49,RTGS,RTGS-771590,INR,25000,25000,0,Premium Receivable,PR-400100,Policy Ledger,CC-INS-002,Health,SBI-003,Yes,96.6,25,99.04,Pass,Applied,,,S. Kapoor,Lead-1 (QA),Auto-matched and posted,13-11-2025 10:49,14-11-2025 09:49
TXN-00130,POL-57945,Ananya Yadav,27-11-2025 07:49,27-11-2025 23:49,UPI,UPI-803281,INR,40000,0,40000,Suspense Account,SA-209900,Suspense Ledger,CC-INS-003,Motor,AXIS-004,Yes,66.7,16,95.37,Fail,Exception,EXC001,No policy match,V. Iyer,Supervisor-A,Exception raised for investigation,27-11-2025 10:49,28-11-2025 03:49
TXN-00131,POL-21108,Arjun Bose,01-09-2025 07:49,02-09-2025 15:49,UPI,UPI-222629,INR,10000,10000,0,Premium Receivable,PR-400100,Policy Ledger,CC-INS-005,Health,ICICI-002,Yes,95.3,32,98.76,Pass,Applied,,,P. Patel,Supervisor-A,Auto-matched and posted,01-09-2025 08:49,02-09-2025 16:49
TXN-00132,POL-51232,Pari Roy,15-08-2025 07:49,17-08-2025 06:49,NEFT,NEFT-608149,INR,25000,0,25000,Suspense Account,SA-209900,Suspense Ledger,CC-INS-004,Property,ICICI-002,Yes,69.8,47,96.4,Fail,Exception,EXC004,Missing remittance,S. Kapoor,Lead-1 (QA),Exception raised for investigation,15-08-2025 08:49,17-08-2025 08:49
TXN-00133,POL-14285,Krishna Iyer,17-12-2025 07:49,18-12-2025 21:49,RTGS,RTGS-918665,INR,30000,30000,0,Premium Receivable,PR-400100,Policy Ledger,CC-INS-003,Life,AXIS-004,Yes,97.7,38,99.65,Pass,Applied,,,A. Nair,Supervisor-B,Auto-matched and posted,17-12-2025 08:49,19-12-2025 02:49
TXN-00134,POL-95678,Sai Mukherjee,10-08-2025 07:49,12-08-2025 18:49,UPI,UPI-465509,INR,7500,7500,0,Excess Premium,EP-400200,Policy Ledger,CC-INS-005,Motor,AXIS-004,Yes,94.4,59,99.63,Pass,Applied,,,V. Iyer,Lead-2 (QA),Auto-matched and posted,10-08-2025 08:49,13-08-2025 00:49
TXN-00135,POL-37124,Vivaan Das,30-10-2025 07:49,02-11-2025 05:49,UPI,UPI-725850,INR,20000,0,20000,Suspense Account,SA-209900,Suspense Ledger,CC-INS-001,Health,AXIS-004,Yes,72.2,70,97.33,Fail,Exception,EXC005,Policy closed/expired,R. Mehta,Supervisor-A,Exception raised for investigation,30-10-2025 10:49,02-11-2025 06:49
TXN-00136,POL-27392,Sai Kumar,23-10-2025 07:49,24-10-2025 16:49,CHQ,CHQ-74154,INR,15000,15000,0,Premium Receivable,PR-400100,Policy Ledger,CC-INS-004,Motor,SBI-003,Yes,97.8,33,99.58,Pass,Applied,,,P. Patel,Supervisor-B,Auto-matched and posted,23-10-2025 09:49,24-10-2025 20:49
TXN-00137,POL-10324,Aditya Jain,11-01-2026 07:49,13-01-2026 06:49,NEFT,NEFT-934328,INR,12500,0,12500,Suspense Account,SA-209900,Suspense Ledger,CC-INS-003,Health,AXIS-004,No,69.8,47,95.13,Fail,Exception,EXC003,Overpayment,K. Bose,Lead-1 (QA),Exception raised for investigation,11-01-2026 08:49,13-01-2026 06:49
TXN-00138,POL-92074,Pari Sharma,02-09-2025 07:49,03-09-2025 05:49,CHQ,CHQ-69836,INR,25000,25000,0,Premium Receivable,PR-400100,Policy Ledger,CC-INS-003,Life,SBI-003,Yes,96.9,22,98.72,Pass,Applied,,,M. Reddy,Lead-1 (QA),Auto-matched and posted,02-09-2025 09:49,03-09-2025 10:49
TXN-00139,POL-95054,Reyansh Verma,11-11-2025 07:49,13-11-2025 00:49,RTGS,RTGS-550081,INR,7500,7500,0,Premium Receivable,PR-400100,Policy Ledger,CC-INS-001,Life,SBI-003,Yes,94.4,41,99.45,Pass,Applied,,,S. Kapoor,Supervisor-B,Auto-matched and posted,11-11-2025 10:49,13-11-2025 01:49
TXN-00140,POL-72613,Aditya Iyer,08-11-2025 07:49,08-11-2025 20:49,NEFT,NEFT-208214,INR,15000,15000,0,Premium Receivable,PR-400100,Policy Ledger,CC-INS-002,Life,HDFC-001,Yes,93.8,13,99.89,Pass,Applied,,,V. Iyer,Supervisor-B,Auto-matched and posted,08-11-2025 09:49,09-11-2025 01:49
TXN-00141,POL-37925,Arjun Mehta,06-01-2026 07:49,08-01-2026 17:49,RTGS,RTGS-190898,INR,10000,4688,5312,Premium Receivable,PR-400100,Policy Ledger,CC-INS-002,Motor,HDFC-001,No,76.9,58,96.39,Fail,Partially Applied,EXC001,No policy match,M. Reddy,Lead-2 (QA),Partial allocation; balance in suspense,06-01-2026 10:49,08-01-2026 21:49
TXN-00142,POL-76784,Muhammad Patel,16-10-2025 07:49,16-10-2025 15:49,RTGS,RTGS-618927,INR,12500,12500,0,Premium Receivable,PR-400100,Policy Ledger,CC-INS-003,Health,AXIS-004,Yes,98.9,8,99.88,Pass,Applied,,,N. Jain,Supervisor-A,Auto-matched and posted,16-10-2025 10:49,16-10-2025 20:49
TXN-00143,POL-32645,Myra Gupta,06-08-2025 07:49,06-08-2025 17:49,NEFT,NEFT-374921,INR,5000,0,5000,Suspense Account,SA-209900,Suspense Ledger,CC-INS-004,Property,HDFC-001,Yes,63.6,10,96.49,Fail,Unapplied,EXC004,Missing remittance,V. Iyer,Supervisor-A,Awaiting policy mapping,06-08-2025 08:49,06-08-2025 19:49
TXN-00144,POL-20357,Aarohi Yadav,10-09-2025 07:49,13-09-2025 05:49,UPI,UPI-509711,INR,7500,7500,0,Premium Receivable,PR-400100,Policy Ledger,CC-INS-004,Life,AXIS-004,No,83,70,97.92,Fail,Applied,,,R. Mehta,Supervisor-A,Manual verification completed,10-09-2025 10:49,13-09-2025 10:49
TXN-00145,POL-96252,Reyansh Agarwal,05-08-2025 07:49,06-08-2025 02:49,NEFT,NEFT-271790,INR,20000,20000,0,Premium Receivable,PR-400100,Policy Ledger,CC-INS-003,Life,HDFC-001,Yes,94,19,98.68,Pass,Applied,,,K. Bose,Supervisor-B,Auto-matched and posted,05-08-2025 09:49,06-08-2025 06:49
TXN-00146,POL-18371,Krishna Das,09-01-2026 07:49,09-01-2026 18:49,CHQ,CHQ-69663,INR,5000,5000,0,Premium Receivable,PR-400100,Policy Ledger,CC-INS-005,Life,ICICI-002,Yes,94.5,11,98.64,Pass,Applied,,,R. Mehta,Lead-1 (QA),Auto-matched and posted,09-01-2026 08:49,09-01-2026 19:49
TXN-00147,POL-16026,Myra Chopra,08-11-2025 07:49,09-11-2025 04:49,RTGS,RTGS-999138,INR,25000,25000,0,Premium Receivable,PR-400100,Policy Ledger,CC-INS-005,Motor,HDFC-001,No,84.7,21,98.9,Pass,Applied,,,R. Mehta,Lead-2 (QA),Manual verification completed,08-11-2025 08:49,09-11-2025 10:49
TXN-00148,POL-77603,Vivaan Patel,19-08-2025 07:49,21-08-2025 20:49,UPI,UPI-911102,INR,20000,20000,0,Premium Receivable,PR-400100,Policy Ledger,CC-INS-005,Health,AXIS-004,Yes,94.7,61,99.6,Pass,Applied,,,K. Bose,Supervisor-B,Auto-matched and posted,19-08-2025 08:49,22-08-2025 01:49
TXN-00149,POL-81638,Sai Kumar,03-08-2025 07:49,05-08-2025 13:49,NEFT,NEFT-344315,INR,5000,0,5000,Suspense Account,SA-209900,Suspense Ledger,CC-INS-001,Health,ICICI-002,Yes,74.7,54,96.97,Fail,Exception,EXC003,Overpayment,N. Jain,Supervisor-B,Exception raised for investigation,03-08-2025 08:49,05-08-2025 14:49
TXN-00150,POL-46677,Aditya Verma,30-09-2025 07:49,03-10-2025 03:49,CHQ,CHQ-58823,INR,7500,7500,0,Premium Receivable,PR-400100,Policy Ledger,CC-INS-001,Property,ICICI-002,Yes,95.4,68,99.33,Pass,Applied,,,A. Nair,Supervisor-A,Auto-matched and posted,30-09-2025 09:49,03-10-2025 09:49
TXN-00151,POL-51288,Aadhya Bose,22-10-2025 07:49,24-10-2025 18:49,UPI,UPI-344959,INR,12500,12500,0,Premium Receivable,PR-400100,Policy Ledger,CC-INS-003,Property,HDFC-001,Yes,93.6,59,99.13,Pass,Applied,,,K. Bose,Lead-2 (QA),Auto-matched and posted,22-10-2025 09:49,24-10-2025 20:49
TXN-00152,POL-70731,Krishna Agarwal,25-08-2025 07:49,26-08-2025 05:49,UPI,UPI-966529,INR,50000,50000,0,Premium Receivable,PR-400100,Policy Ledger,CC-INS-003,Property,HDFC-001,Yes,93.5,22,98.85,Pass,Applied,,,M. Reddy,Supervisor-A,Auto-matched and posted,25-08-2025 08:49,26-08-2025 05:49
TXN-00153,POL-63004,Pari Pillai,20-12-2025 07:49,21-12-2025 16:49,NEFT,NEFT-584487,INR,10000,10000,0,Premium Receivable,PR-400100,Policy Ledger,CC-INS-004,Motor,HDFC-001,Yes,94.3,33,98.78,Pass,Applied,,,M. Reddy,Lead-1 (QA),Auto-matched and posted,20-12-2025 08:49,21-12-2025 16:49
TXN-00154,POL-35919,Pari Kumar,25-08-2025 07:49,27-08-2025 03:49,NEFT,NEFT-144770,INR,5000,5000,0,Premium Receivable,PR-400100,Policy Ledger,CC-INS-004,Health,SBI-003,Yes,95.4,44,98.54,Pass,Applied,,,A. Nair,Lead-2 (QA),Auto-matched and posted,25-08-2025 09:49,27-08-2025 05:49
TXN-00155,POL-68459,Arjun Verma,06-01-2026 07:49,07-01-2026 16:49,UPI,UPI-623125,INR,40000,40000,0,Premium Receivable,PR-400100,Policy Ledger,CC-INS-005,Health,HDFC-001,Yes,95.5,33,99.4,Pass,Applied,,,N. Jain,Supervisor-A,Auto-matched and posted,06-01-2026 09:49,07-01-2026 20:49
TXN-00156,POL-73527,Diya Das,08-12-2025 07:49,10-12-2025 02:49,CHQ,CHQ-45446,INR,20000,20000,0,Premium Receivable,PR-400100,Policy Ledger,CC-INS-004,Motor,ICICI-002,Yes,94.7,43,99.63,Pass,Applied,,,V. Iyer,Lead-1 (QA),Auto-matched and posted,08-12-2025 08:49,10-12-2025 07:49
TXN-00157,POL-41608,Krishna Pillai,16-08-2025 07:49,17-08-2025 13:49,SWIFT,SWF-987624,USD,250,250,0,Premium Receivable,PR-400100,Policy Ledger,CC-INS-003,Life,SBI-003,Yes,94.1,30,99.33,Pass,Applied,,,V. Iyer,Lead-2 (QA),Auto-matched and posted,16-08-2025 09:49,17-08-2025 17:49
TXN-00158,POL-50508,Reyansh Bhatia,11-08-2025 07:49,11-08-2025 20:49,NEFT,NEFT-343923,INR,5000,5000,0,Premium Receivable,PR-400100,Policy Ledger,CC-INS-002,Motor,HDFC-001,No,82.2,13,97.72,Fail,Applied,,,R. Mehta,Lead-2 (QA),Manual verification completed,11-08-2025 10:49,12-08-2025 01:49
TXN-00159,POL-28566,Vihaan Nair,03-11-2025 07:49,03-11-2025 18:49,UPI,UPI-838761,INR,25000,25000,0,Premium Receivable,PR-400100,Policy Ledger,CC-INS-004,Property,SBI-003,Yes,98.9,11,99.53,Pass,Applied,,,V. Iyer,Supervisor-A,Auto-matched and posted,03-11-2025 08:49,03-11-2025 23:49
TXN-00160,POL-87194,Reyansh Patel,19-10-2025 07:49,20-10-2025 22:49,RTGS,RTGS-286340,INR,50000,50000,0,Excess Premium,EP-400200,Policy Ledger,CC-INS-005,Health,HDFC-001,No,78.7,39,98.52,Pass,Applied,,,P. Patel,Lead-2 (QA),Manual verification completed,19-10-2025 09:49,21-10-2025 03:49
TXN-00161,POL-20198,Sai Chopra,22-10-2025 07:49,23-10-2025 06:49,NEFT,NEFT-961574,INR,20000,20000,0,Premium Receivable,PR-400100,Policy Ledger,CC-INS-001,Life,HDFC-001,Yes,93.4,23,98.86,Pass,Applied,,,N. Jain,Supervisor-B,Auto-matched and posted,22-10-2025 10:49,23-10-2025 09:49
TXN-00162,POL-31802,Anika Bhatia,06-11-2025 07:49,08-11-2025 05:49,SWIFT,SWF-493580,INR,30000,21923,8077,Premium Receivable,PR-400100,Policy Ledger,CC-INS-003,Motor,HDFC-001,Yes,79.9,46,98.24,Pass,Partially Applied,EXC001,No policy match,S. Kapoor,Supervisor-A,Partial allocation; balance in suspense,06-11-2025 08:49,08-11-2025 08:49
TXN-00163,POL-31090,Aditya Pillai,25-08-2025 07:49,27-08-2025 04:49,SWIFT,SWF-743453,INR,5000,5000,0,Premium Receivable,PR-400100,Policy Ledger,CC-INS-003,Health,ICICI-002,Yes,95.6,45,98.57,Pass,Applied,,,N. Jain,Supervisor-A,Auto-matched and posted,25-08-2025 10:49,27-08-2025 06:49
TXN-00164,POL-48980,Sai Agarwal,14-08-2025 07:49,16-08-2025 11:49,SWIFT,SWF-676363,INR,10000,10000,0,Premium Receivable,PR-400100,Policy Ledger,CC-INS-004,Health,HDFC-001,Yes,97.9,52,99.38,Pass,Applied,,,R. Mehta,Lead-2 (QA),Auto-matched and posted,14-08-2025 08:49,16-08-2025 16:49
TXN-00165,POL-48248,Aditya Bhatia,31-08-2025 07:49,02-09-2025 00:49,CHQ,CHQ-71727,INR,15000,15000,0,Premium Receivable,PR-400100,Policy Ledger,CC-INS-004,Life,SBI-003,Yes,98.3,41,99.02,Pass,Applied,,,P. Patel,Supervisor-B,Auto-matched and posted,31-08-2025 09:49,02-09-2025 01:49
TXN-00166,POL-45200,Ira Verma,09-09-2025 07:49,09-09-2025 21:49,NEFT,NEFT-800596,INR,40000,40000,0,Premium Receivable,PR-400100,Policy Ledger,CC-INS-005,Property,AXIS-004,Yes,93.4,14,99.04,Pass,Applied,,,A. Nair,Supervisor-B,Auto-matched and posted,09-09-2025 09:49,09-09-2025 21:49
TXN-00167,POL-61747,Vivaan Nair,26-12-2025 07:49,29-12-2025 03:49,SWIFT,SWF-810446,USD,150,150,0,Premium Receivable,PR-400100,Policy Ledger,CC-INS-002,Health,HDFC-001,Yes,98.9,68,99.86,Pass,Applied,,,N. Jain,Lead-1 (QA),Auto-matched and posted,26-12-2025 10:49,29-12-2025 06:49
TXN-00168,POL-36465,Arjun Roy,07-10-2025 07:49,09-10-2025 01:49,NEFT,NEFT-191254,INR,25000,25000,0,Excess Premium,EP-400200,Policy Ledger,CC-INS-005,Property,HDFC-001,Yes,98.5,42,98.52,Pass,Applied,,,N. Jain,Lead-2 (QA),Auto-matched and posted,07-10-2025 08:49,09-10-2025 05:49
TXN-00169,POL-87061,Ira Agarwal,29-08-2025 07:49,29-08-2025 21:49,UPI,UPI-661652,INR,25000,25000,0,Premium Receivable,PR-400100,Policy Ledger,CC-INS-004,Health,AXIS-004,Yes,95.8,14,98.74,Pass,Applied,,,R. Mehta,Supervisor-B,Auto-matched and posted,29-08-2025 09:49,30-08-2025 02:49
TXN-00170,POL-41139,Vivaan Bhatia,09-10-2025 07:49,11-10-2025 08:49,NEFT,NEFT-454278,INR,15000,15000,0,Premium Receivable,PR-400100,Policy Ledger,CC-INS-002,Health,SBI-003,Yes,97.1,49,99.86,Pass,Applied,,,P. Patel,Supervisor-A,Auto-matched and posted,09-10-2025 09:49,11-10-2025 13:49
TXN-00171,POL-64627,Saanvi Gupta,19-09-2025 07:49,21-09-2025 17:49,RTGS,RTGS-963994,INR,30000,23241,6759,Excess Premium,EP-400200,Policy Ledger,CC-INS-002,Life,ICICI-002,Yes,73.5,58,96.87,Fail,Partially Applied,,,A. Nair,Lead-2 (QA),Partial allocation; balance in suspense,19-09-2025 08:49,21-09-2025 18:49
TXN-00172,POL-14334,Pari Verma,02-11-2025 07:49,03-11-2025 10:49,UPI,UPI-486244,INR,40000,40000,0,Excess Premium,EP-400200,Policy Ledger,CC-INS-004,Health,AXIS-004,Yes,94.5,27,99.18,Pass,Applied,,,K. Bose,Supervisor-A,Auto-matched and posted,02-11-2025 08:49,03-11-2025 16:49
TXN-00173,POL-43903,Aditya Mukherjee,09-08-2025 07:49,11-08-2025 10:49,NEFT,NEFT-270820,INR,12500,0,12500,Suspense Account,SA-209900,Suspense Ledger,CC-INS-005,Life,HDFC-001,No,75.3,51,94.94,Fail,Unapplied,EXC004,Missing remittance,P. Patel,Lead-2 (QA),Awaiting policy mapping,09-08-2025 10:49,11-08-2025 11:49
TXN-00174,POL-88792,Aarav Iyer,05-10-2025 07:49,07-10-2025 00:49,UPI,UPI-544393,INR,20000,20000,0,Premium Receivable,PR-400100,Policy Ledger,CC-INS-005,Life,HDFC-001,Yes,96.1,41,99.37,Pass,Applied,,,K. Bose,Supervisor-A,Auto-matched and posted,05-10-2025 09:49,07-10-2025 05:49
TXN-00175,POL-24169,Myra Gupta,27-10-2025 07:49,28-10-2025 20:49,UPI,UPI-390334,INR,15000,15000,0,Premium Receivable,PR-400100,Policy Ledger,CC-INS-005,Property,SBI-003,Yes,93.3,37,99.7,Pass,Applied,,,V. Iyer,Lead-1 (QA),Auto-matched and posted,27-10-2025 10:49,28-10-2025 23:49
TXN-00176,POL-48745,Krishna Mehta,13-11-2025 07:49,15-11-2025 10:49,NEFT,NEFT-711344,INR,50000,34968,15032,Premium Receivable,PR-400100,Policy Ledger,CC-INS-003,Motor,ICICI-002,No,84,51,97.33,Fail,Partially Applied,,,V. Iyer,Supervisor-A,Partial allocation; balance in suspense,13-11-2025 08:49,15-11-2025 13:49
TXN-00177,POL-26769,Krishna Pillai,17-09-2025 07:49,19-09-2025 03:49,NEFT,NEFT-333049,INR,15000,15000,0,Excess Premium,EP-400200,Policy Ledger,CC-INS-001,Property,HDFC-001,Yes,96.5,44,99.15,Pass,Applied,,,S. Kapoor,Supervisor-B,Auto-matched and posted,17-09-2025 08:49,19-09-2025 07:49
TXN-00178,POL-25704,Aadhya Nair,17-10-2025 07:49,19-10-2025 13:49,NEFT,NEFT-995735,INR,12500,12500,0,Excess Premium,EP-400200,Policy Ledger,CC-INS-002,Life,AXIS-004,Yes,98.9,54,98.7,Pass,Applied,,,K. Bose,Lead-2 (QA),Auto-matched and posted,17-10-2025 09:49,19-10-2025 18:49
TXN-00179,POL-17603,Aarav Jain,11-10-2025 07:49,12-10-2025 11:49,RTGS,RTGS-704272,INR,30000,8718,21282,Premium Receivable,PR-400100,Policy Ledger,CC-INS-001,Life,ICICI-002,Yes,79.4,28,97.2,Fail,Partially Applied,,,K. Bose,Lead-1 (QA),Partial allocation; balance in suspense,11-10-2025 09:49,12-10-2025 17:49
TXN-00180,POL-79603,Muhammad Sharma,22-01-2026 07:49,22-01-2026 09:49,RTGS,RTGS-337256,INR,20000,20000,0,Premium Receivable,PR-400100,Policy Ledger,CC-INS-001,Motor,SBI-003,Yes,94.8,2,98.59,Pass,Applied,,,P. Patel,Supervisor-A,Auto-matched and posted,22-01-2026 09:49,22-01-2026 14:49
TXN-00181,POL-27536,Ananya Bhatia,01-11-2025 07:49,02-11-2025 09:49,RTGS,RTGS-951452,INR,12500,12500,0,Excess Premium,EP-400200,Policy Ledger,CC-INS-001,Motor,HDFC-001,Yes,93.1,26,99.21,Pass,Applied,,,N. Jain,Supervisor-A,Auto-matched and posted,01-11-2025 10:49,02-11-2025 13:49
TXN-00182,POL-16368,Saanvi Verma,18-01-2026 07:49,18-01-2026 22:49,NEFT,NEFT-150578,INR,25000,25000,0,Premium Receivable,PR-400100,Policy Ledger,CC-INS-001,Motor,AXIS-004,Yes,97.2,15,98.79,Pass,Applied,,,S. Kapoor,Supervisor-A,Auto-matched and posted,18-01-2026 10:49,19-01-2026 02:49
TXN-00183,POL-27978,Anika Agarwal,10-12-2025 07:49,11-12-2025 00:49,UPI,UPI-219550,INR,30000,30000,0,Premium Receivable,PR-400100,Policy Ledger,CC-INS-004,Motor,ICICI-002,Yes,96.1,17,98.78,Pass,Applied,,,R. Mehta,Supervisor-B,Auto-matched and posted,10-12-2025 08:49,11-12-2025 05:49
TXN-00184,POL-73001,Ananya Iyer,02-08-2025 07:49,02-08-2025 10:49,NEFT,NEFT-215795,INR,30000,30000,0,Premium Receivable,PR-400100,Policy Ledger,CC-INS-003,Health,AXIS-004,Yes,97.3,3,98.64,Pass,Applied,,,M. Reddy,Supervisor-A,Auto-matched and posted,02-08-2025 09:49,02-08-2025 10:49
TXN-00185,POL-23082,Reyansh Verma,15-10-2025 07:49,17-10-2025 07:49,UPI,UPI-546688,INR,7500,0,7500,Suspense Account,SA-209900,Suspense Ledger,CC-INS-003,Motor,AXIS-004,No,55.3,48,94.48,Fail,Unapplied,EXC002,Short payment,M. Reddy,Lead-1 (QA),Awaiting policy mapping,15-10-2025 09:49,17-10-2025 13:49
TXN-00186,POL-54921,Reyansh Agarwal,12-11-2025 07:49,14-11-2025 12:49,CHQ,CHQ-45629,INR,30000,22735,7265,Premium Receivable,PR-400100,Policy Ledger,CC-INS-002,Life,AXIS-004,Yes,85.3,53,96.16,Fail,Partially Applied,,,P. Patel,Supervisor-B,Partial allocation; balance in suspense,12-11-2025 08:49,14-11-2025 16:49
TXN-00187,POL-59774,Diya Roy,09-08-2025 07:49,10-08-2025 01:49,CHQ,CHQ-73979,INR,25000,25000,0,Premium Receivable,PR-400100,Policy Ledger,CC-INS-005,Health,SBI-003,Yes,93.1,18,99.72,Pass,Applied,,,S. Kapoor,Supervisor-B,Auto-matched and posted,09-08-2025 10:49,10-08-2025 06:49
TXN-00188,POL-42581,Myra Chopra,18-01-2026 07:49,20-01-2026 10:49,RTGS,RTGS-979789,INR,50000,50000,0,Premium Receivable,PR-400100,Policy Ledger,CC-INS-002,Life,AXIS-004,Yes,98.1,51,99.69,Pass,Applied,,,K. Bose,Lead-2 (QA),Auto-matched and posted,18-01-2026 09:49,20-01-2026 12:49
TXN-00189,POL-16599,Aarohi Iyer,20-12-2025 07:49,22-12-2025 09:49,CHQ,CHQ-40801,INR,30000,23988,6012,Premium Receivable,PR-400100,Policy Ledger,CC-INS-001,Property,AXIS-004,Yes,72.6,50,97.39,Fail,Partially Applied,,,R. Mehta,Lead-1 (QA),Partial allocation; balance in suspense,20-12-2025 08:49,22-12-2025 15:49
TXN-00190,POL-89194,Saanvi Mukherjee,10-12-2025 07:49,11-12-2025 11:49,CHQ,CHQ-54676,INR,5000,2162,2838,Premium Receivable,PR-400100,Policy Ledger,CC-INS-001,Life,ICICI-002,No,83.2,28,98.01,Pass,Partially Applied,EXC004,Missing remittance,R. Mehta,Supervisor-A,Partial allocation; balance in suspense,10-12-2025 09:49,11-12-2025 17:49
TXN-00191,POL-93055,Ishaan Pillai,13-12-2025 07:49,15-12-2025 08:49,NEFT,NEFT-148001,INR,30000,30000,0,Premium Receivable,PR-400100,Policy Ledger,CC-INS-002,Life,AXIS-004,Yes,93.6,49,99.36,Pass,Applied,,,A. Nair,Supervisor-B,Auto-matched and posted,13-12-2025 08:49,15-12-2025 13:49
TXN-00192,POL-54293,Vihaan Mehta,13-08-2025 07:49,14-08-2025 00:49,CHQ,CHQ-69950,INR,40000,40000,0,Premium Receivable,PR-400100,Policy Ledger,CC-INS-005,Property,ICICI-002,Yes,93.3,17,99.81,Pass,Applied,,,V. Iyer,Lead-2 (QA),Auto-matched and posted,13-08-2025 08:49,14-08-2025 03:49
TXN-00193,POL-96182,Saanvi Roy,23-10-2025 07:49,26-10-2025 01:49,CHQ,CHQ-64875,USD,400,350,50,Premium Receivable,PR-400100,Policy Ledger,CC-INS-005,Motor,SBI-003,No,80,66,96.37,Fail,Partially Applied,,,A. Nair,Lead-2 (QA),Partial allocation; balance in suspense,23-10-2025 08:49,26-10-2025 05:49
TXN-00194,POL-48086,Diya Kumar,15-01-2026 07:49,16-01-2026 07:49,SWIFT,SWF-668843,INR,20000,11872,8128,Premium Receivable,PR-400100,Policy Ledger,CC-INS-005,Motor,AXIS-004,Yes,90.7,24,97.99,Fail,Partially Applied,,,R. Mehta,Lead-1 (QA),Partial allocation; balance in suspense,15-01-2026 08:49,16-01-2026 10:49
TXN-00195,POL-29048,Vivaan Verma,22-09-2025 07:49,23-09-2025 19:49,RTGS,RTGS-400538,INR,10000,4066,5934,Premium Receivable,PR-400100,Policy Ledger,CC-INS-002,Property,ICICI-002,No,70.7,36,98.28,Pass,Partially Applied,EXC005,Policy closed/expired,M. Reddy,Lead-1 (QA),Partial allocation; balance in suspense,22-09-2025 09:49,23-09-2025 22:49
TXN-00196,POL-64600,Ananya Pillai,15-08-2025 07:49,15-08-2025 10:49,UPI,UPI-312952,INR,30000,20797,9203,Excess Premium,EP-400200,Policy Ledger,CC-INS-002,Motor,AXIS-004,No,86.6,3,97.53,Fail,Partially Applied,,,V. Iyer,Lead-1 (QA),Partial allocation; balance in suspense,15-08-2025 08:49,15-08-2025 11:49
TXN-00197,POL-77350,Vihaan Patel,12-08-2025 07:49,14-08-2025 15:49,UPI,UPI-683635,INR,10000,10000,0,Premium Receivable,PR-400100,Policy Ledger,CC-INS-002,Motor,HDFC-001,Yes,97.3,56,98.72,Pass,Applied,,,M. Reddy,Supervisor-B,Auto-matched and posted,12-08-2025 10:49,14-08-2025 19:49
TXN-00198,POL-56934,Aditya Bose,14-12-2025 07:49,15-12-2025 13:49,RTGS,RTGS-645895,INR,40000,40000,0,Premium Receivable,PR-400100,Policy Ledger,CC-INS-003,Motor,SBI-003,Yes,95.1,30,99.74,Pass,Applied,,,M. Reddy,Lead-2 (QA),Auto-matched and posted,14-12-2025 10:49,15-12-2025 17:49
TXN-00199,POL-72240,Sara Sharma,31-08-2025 07:49,02-09-2025 05:49,CHQ,CHQ-41502,INR,50000,0,50000,Suspense Account,SA-209900,Suspense Ledger,CC-INS-001,Property,SBI-003,Yes,56.2,46,97.1,Fail,Unapplied,EXC004,Missing remittance,M. Reddy,Lead-1 (QA),Awaiting policy mapping,31-08-2025 10:49,02-09-2025 11:49
TXN-00200,POL-59146,Aarohi Nair,24-11-2025 07:49,26-11-2025 23:49,NEFT,NEFT-410833,INR,12500,12500,0,Premium Receivable,PR-400100,Policy Ledger,CC-INS-005,Life,HDFC-001,Yes,98.8,64,99.58,Pass,Applied,,,A. Nair,Lead-2 (QA),Auto-matched and posted,24-11-2025 10:49,27-11-2025 02:49
TXN-00201,POL-23621,Muhammad Pillai,28-01-2026 07:49,30-01-2026 16:49,NEFT,NEFT-883171,INR,5000,5000,0,Premium Receivable,PR-400100,Policy Ledger,CC-INS-005,Life,ICICI-002,Yes,93.3,57,99.61,Pass,Applied,,,M. Reddy,Supervisor-B,Auto-matched and posted,28-01-2026 09:49,30-01-2026 19:49
TXN-00202,POL-92603,Aadhya Mehta,21-10-2025 07:49,21-10-2025 11:49,CHQ,CHQ-98250,INR,5000,5000,0,Premium Receivable,PR-400100,Policy Ledger,CC-INS-001,Motor,HDFC-001,Yes,96.5,4,99.48,Pass,Applied,,,M. Reddy,Supervisor-A,Auto-matched and posted,21-10-2025 10:49,21-10-2025 11:49
TXN-00203,POL-46899,Pari Patel,11-11-2025 07:49,11-11-2025 12:49,CHQ,CHQ-30489,INR,10000,7946,2054,Premium Receivable,PR-400100,Policy Ledger,CC-INS-003,Life,ICICI-002,Yes,83.9,5,96.83,Fail,Partially Applied,,,S. Kapoor,Lead-1 (QA),Partial allocation; balance in suspense,11-11-2025 08:49,11-11-2025 16:49
TXN-00204,POL-88204,Aadhya Pillai,20-12-2025 07:49,20-12-2025 19:49,UPI,UPI-320256,INR,20000,20000,0,Excess Premium,EP-400200,Policy Ledger,CC-INS-005,Motor,ICICI-002,Yes,93.9,12,98.76,Pass,Applied,,,S. Kapoor,Lead-2 (QA),Auto-matched and posted,20-12-2025 10:49,21-12-2025 01:49
TXN-00205,POL-84356,Vivaan Pillai,28-11-2025 07:49,01-12-2025 07:49,NEFT,NEFT-404771,INR,15000,15000,0,Premium Receivable,PR-400100,Policy Ledger,CC-INS-002,Life,SBI-003,Yes,95,72,98.68,Pass,Applied,,,S. Kapoor,Lead-2 (QA),Auto-matched and posted,28-11-2025 09:49,01-12-2025 10:49
TXN-00206,POL-69067,Ananya Roy,17-01-2026 07:49,19-01-2026 00:49,SWIFT,SWF-259797,INR,20000,6361,13639,Excess Premium,EP-400200,Policy Ledger,CC-INS-003,Motor,ICICI-002,Yes,87.3,41,97.99,Fail,Partially Applied,,,K. Bose,Supervisor-B,Partial allocation; balance in suspense,17-01-2026 09:49,19-01-2026 03:49
TXN-00207,POL-57020,Ishaan Bhatia,21-12-2025 07:49,21-12-2025 22:49,RTGS,RTGS-776909,INR,15000,0,15000,Suspense Account,SA-209900,Suspense Ledger,CC-INS-001,Life,HDFC-001,Yes,71.2,15,94.92,Fail,Unapplied,EXC001,No policy match,N. Jain,Lead-2 (QA),Awaiting policy mapping,21-12-2025 08:49,22-12-2025 02:49
TXN-00208,POL-44159,Sara Pillai,30-11-2025 07:49,01-12-2025 04:49,UPI,UPI-511564,INR,50000,26265,23735,Premium Receivable,PR-400100,Policy Ledger,CC-INS-005,Health,ICICI-002,Yes,78.7,21,97.41,Fail,Partially Applied,,,P. Patel,Lead-2 (QA),Partial allocation; balance in suspense,30-11-2025 08:49,01-12-2025 08:49
TXN-00209,POL-84162,Arjun Bhatia,01-11-2025 07:49,01-11-2025 14:49,RTGS,RTGS-898461,INR,7500,7500,0,Premium Receivable,PR-400100,Policy Ledger,CC-INS-004,Property,AXIS-004,Yes,96.1,7,99.61,Pass,Applied,,,R. Mehta,Lead-1 (QA),Auto-matched and posted,01-11-2025 10:49,01-11-2025 16:49
TXN-00210,POL-23529,Aarohi Reddy,08-10-2025 07:49,11-10-2025 06:49,SWIFT,SWF-282294,INR,25000,25000,0,Premium Receivable,PR-400100,Policy Ledger,CC-INS-002,Property,SBI-003,Yes,96.1,71,99.03,Pass,Applied,,,K. Bose,Supervisor-B,Auto-matched and posted,08-10-2025 09:49,11-10-2025 10:49
TXN-00211,POL-10864,Aarohi Kumar,22-11-2025 07:49,23-11-2025 06:49,RTGS,RTGS-180832,INR,15000,15000,0,Premium Receivable,PR-400100,Policy Ledger,CC-INS-002,Property,SBI-003,Yes,97.3,23,98.67,Pass,Applied,,,S. Kapoor,Supervisor-B,Auto-matched and posted,22-11-2025 10:49,23-11-2025 09:49
TXN-00212,POL-72786,Muhammad Das,12-09-2025 07:49,14-09-2025 13:49,NEFT,NEFT-355506,INR,50000,50000,0,Premium Receivable,PR-400100,Policy Ledger,CC-INS-002,Motor,ICICI-002,Yes,98.3,54,98.71,Pass,Applied,,,N. Jain,Lead-1 (QA),Auto-matched and posted,12-09-2025 10:49,14-09-2025 18:49
TXN-00213,POL-96736,Ishaan Gupta,26-09-2025 07:49,28-09-2025 18:49,SWIFT,SWF-594312,INR,10000,10000,0,Premium Receivable,PR-400100,Policy Ledger,CC-INS-005,Motor,ICICI-002,Yes,96.5,59,99.57,Pass,Applied,,,K. Bose,Supervisor-B,Auto-matched and posted,26-09-2025 10:49,28-09-2025 22:49
TXN-00214,POL-19023,Sai Patel,08-11-2025 07:49,09-11-2025 01:49,NEFT,NEFT-117367,INR,40000,40000,0,Premium Receivable,PR-400100,Policy Ledger,CC-INS-005,Life,HDFC-001,Yes,94.1,18,99.76,Pass,Applied,,,S. Kapoor,Supervisor-B,Auto-matched and posted,08-11-2025 10:49,09-11-2025 02:49
TXN-00215,POL-89098,Sara Sharma,22-01-2026 07:49,24-01-2026 16:49,SWIFT,SWF-541119,INR,5000,5000,0,Premium Receivable,PR-400100,Policy Ledger,CC-INS-003,Life,AXIS-004,No,88.1,57,98.81,Pass,Applied,,,V. Iyer,Supervisor-A,Manual verification completed,22-01-2026 09:49,24-01-2026 22:49
TXN-00216,POL-40475,Aditya Mukherjee,02-01-2026 07:49,05-01-2026 06:49,CHQ,CHQ-43791,INR,5000,5000,0,Premium Receivable,PR-400100,Policy Ledger,CC-INS-003,Property,SBI-003,Yes,96.9,71,99.46,Pass,Applied,,,S. Kapoor,Lead-2 (QA),Auto-matched and posted,02-01-2026 09:49,05-01-2026 11:49
TXN-00217,POL-86725,Krishna Reddy,17-12-2025 07:49,19-12-2025 15:49,SWIFT,SWF-483405,INR,25000,18716,6284,Premium Receivable,PR-400100,Policy Ledger,CC-INS-005,Motor,AXIS-004,Yes,78.1,56,97.55,Fail,Partially Applied,EXC003,Overpayment,V. Iyer,Lead-1 (QA),Partial allocation; balance in suspense,17-12-2025 10:49,19-12-2025 16:49
TXN-00218,POL-68536,Reyansh Agarwal,25-09-2025 07:49,28-09-2025 02:49,CHQ,CHQ-54359,INR,50000,50000,0,Premium Receivable,PR-400100,Policy Ledger,CC-INS-001,Health,AXIS-004,Yes,98.8,67,98.51,Pass,Applied,,,N. Jain,Lead-1 (QA),Auto-matched and posted,25-09-2025 08:49,28-09-2025 04:49
TXN-00219,POL-39067,Diya Gupta,04-01-2026 07:49,04-01-2026 13:49,CHQ,CHQ-62513,INR,40000,40000,0,Excess Premium,EP-400200,Policy Ledger,CC-INS-004,Property,HDFC-001,Yes,97.6,6,98.75,Pass,Applied,,,A. Nair,Supervisor-A,Auto-matched and posted,04-01-2026 08:49,04-01-2026 13:49
TXN-00220,POL-88579,Aarohi Nair,27-01-2026 07:49,28-01-2026 14:49,SWIFT,SWF-277715,INR,20000,20000,0,Premium Receivable,PR-400100,Policy Ledger,CC-INS-003,Property,AXIS-004,Yes,99,31,99.59,Pass,Applied,,,A. Nair,Lead-1 (QA),Auto-matched and posted,27-01-2026 10:49,28-01-2026 19:49
TXN-00221,POL-18993,Aditya Pillai,13-10-2025 07:49,15-10-2025 05:49,UPI,UPI-955129,INR,50000,0,50000,Suspense Account,SA-209900,Suspense Ledger,CC-INS-004,Life,HDFC-001,Yes,67.1,46,94.02,Fail,Exception,EXC002,Short payment,M. Reddy,Supervisor-A,Exception raised for investigation,13-10-2025 08:49,15-10-2025 11:49
TXN-00222,POL-77277,Krishna Pillai,27-12-2025 07:49,28-12-2025 17:49,CHQ,CHQ-59424,INR,12500,6515,5985,Excess Premium,EP-400200,Policy Ledger,CC-INS-004,Health,ICICI-002,Yes,82.9,34,96.08,Fail,Partially Applied,EXC001,No policy match,K. Bose,Supervisor-B,Partial allocation; balance in suspense,27-12-2025 09:49,28-12-2025 21:49
TXN-00223,POL-80208,Aarav Reddy,04-10-2025 07:49,05-10-2025 21:49,NEFT,NEFT-518309,INR,20000,20000,0,Excess Premium,EP-400200,Policy Ledger,CC-INS-003,Health,ICICI-002,Yes,95.1,38,99.75,Pass,Applied,,,P. Patel,Lead-2 (QA),Auto-matched and posted,04-10-2025 08:49,06-10-2025 02:49
TXN-00224,POL-41726,Krishna Yadav,29-09-2025 07:49,30-09-2025 10:49,RTGS,RTGS-976960,INR,10000,2549,7451,Premium Receivable,PR-400100,Policy Ledger,CC-INS-001,Property,SBI-003,No,80.8,27,96.02,Fail,Partially Applied,,,K. Bose,Supervisor-B,Partial allocation; balance in suspense,29-09-2025 10:49,30-09-2025 16:49
TXN-00225,POL-46009,Myra Singh,10-12-2025 07:49,11-12-2025 20:49,CHQ,CHQ-39110,INR,10000,10000,0,Premium Receivable,PR-400100,Policy Ledger,CC-INS-004,Health,AXIS-004,Yes,96.2,37,99.2,Pass,Applied,,,S. Kapoor,Supervisor-B,Auto-matched and posted,10-12-2025 09:49,12-12-2025 01:49
TXN-00226,POL-11103,Aarav Yadav,07-11-2025 07:49,07-11-2025 21:49,UPI,UPI-479167,INR,15000,15000,0,Premium Receivable,PR-400100,Policy Ledger,CC-INS-002,Property,AXIS-004,Yes,98.8,14,98.98,Pass,Applied,,,A. Nair,Supervisor-B,Auto-matched and posted,07-11-2025 10:49,08-11-2025 03:49
TXN-00227,POL-58799,Diya Patel,12-10-2025 07:49,14-10-2025 18:49,RTGS,RTGS-699166,INR,50000,50000,0,Premium Receivable,PR-400100,Policy Ledger,CC-INS-004,Health,ICICI-002,Yes,97.8,59,99.28,Pass,Applied,,,V. Iyer,Supervisor-B,Auto-matched and posted,12-10-2025 08:49,14-10-2025 19:49
TXN-00228,POL-65249,Myra Kumar,10-01-2026 07:49,13-01-2026 03:49,SWIFT,SWF-855562,INR,30000,30000,0,Premium Receivable,PR-400100,Policy Ledger,CC-INS-001,Health,SBI-003,Yes,95.4,68,99.47,Pass,Applied,,,P. Patel,Lead-1 (QA),Auto-matched and posted,10-01-2026 09:49,13-01-2026 08:49
TXN-00229,POL-53864,Krishna Chopra,02-11-2025 07:49,03-11-2025 17:49,UPI,UPI-120798,INR,20000,0,20000,Suspense Account,SA-209900,Suspense Ledger,CC-INS-002,Motor,SBI-003,No,61,34,96.02,Fail,Unapplied,EXC005,Policy closed/expired,K. Bose,Supervisor-B,Awaiting policy mapping,02-11-2025 10:49,03-11-2025 20:49
TXN-00230,POL-20277,Aadhya Roy,14-10-2025 07:49,16-10-2025 20:49,RTGS,RTGS-275715,INR,20000,20000,0,Premium Receivable,PR-400100,Policy Ledger,CC-INS-003,Health,SBI-003,Yes,98.4,61,98.61,Pass,Applied,,,K. Bose,Supervisor-A,Auto-matched and posted,14-10-2025 10:49,16-10-2025 22:49
TXN-00231,POL-89349,Aadhya Reddy,23-11-2025 07:49,25-11-2025 07:49,SWIFT,SWF-646240,USD,250,250,0,Excess Premium,EP-400200,Policy Ledger,CC-INS-001,Health,ICICI-002,Yes,94.4,48,98.85,Pass,Applied,,,N. Jain,Lead-1 (QA),Auto-matched and posted,23-11-2025 08:49,25-11-2025 07:49
TXN-00232,POL-72021,Sara Verma,08-08-2025 07:49,10-08-2025 11:49,SWIFT,SWF-902156,USD,100,100,0,Premium Receivable,PR-400100,Policy Ledger,CC-INS-002,Motor,AXIS-004,Yes,98.3,52,98.93,Pass,Applied,,,V. Iyer,Lead-2 (QA),Auto-matched and posted,08-08-2025 10:49,10-08-2025 17:49
TXN-00233,POL-32361,Aarav Verma,18-01-2026 07:49,20-01-2026 06:49,UPI,UPI-599284,INR,40000,0,40000,Suspense Account,SA-209900,Suspense Ledger,CC-INS-002,Property,AXIS-004,Yes,59.1,47,97.32,Fail,Unapplied,EXC005,Policy closed/expired,M. Reddy,Supervisor-A,Awaiting policy mapping,18-01-2026 09:49,20-01-2026 10:49
TXN-00234,POL-39770,Aditya Jain,19-10-2025 07:49,21-10-2025 07:49,CHQ,CHQ-44053,INR,5000,5000,0,Premium Receivable,PR-400100,Policy Ledger,CC-INS-001,Property,AXIS-004,Yes,95.1,48,99.16,Pass,Applied,,,M. Reddy,Lead-1 (QA),Auto-matched and posted,19-10-2025 09:49,21-10-2025 13:49
TXN-00235,POL-48393,Saanvi Iyer,03-08-2025 07:49,06-08-2025 07:49,UPI,UPI-297731,INR,40000,40000,0,Premium Receivable,PR-400100,Policy Ledger,CC-INS-002,Motor,HDFC-001,Yes,96.9,72,99.66,Pass,Applied,,,N. Jain,Lead-2 (QA),Auto-matched and posted,03-08-2025 10:49,06-08-2025 13:49
TXN-00236,POL-90375,Krishna Mukherjee,15-01-2026 07:49,18-01-2026 05:49,UPI,UPI-532961,INR,7500,7500,0,Premium Receivable,PR-400100,Policy Ledger,CC-INS-005,Property,ICICI-002,Yes,96.7,70,98.88,Pass,Applied,,,K. Bose,Lead-1 (QA),Auto-matched and posted,15-01-2026 08:49,18-01-2026 05:49
TXN-00237,POL-80119,Aarav Singh,28-08-2025 07:49,29-08-2025 21:49,UPI,UPI-231113,INR,5000,5000,0,Premium Receivable,PR-400100,Policy Ledger,CC-INS-004,Motor,AXIS-004,Yes,95.1,38,98.94,Pass,Applied,,,R. Mehta,Supervisor-A,Auto-matched and posted,28-08-2025 08:49,30-08-2025 03:49
TXN-00238,POL-29148,Vivaan Reddy,10-11-2025 07:49,10-11-2025 18:49,SWIFT,SWF-592984,INR,15000,4281,10719,Premium Receivable,PR-400100,Policy Ledger,CC-INS-001,Health,AXIS-004,No,75.5,11,98.16,Pass,Partially Applied,,,S. Kapoor,Lead-2 (QA),Partial allocation; balance in suspense,10-11-2025 09:49,10-11-2025 21:49
TXN-00239,POL-99318,Ishaan Bose,11-09-2025 07:49,11-09-2025 14:49,SWIFT,SWF-646230,INR,30000,30000,0,Premium Receivable,PR-400100,Policy Ledger,CC-INS-001,Health,AXIS-004,Yes,98.2,7,98.8,Pass,Applied,,,K. Bose,Lead-1 (QA),Auto-matched and posted,11-09-2025 08:49,11-09-2025 20:49
TXN-00240,POL-46188,Ira Agarwal,11-11-2025 07:49,12-11-2025 16:49,NEFT,NEFT-144033,INR,30000,30000,0,Premium Receivable,PR-400100,Policy Ledger,CC-INS-005,Motor,HDFC-001,Yes,94.5,33,99.2,Pass,Applied,,,R. Mehta,Supervisor-A,Auto-matched and posted,11-11-2025 10:49,12-11-2025 17:49
TXN-00241,POL-80300,Vihaan Kumar,04-12-2025 07:49,05-12-2025 14:49,UPI,UPI-685472,INR,20000,6702,13298,Premium Receivable,PR-400100,Policy Ledger,CC-INS-004,Property,SBI-003,No,77.9,31,96.38,Fail,Partially Applied,,,P. Patel,Lead-2 (QA),Partial allocation; balance in suspense,04-12-2025 10:49,05-12-2025 15:49
TXN-00242,POL-81253,Diya Bose,29-11-2025 07:49,30-11-2025 20:49,SWIFT,SWF-681456,INR,40000,40000,0,Premium Receivable,PR-400100,Policy Ledger,CC-INS-005,Property,ICICI-002,Yes,95.2,37,98.5,Pass,Applied,,,R. Mehta,Supervisor-A,Auto-matched and posted,29-11-2025 10:49,30-11-2025 21:49
TXN-00243,POL-52034,Aditya Pillai,09-11-2025 07:49,10-11-2025 09:49,SWIFT,SWF-816412,INR,40000,40000,0,Premium Receivable,PR-400100,Policy Ledger,CC-INS-001,Life,ICICI-002,Yes,94.9,26,98.63,Pass,Applied,,,V. Iyer,Lead-1 (QA),Auto-matched and posted,09-11-2025 08:49,10-11-2025 09:49
TXN-00244,POL-73618,Muhammad Agarwal,10-08-2025 07:49,12-08-2025 10:49,CHQ,CHQ-78920,INR,50000,50000,0,Premium Receivable,PR-400100,Policy Ledger,CC-INS-002,Property,HDFC-001,Yes,93.4,51,99.8,Pass,Applied,,,P. Patel,Lead-1 (QA),Auto-matched and posted,10-08-2025 09:49,12-08-2025 14:49
TXN-00245,POL-64519,Diya Verma,06-01-2026 07:49,07-01-2026 19:49,SWIFT,SWF-142627,INR,15000,15000,0,Premium Receivable,PR-400100,Policy Ledger,CC-INS-004,Health,ICICI-002,Yes,93.6,36,98.82,Pass,Applied,,,A. Nair,Lead-2 (QA),Auto-matched and posted,06-01-2026 10:49,08-01-2026 00:49
TXN-00246,POL-83156,Anika Agarwal,12-01-2026 07:49,14-01-2026 06:49,CHQ,CHQ-97194,INR,7500,7500,0,Premium Receivable,PR-400100,Policy Ledger,CC-INS-005,Property,SBI-003,Yes,95,47,98.72,Pass,Applied,,,K. Bose,Supervisor-A,Auto-matched and posted,12-01-2026 09:49,14-01-2026 09:49
TXN-00247,POL-93000,Anika Bose,04-01-2026 07:49,05-01-2026 15:49,SWIFT,SWF-672130,INR,40000,0,40000,Suspense Account,SA-209900,Suspense Ledger,CC-INS-001,Life,SBI-003,Yes,83.8,32,95.57,Fail,Unapplied,EXC004,Missing remittance,R. Mehta,Lead-2 (QA),Awaiting policy mapping,04-01-2026 09:49,05-01-2026 15:49
TXN-00248,POL-49365,Sai Yadav,21-10-2025 07:49,21-10-2025 11:49,UPI,UPI-680557,INR,50000,0,50000,Suspense Account,SA-209900,Suspense Ledger,CC-INS-003,Motor,ICICI-002,Yes,56.1,4,95.24,Fail,Unapplied,EXC002,Short payment,A. Nair,Supervisor-A,Awaiting policy mapping,21-10-2025 09:49,21-10-2025 11:49
TXN-00249,POL-84774,Aadhya Das,26-09-2025 07:49,26-09-2025 18:49,UPI,UPI-931420,INR,30000,18101,11899,Premium Receivable,PR-400100,Policy Ledger,CC-INS-005,Property,HDFC-001,No,83.1,11,96.84,Fail,Partially Applied,,,R. Mehta,Supervisor-A,Partial allocation; balance in suspense,26-09-2025 09:49,27-09-2025 00:49
TXN-00250,POL-66925,Anika Agarwal,29-09-2025 07:49,29-09-2025 10:49,CHQ,CHQ-17094,INR,5000,5000,0,Premium Receivable,PR-400100,Policy Ledger,CC-INS-004,Property,HDFC-001,Yes,97.2,3,98.71,Pass,Applied,,,A. Nair,Supervisor-B,Auto-matched and posted,29-09-2025 09:49,29-09-2025 16:49
TXN-00251,POL-61684,Arjun Kumar,27-10-2025 07:49,27-10-2025 19:49,CHQ,CHQ-84899,INR,40000,40000,0,Premium Receivable,PR-400100,Policy Ledger,CC-INS-002,Property,ICICI-002,Yes,97.6,12,98.68,Pass,Applied,,,P. Patel,Supervisor-B,Auto-matched and posted,27-10-2025 10:49,27-10-2025 23:49
TXN-00252,POL-35703,Sara Roy,14-12-2025 07:49,15-12-2025 16:49,RTGS,RTGS-175124,INR,25000,25000,0,Excess Premium,EP-400200,Policy Ledger,CC-INS-003,Health,SBI-003,Yes,97,33,99.09,Pass,Applied,,,K. Bose,Lead-1 (QA),Auto-matched and posted,14-12-2025 09:49,15-12-2025 17:49
TXN-00253,POL-55838,Saanvi Jain,08-01-2026 07:49,09-01-2026 03:49,CHQ,CHQ-15882,INR,12500,12500,0,Premium Receivable,PR-400100,Policy Ledger,CC-INS-001,Health,ICICI-002,Yes,98.1,20,98.66,Pass,Applied,,,M. Reddy,Lead-1 (QA),Auto-matched and posted,08-01-2026 09:49,09-01-2026 08:49
TXN-00254,POL-24585,Ishaan Jain,30-11-2025 07:49,30-11-2025 11:49,UPI,UPI-319162,INR,12500,12500,0,Premium Receivable,PR-400100,Policy Ledger,CC-INS-002,Life,AXIS-004,Yes,95.9,4,99.52,Pass,Applied,,,R. Mehta,Supervisor-A,Auto-matched and posted,30-11-2025 08:49,30-11-2025 11:49
TXN-00255,POL-47226,Muhammad Roy,10-10-2025 07:49,10-10-2025 15:49,CHQ,CHQ-95820,INR,7500,7500,0,Premium Receivable,PR-400100,Policy Ledger,CC-INS-001,Motor,AXIS-004,Yes,97,8,99.71,Pass,Applied,,,A. Nair,Supervisor-B,Auto-matched and posted,10-10-2025 10:49,10-10-2025 20:49
TXN-00256,POL-23055,Ananya Bhatia,01-01-2026 07:49,04-01-2026 05:49,NEFT,NEFT-295472,INR,30000,30000,0,Premium Receivable,PR-400100,Policy Ledger,CC-INS-004,Property,ICICI-002,Yes,98.5,70,98.93,Pass,Applied,,,R. Mehta,Supervisor-A,Auto-matched and posted,01-01-2026 10:49,04-01-2026 07:49
TXN-00257,POL-56580,Ishaan Iyer,08-12-2025 07:49,09-12-2025 20:49,NEFT,NEFT-756190,INR,25000,0,25000,Suspense Account,SA-209900,Suspense Ledger,CC-INS-002,Health,SBI-003,No,55.9,37,95.94,Fail,Unapplied,EXC003,Overpayment,N. Jain,Lead-2 (QA),Awaiting policy mapping,08-12-2025 08:49,10-12-2025 01:49
TXN-00258,POL-60096,Aarohi Roy,09-01-2026 07:49,10-01-2026 14:49,CHQ,CHQ-41504,INR,25000,0,25000,Suspense Account,SA-209900,Suspense Ledger,CC-INS-002,Health,ICICI-002,No,64.9,31,95.9,Fail,Exception,EXC002,Short payment,M. Reddy,Lead-2 (QA),Exception raised for investigation,09-01-2026 09:49,10-01-2026 20:49
TXN-00259,POL-29025,Ira Singh,22-10-2025 07:49,22-10-2025 17:49,SWIFT,SWF-658850,INR,7500,7500,0,Premium Receivable,PR-400100,Policy Ledger,CC-INS-004,Property,SBI-003,Yes,93.2,10,98.95,Pass,Applied,,,P. Patel,Supervisor-A,Auto-matched and posted,22-10-2025 08:49,22-10-2025 23:49
TXN-00260,POL-34632,Vihaan Kumar,18-09-2025 07:49,18-09-2025 12:49,SWIFT,SWF-746915,INR,50000,50000,0,Premium Receivable,PR-400100,Policy Ledger,CC-INS-004,Health,AXIS-004,Yes,93.2,5,98.61,Pass,Applied,,,K. Bose,Lead-2 (QA),Auto-matched and posted,18-09-2025 09:49,18-09-2025 15:49
TXN-00261,POL-72108,Arjun Singh,20-09-2025 07:49,21-09-2025 13:49,NEFT,NEFT-528436,INR,5000,0,5000,Suspense Account,SA-209900,Suspense Ledger,CC-INS-002,Life,ICICI-002,No,61.7,30,96.35,Fail,Unapplied,EXC002,Short payment,P. Patel,Supervisor-B,Awaiting policy mapping,20-09-2025 10:49,21-09-2025 15:49
TXN-00262,POL-69971,Sai Mehta,13-11-2025 07:49,13-11-2025 14:49,SWIFT,SWF-871051,INR,20000,20000,0,Excess Premium,EP-400200,Policy Ledger,CC-INS-001,Life,AXIS-004,Yes,96.2,7,99.4,Pass,Applied,,,P. Patel,Lead-1 (QA),Auto-matched and posted,13-11-2025 08:49,13-11-2025 18:49
TXN-00263,POL-80499,Aadhya Verma,22-12-2025 07:49,24-12-2025 10:49,SWIFT,SWF-902328,INR,5000,5000,0,Premium Receivable,PR-400100,Policy Ledger,CC-INS-002,Property,SBI-003,Yes,97.6,51,98.9,Pass,Applied,,,R. Mehta,Lead-2 (QA),Auto-matched and posted,22-12-2025 09:49,24-12-2025 16:49
TXN-00264,POL-94685,Pari Gupta,08-12-2025 07:49,08-12-2025 23:49,RTGS,RTGS-916558,INR,40000,40000,0,Premium Receivable,PR-400100,Policy Ledger,CC-INS-002,Property,HDFC-001,Yes,94.1,16,99.33,Pass,Applied,,,M. Reddy,Supervisor-A,Auto-matched and posted,08-12-2025 10:49,09-12-2025 04:49
TXN-00265,POL-31495,Vihaan Gupta,31-08-2025 07:49,02-09-2025 18:49,UPI,UPI-189450,INR,25000,15711,9289,Excess Premium,EP-400200,Policy Ledger,CC-INS-005,Health,ICICI-002,Yes,82.1,59,96.12,Fail,Partially Applied,EXC003,Overpayment,V. Iyer,Lead-2 (QA),Partial allocation; balance in suspense,31-08-2025 10:49,02-09-2025 18:49
TXN-00266,POL-64995,Ishaan Mukherjee,24-11-2025 07:49,25-11-2025 21:49,RTGS,RTGS-223264,INR,12500,12500,0,Premium Receivable,PR-400100,Policy Ledger,CC-INS-001,Property,ICICI-002,Yes,96,38,99.2,Pass,Applied,,,A. Nair,Supervisor-B,Auto-matched and posted,24-11-2025 09:49,26-11-2025 00:49
TXN-00267,POL-67917,Aditya Roy,02-01-2026 07:49,02-01-2026 09:49,RTGS,RTGS-673929,INR,40000,13176,26824,Premium Receivable,PR-400100,Policy Ledger,CC-INS-005,Motor,SBI-003,Yes,77.7,2,96.41,Fail,Partially Applied,EXC005,Policy closed/expired,S. Kapoor,Lead-1 (QA),Partial allocation; balance in suspense,02-01-2026 08:49,02-01-2026 12:49
TXN-00268,POL-33363,Reyansh Mukherjee,05-01-2026 07:49,06-01-2026 07:49,CHQ,CHQ-85886,INR,5000,5000,0,Premium Receivable,PR-400100,Policy Ledger,CC-INS-004,Life,SBI-003,Yes,95.3,24,98.59,Pass,Applied,,,P. Patel,Lead-2 (QA),Auto-matched and posted,05-01-2026 08:49,06-01-2026 12:49
TXN-00269,POL-45968,Ananya Nair,15-11-2025 07:49,18-11-2025 04:49,RTGS,RTGS-829630,INR,5000,5000,0,Premium Receivable,PR-400100,Policy Ledger,CC-INS-005,Motor,AXIS-004,Yes,98.9,69,99.18,Pass,Applied,,,K. Bose,Supervisor-A,Auto-matched and posted,15-11-2025 10:49,18-11-2025 08:49
TXN-00270,POL-91689,Diya Kumar,06-01-2026 07:49,09-01-2026 00:49,SWIFT,SWF-864605,INR,30000,10887,19113,Excess Premium,EP-400200,Policy Ledger,CC-INS-001,Health,AXIS-004,Yes,74.3,65,96.33,Fail,Partially Applied,,,N. Jain,Lead-1 (QA),Partial allocation; balance in suspense,06-01-2026 09:49,09-01-2026 02:49
TXN-00271,POL-83454,Muhammad Sharma,12-01-2026 07:49,13-01-2026 10:49,UPI,UPI-366776,INR,15000,15000,0,Premium Receivable,PR-400100,Policy Ledger,CC-INS-004,Life,ICICI-002,Yes,93.7,27,98.97,Pass,Applied,,,A. Nair,Supervisor-A,Auto-matched and posted,12-01-2026 09:49,13-01-2026 15:49
TXN-00272,POL-72797,Myra Verma,14-01-2026 07:49,15-01-2026 02:49,CHQ,CHQ-30366,INR,40000,0,40000,Suspense Account,SA-209900,Suspense Ledger,CC-INS-005,Motor,SBI-003,Yes,79.4,19,97.25,Fail,Unapplied,EXC001,No policy match,R. Mehta,Lead-2 (QA),Awaiting policy mapping,14-01-2026 10:49,15-01-2026 07:49
TXN-00273,POL-53479,Diya Gupta,09-09-2025 07:49,10-09-2025 20:49,NEFT,NEFT-455627,USD,400,400,0,Premium Receivable,PR-400100,Policy Ledger,CC-INS-003,Motor,HDFC-001,Yes,94.1,37,98.66,Pass,Applied,,,M. Reddy,Supervisor-B,Auto-matched and posted,09-09-2025 08:49,10-09-2025 23:49
TXN-00274,POL-41148,Diya Jain,18-10-2025 07:49,19-10-2025 12:49,SWIFT,SWF-417003,INR,20000,16787,3213,Premium Receivable,PR-400100,Policy Ledger,CC-INS-002,Motor,AXIS-004,Yes,70.5,29,97.35,Fail,Partially Applied,,,M. Reddy,Supervisor-A,Partial allocation; balance in suspense,18-10-2025 08:49,19-10-2025 18:49
TXN-00275,POL-22878,Aarohi Kumar,23-09-2025 07:49,23-09-2025 13:49,CHQ,CHQ-60801,INR,40000,40000,0,Premium Receivable,PR-400100,Policy Ledger,CC-INS-003,Property,HDFC-001,Yes,98.1,6,99.72,Pass,Applied,,,S. Kapoor,Supervisor-A,Auto-matched and posted,23-09-2025 08:49,23-09-2025 17:49
TXN-00276,POL-50913,Muhammad Bose,22-09-2025 07:49,23-09-2025 09:49,UPI,UPI-390088,INR,30000,30000,0,Premium Receivable,PR-400100,Policy Ledger,CC-INS-005,Life,ICICI-002,Yes,93.7,26,99.84,Pass,Applied,,,K. Bose,Supervisor-A,Auto-matched and posted,22-09-2025 09:49,23-09-2025 10:49
TXN-00277,POL-47128,Ira Iyer,14-09-2025 07:49,14-09-2025 18:49,UPI,UPI-743052,INR,40000,40000,0,Premium Receivable,PR-400100,Policy Ledger,CC-INS-001,Life,AXIS-004,Yes,97.1,11,98.65,Pass,Applied,,,N. Jain,Lead-2 (QA),Auto-matched and posted,14-09-2025 10:49,14-09-2025 22:49
TXN-00278,POL-87693,Pari Roy,01-11-2025 07:49,03-11-2025 00:49,UPI,UPI-957150,INR,40000,40000,0,Excess Premium,EP-400200,Policy Ledger,CC-INS-004,Life,AXIS-004,Yes,96.4,41,98.63,Pass,Applied,,,M. Reddy,Supervisor-B,Auto-matched and posted,01-11-2025 09:49,03-11-2025 01:49
TXN-00279,POL-39333,Arjun Roy,07-10-2025 07:49,09-10-2025 07:49,CHQ,CHQ-34032,INR,20000,10346,9654,Excess Premium,EP-400200,Policy Ledger,CC-INS-002,Motor,SBI-003,Yes,80.5,48,96.98,Fail,Partially Applied,,,V. Iyer,Lead-1 (QA),Partial allocation; balance in suspense,07-10-2025 09:49,09-10-2025 13:49
TXN-00280,POL-24022,Ananya Pillai,15-01-2026 07:49,15-01-2026 18:49,UPI,UPI-658624,INR,50000,50000,0,Premium Receivable,PR-400100,Policy Ledger,CC-INS-003,Health,AXIS-004,Yes,98.8,11,99.04,Pass,Applied,,,N. Jain,Supervisor-A,Auto-matched and posted,15-01-2026 10:49,15-01-2026 23:49
TXN-00281,POL-40953,Reyansh Gupta,26-12-2025 07:49,28-12-2025 23:49,NEFT,NEFT-720928,INR,20000,20000,0,Premium Receivable,PR-400100,Policy Ledger,CC-INS-001,Property,SBI-003,Yes,98.7,64,98.6,Pass,Applied,,,P. Patel,Lead-1 (QA),Auto-matched and posted,26-12-2025 08:49,29-12-2025 00:49
TXN-00282,POL-28208,Ira Sharma,08-09-2025 07:49,09-09-2025 04:49,CHQ,CHQ-79632,INR,50000,50000,0,Premium Receivable,PR-400100,Policy Ledger,CC-INS-003,Property,SBI-003,Yes,94.9,21,99.3,Pass,Applied,,,S. Kapoor,Lead-1 (QA),Auto-matched and posted,08-09-2025 10:49,09-09-2025 08:49
TXN-00283,POL-62978,Arjun Mukherjee,17-08-2025 07:49,19-08-2025 08:49,SWIFT,SWF-155708,INR,40000,32115,7885,Premium Receivable,PR-400100,Policy Ledger,CC-INS-004,Property,AXIS-004,No,75.2,49,97.97,Fail,Partially Applied,EXC003,Overpayment,N. Jain,Lead-2 (QA),Partial allocation; balance in suspense,17-08-2025 10:49,19-08-2025 09:49
TXN-00284,POL-72242,Arjun Yadav,22-12-2025 07:49,24-12-2025 10:49,UPI,UPI-980764,INR,15000,0,15000,Suspense Account,SA-209900,Suspense Ledger,CC-INS-002,Property,AXIS-004,No,59,51,94.25,Fail,Exception,EXC001,No policy match,V. Iyer,Lead-1 (QA),Exception raised for investigation,22-12-2025 08:49,24-12-2025 15:49
TXN-00285,POL-64507,Pari Roy,18-11-2025 07:49,19-11-2025 08:49,CHQ,CHQ-76770,INR,30000,30000,0,Premium Receivable,PR-400100,Policy Ledger,CC-INS-002,Motor,AXIS-004,Yes,93,25,99.2,Pass,Applied,,,K. Bose,Lead-1 (QA),Auto-matched and posted,18-11-2025 08:49,19-11-2025 12:49
TXN-00286,POL-73342,Diya Agarwal,28-12-2025 07:49,30-12-2025 22:49,NEFT,NEFT-248989,INR,40000,0,40000,Suspense Account,SA-209900,Suspense Ledger,CC-INS-005,Life,ICICI-002,No,78.4,63,95.63,Fail,Exception,EXC001,No policy match,P. Patel,Lead-1 (QA),Exception raised for investigation,28-12-2025 10:49,31-12-2025 03:49
TXN-00287,POL-80673,Ira Mukherjee,05-01-2026 07:49,05-01-2026 15:49,UPI,UPI-661023,INR,30000,30000,0,Excess Premium,EP-400200,Policy Ledger,CC-INS-003,Motor,ICICI-002,Yes,95,8,98.99,Pass,Applied,,,R. Mehta,Supervisor-A,Auto-matched and posted,05-01-2026 10:49,05-01-2026 21:49
TXN-00288,POL-83886,Krishna Verma,10-01-2026 07:49,12-01-2026 21:49,SWIFT,SWF-277292,INR,15000,6012,8988,Premium Receivable,PR-400100,Policy Ledger,CC-INS-005,Motor,SBI-003,Yes,81.1,62,98.38,Pass,Partially Applied,EXC002,Short payment,M. Reddy,Lead-1 (QA),Partial allocation; balance in suspense,10-01-2026 10:49,12-01-2026 21:49
TXN-00289,POL-89144,Reyansh Das,09-09-2025 07:49,11-09-2025 18:49,UPI,UPI-947082,INR,12500,12500,0,Premium Receivable,PR-400100,Policy Ledger,CC-INS-002,Health,AXIS-004,Yes,95.1,59,98.62,Pass,Applied,,,N. Jain,Supervisor-B,Auto-matched and posted,09-09-2025 08:49,11-09-2025 23:49
TXN-00290,POL-67695,Reyansh Yadav,27-12-2025 07:49,29-12-2025 05:49,NEFT,NEFT-773459,INR,7500,7500,0,Premium Receivable,PR-400100,Policy Ledger,CC-INS-005,Health,AXIS-004,Yes,95.9,46,99.83,Pass,Applied,,,N. Jain,Supervisor-B,Auto-matched and posted,27-12-2025 09:49,29-12-2025 06:49
TXN-00291,POL-79526,Anika Sharma,14-10-2025 07:49,16-10-2025 18:49,CHQ,CHQ-98931,INR,40000,40000,0,Premium Receivable,PR-400100,Policy Ledger,CC-INS-004,Motor,SBI-003,No,91.4,59,99.13,Pass,Applied,,,M. Reddy,Supervisor-A,Manual verification completed,14-10-2025 08:49,16-10-2025 20:49
TXN-00292,POL-95766,Ira Patel,28-11-2025 07:49,29-11-2025 15:49,SWIFT,SWF-907924,INR,20000,20000,0,Excess Premium,EP-400200,Policy Ledger,CC-INS-001,Life,AXIS-004,Yes,93.1,32,98.51,Pass,Applied,,,S. Kapoor,Lead-1 (QA),Auto-matched and posted,28-11-2025 10:49,29-11-2025 18:49
TXN-00293,POL-56073,Sai Mukherjee,05-10-2025 07:49,06-10-2025 09:49,NEFT,NEFT-124851,INR,5000,0,5000,Suspense Account,SA-209900,Suspense Ledger,CC-INS-001,Life,ICICI-002,No,80.1,26,97.33,Fail,Unapplied,EXC001,No policy match,N. Jain,Lead-2 (QA),Awaiting policy mapping,05-10-2025 08:49,06-10-2025 14:49
TXN-00294,POL-34151,Krishna Mukherjee,29-11-2025 07:49,29-11-2025 18:49,CHQ,CHQ-46226,INR,20000,20000,0,Premium Receivable,PR-400100,Policy Ledger,CC-INS-001,Motor,SBI-003,Yes,93.4,11,99.04,Pass,Applied,,,V. Iyer,Supervisor-B,Auto-matched and posted,29-11-2025 08:49,29-11-2025 21:49
TXN-00295,POL-36302,Saanvi Patel,16-09-2025 07:49,18-09-2025 23:49,NEFT,NEFT-250861,INR,25000,25000,0,Premium Receivable,PR-400100,Policy Ledger,CC-INS-001,Life,SBI-003,No,93,64,98.64,Pass,Applied,,,P. Patel,Lead-1 (QA),Manual verification completed,16-09-2025 09:49,19-09-2025 00:49
TXN-00296,POL-95572,Aarav Verma,19-01-2026 07:49,21-01-2026 10:49,UPI,UPI-258971,INR,25000,25000,0,Premium Receivable,PR-400100,Policy Ledger,CC-INS-001,Health,HDFC-001,No,88.3,51,98.24,Pass,Applied,,,N. Jain,Supervisor-B,Manual verification completed,19-01-2026 08:49,21-01-2026 14:49
TXN-00297,POL-80163,Diya Bose,23-01-2026 07:49,24-01-2026 23:49,CHQ,CHQ-17234,INR,7500,7500,0,Excess Premium,EP-400200,Policy Ledger,CC-INS-003,Health,ICICI-002,Yes,98,40,99.56,Pass,Applied,,,R. Mehta,Supervisor-B,Auto-matched and posted,23-01-2026 10:49,25-01-2026 00:49
TXN-00298,POL-49173,Aadhya Agarwal,10-01-2026 07:49,12-01-2026 06:49,CHQ,CHQ-21123,INR,30000,10055,19945,Premium Receivable,PR-400100,Policy Ledger,CC-INS-003,Property,AXIS-004,No,83,47,97.37,Fail,Partially Applied,EXC005,Policy closed/expired,R. Mehta,Lead-1 (QA),Partial allocation; balance in suspense,10-01-2026 09:49,12-01-2026 06:49
TXN-00299,POL-54265,Vivaan Patel,01-09-2025 07:49,02-09-2025 12:49,SWIFT,SWF-580636,INR,40000,40000,0,Premium Receivable,PR-400100,Policy Ledger,CC-INS-001,Property,HDFC-001,No,78.8,29,97.74,Fail,Applied,,,A. Nair,Lead-2 (QA),Manual verification completed,01-09-2025 08:49,02-09-2025 13:49
TXN-00300,POL-92924,Vivaan Mukherjee,26-08-2025 07:49,28-08-2025 19:49,SWIFT,SWF-278980,INR,7500,4110,3390,Premium Receivable,PR-400100,Policy Ledger,CC-INS-004,Motor,HDFC-001,No,74.9,60,98.25,Pass,Partially Applied,,,V. Iyer,Supervisor-A,Partial allocation; balance in suspense,26-08-2025 08:49,29-08-2025 01:49
TXN-00301,POL-15975,Ira Singh,26-10-2025 07:49,26-10-2025 17:49,NEFT,NEFT-387198,INR,25000,25000,0,Premium Receivable,PR-400100,Policy Ledger,CC-INS-002,Life,AXIS-004,Yes,94.5,10,99.31,Pass,Applied,,,V. Iyer,Lead-1 (QA),Auto-matched and posted,26-10-2025 09:49,26-10-2025 17:49
TXN-00302,POL-10832,Aarav Singh,24-08-2025 07:49,25-08-2025 21:49,CHQ,CHQ-72391,INR,12500,12500,0,Premium Receivable,PR-400100,Policy Ledger,CC-INS-001,Health,AXIS-004,Yes,94.4,38,98.74,Pass,Applied,,,S. Kapoor,Supervisor-A,Auto-matched and posted,24-08-2025 09:49,26-08-2025 00:49
TXN-00303,POL-10599,Sara Iyer,20-09-2025 07:49,21-09-2025 00:49,SWIFT,SWF-200331,INR,40000,40000,0,Premium Receivable,PR-400100,Policy Ledger,CC-INS-001,Health,AXIS-004,Yes,94.2,17,98.57,Pass,Applied,,,P. Patel,Lead-2 (QA),Auto-matched and posted,20-09-2025 08:49,21-09-2025 05:49
TXN-00304,POL-15651,Vivaan Chopra,13-10-2025 07:49,14-10-2025 11:49,CHQ,CHQ-42949,INR,30000,30000,0,Premium Receivable,PR-400100,Policy Ledger,CC-INS-004,Life,HDFC-001,No,81.7,28,98.84,Pass,Applied,,,A. Nair,Supervisor-B,Manual verification completed,13-10-2025 10:49,14-10-2025 15:49
TXN-00305,POL-52725,Anika Yadav,22-01-2026 07:49,24-01-2026 02:49,RTGS,RTGS-916814,INR,12500,12500,0,Premium Receivable,PR-400100,Policy Ledger,CC-INS-004,Property,HDFC-001,Yes,95.3,43,98.81,Pass,Applied,,,N. Jain,Lead-2 (QA),Auto-matched and posted,22-01-2026 08:49,24-01-2026 06:49
TXN-00306,POL-69636,Reyansh Patel,05-11-2025 07:49,06-11-2025 02:49,CHQ,CHQ-35448,INR,15000,15000,0,Premium Receivable,PR-400100,Policy Ledger,CC-INS-004,Property,AXIS-004,Yes,93.4,19,98.69,Pass,Applied,,,V. Iyer,Supervisor-A,Auto-matched and posted,05-11-2025 08:49,06-11-2025 04:49
TXN-00307,POL-89119,Reyansh Roy,14-09-2025 07:49,17-09-2025 07:49,RTGS,RTGS-190674,INR,40000,40000,0,Excess Premium,EP-400200,Policy Ledger,CC-INS-004,Health,ICICI-002,Yes,98,72,98.89,Pass,Applied,,,K. Bose,Supervisor-B,Auto-matched and posted,14-09-2025 10:49,17-09-2025 08:49
TXN-00308,POL-87564,Arjun Das,03-08-2025 07:49,05-08-2025 14:49,NEFT,NEFT-142004,USD,400,229,171,Premium Receivable,PR-400100,Policy Ledger,CC-INS-002,Life,HDFC-001,Yes,87.6,55,98.3,Pass,Partially Applied,,,N. Jain,Lead-2 (QA),Partial allocation; balance in suspense,03-08-2025 08:49,05-08-2025 16:49
TXN-00309,POL-48769,Sai Gupta,06-08-2025 07:49,08-08-2025 22:49,UPI,UPI-269662,INR,50000,25919,24081,Premium Receivable,PR-400100,Policy Ledger,CC-INS-003,Property,HDFC-001,No,89.2,63,97.14,Fail,Partially Applied,,,S. Kapoor,Supervisor-B,Partial allocation; balance in suspense,06-08-2025 10:49,09-08-2025 00:49
TXN-00310,POL-79588,Vivaan Mukherjee,19-11-2025 07:49,20-11-2025 19:49,SWIFT,SWF-668784,INR,12500,10207,2293,Premium Receivable,PR-400100,Policy Ledger,CC-INS-001,Life,AXIS-004,No,71.2,36,98.65,Pass,Partially Applied,,,K. Bose,Supervisor-B,Partial allocation; balance in suspense,19-11-2025 10:49,20-11-2025 19:49
TXN-00311,POL-57916,Diya Singh,14-01-2026 07:49,14-01-2026 17:49,SWIFT,SWF-843793,INR,10000,0,10000,Suspense Account,SA-209900,Suspense Ledger,CC-INS-002,Health,SBI-003,Yes,58.4,10,95.67,Fail,Exception,EXC005,Policy closed/expired,K. Bose,Supervisor-A,Exception raised for investigation,14-01-2026 10:49,14-01-2026 22:49
TXN-00312,POL-65434,Krishna Verma,18-08-2025 07:49,20-08-2025 08:49,UPI,UPI-574386,INR,40000,22893,17107,Premium Receivable,PR-400100,Policy Ledger,CC-INS-002,Property,HDFC-001,No,89.8,49,97.27,Fail,Partially Applied,EXC001,No policy match,S. Kapoor,Supervisor-B,Partial allocation; balance in suspense,18-08-2025 08:49,20-08-2025 10:49
TXN-00313,POL-20085,Vihaan Singh,11-10-2025 07:49,11-10-2025 23:49,RTGS,RTGS-620438,INR,12500,12500,0,Premium Receivable,PR-400100,Policy Ledger,CC-INS-002,Property,SBI-003,Yes,98.8,16,99.26,Pass,Applied,,,N. Jain,Supervisor-B,Auto-matched and posted,11-10-2025 10:49,12-10-2025 04:49
TXN-00314,POL-12815,Ishaan Yadav,18-08-2025 07:49,18-08-2025 11:49,RTGS,RTGS-975505,INR,20000,20000,0,Premium Receivable,PR-400100,Policy Ledger,CC-INS-005,Property,AXIS-004,Yes,95,4,99.33,Pass,Applied,,,M. Reddy,Lead-2 (QA),Auto-matched and posted,18-08-2025 09:49,18-08-2025 12:49
TXN-00315,POL-44079,Sai Bhatia,05-11-2025 07:49,06-11-2025 21:49,NEFT,NEFT-255544,INR,30000,0,30000,Suspense Account,SA-209900,Suspense Ledger,CC-INS-002,Health,ICICI-002,No,59.8,38,95.87,Fail,Exception,EXC002,Short payment,A. Nair,Lead-1 (QA),Exception raised for investigation,05-11-2025 08:49,06-11-2025 23:49
TXN-00316,POL-85304,Arjun Jain,07-10-2025 07:49,09-10-2025 08:49,RTGS,RTGS-315120,INR,5000,5000,0,Excess Premium,EP-400200,Policy Ledger,CC-INS-005,Motor,HDFC-001,Yes,95.7,49,99.87,Pass,Applied,,,R. Mehta,Supervisor-B,Auto-matched and posted,07-10-2025 09:49,09-10-2025 14:49
TXN-00317,POL-29055,Pari Bose,10-09-2025 07:49,10-09-2025 09:49,SWIFT,SWF-632056,INR,15000,15000,0,Premium Receivable,PR-400100,Policy Ledger,CC-INS-002,Property,SBI-003,No,98.6,2,99.3,Pass,Applied,,,S. Kapoor,Supervisor-B,Manual verification completed,10-09-2025 08:49,10-09-2025 10:49
TXN-00318,POL-98867,Sara Agarwal,19-10-2025 07:49,19-10-2025 12:49,CHQ,CHQ-90939,INR,30000,30000,0,Premium Receivable,PR-400100,Policy Ledger,CC-INS-003,Health,HDFC-001,Yes,94.2,5,99.24,Pass,Applied,,,S. Kapoor,Supervisor-B,Auto-matched and posted,19-10-2025 10:49,19-10-2025 17:49
TXN-00319,POL-21452,Aarohi Patel,20-09-2025 07:49,22-09-2025 23:49,UPI,UPI-732471,INR,5000,0,5000,Suspense Account,SA-209900,Suspense Ledger,CC-INS-004,Motor,HDFC-001,Yes,59.4,64,96.99,Fail,Unapplied,EXC003,Overpayment,M. Reddy,Supervisor-A,Awaiting policy mapping,20-09-2025 09:49,23-09-2025 01:49
TXN-00320,POL-68402,Sara Gupta,26-09-2025 07:49,28-09-2025 17:49,CHQ,CHQ-67999,INR,25000,19621,5379,Premium Receivable,PR-400100,Policy Ledger,CC-INS-005,Motor,HDFC-001,Yes,73.2,58,96.85,Fail,Partially Applied,,,N. Jain,Lead-1 (QA),Partial allocation; balance in suspense,26-09-2025 08:49,28-09-2025 20:49
TXN-00321,POL-93729,Krishna Mehta,15-09-2025 07:49,17-09-2025 20:49,SWIFT,SWF-891930,INR,12500,12500,0,Premium Receivable,PR-400100,Policy Ledger,CC-INS-005,Motor,AXIS-004,Yes,93.3,61,99.66,Pass,Applied,,,P. Patel,Lead-2 (QA),Auto-matched and posted,15-09-2025 08:49,18-09-2025 02:49
TXN-00322,POL-10320,Arjun Reddy,17-10-2025 07:49,19-10-2025 21:49,NEFT,NEFT-785572,INR,15000,15000,0,Premium Receivable,PR-400100,Policy Ledger,CC-INS-003,Property,HDFC-001,Yes,94.5,62,98.67,Pass,Applied,,,K. Bose,Supervisor-B,Auto-matched and posted,17-10-2025 10:49,20-10-2025 00:49
TXN-00323,POL-43804,Myra Agarwal,05-11-2025 07:49,08-11-2025 02:49,SWIFT,SWF-118397,INR,10000,10000,0,Premium Receivable,PR-400100,Policy Ledger,CC-INS-001,Motor,SBI-003,Yes,97.2,67,99,Pass,Applied,,,N. Jain,Supervisor-A,Auto-matched and posted,05-11-2025 08:49,08-11-2025 04:49
TXN-00324,POL-48228,Aarohi Gupta,11-12-2025 07:49,12-12-2025 09:49,RTGS,RTGS-901834,INR,10000,10000,0,Excess Premium,EP-400200,Policy Ledger,CC-INS-003,Life,SBI-003,Yes,97.1,26,98.92,Pass,Applied,,,V. Iyer,Lead-1 (QA),Auto-matched and posted,11-12-2025 08:49,12-12-2025 13:49
TXN-00325,POL-46885,Diya Bhatia,15-11-2025 07:49,17-11-2025 04:49,RTGS,RTGS-207392,INR,40000,40000,0,Premium Receivable,PR-400100,Policy Ledger,CC-INS-005,Life,AXIS-004,Yes,96.7,45,99.66,Pass,Applied,,,P. Patel,Lead-1 (QA),Auto-matched and posted,15-11-2025 08:49,17-11-2025 10:49
TXN-00326,POL-27200,Aarav Bhatia,30-10-2025 07:49,01-11-2025 00:49,UPI,UPI-245766,INR,50000,50000,0,Excess Premium,EP-400200,Policy Ledger,CC-INS-001,Health,ICICI-002,Yes,94.8,41,99.54,Pass,Applied,,,V. Iyer,Lead-2 (QA),Auto-matched and posted,30-10-2025 09:49,01-11-2025 01:49
TXN-00327,POL-37504,Arjun Gupta,18-11-2025 07:49,18-11-2025 23:49,NEFT,NEFT-119719,INR,25000,25000,0,Premium Receivable,PR-400100,Policy Ledger,CC-INS-001,Motor,HDFC-001,Yes,96.1,16,98.58,Pass,Applied,,,S. Kapoor,Supervisor-A,Auto-matched and posted,18-11-2025 10:49,18-11-2025 23:49
TXN-00328,POL-22648,Vihaan Roy,23-09-2025 07:49,24-09-2025 10:49,RTGS,RTGS-803175,INR,7500,7500,0,Premium Receivable,PR-400100,Policy Ledger,CC-INS-005,Health,HDFC-001,Yes,96.5,27,98.99,Pass,Applied,,,S. Kapoor,Lead-1 (QA),Auto-matched and posted,23-09-2025 10:49,24-09-2025 11:49
TXN-00329,POL-35106,Ishaan Singh,17-12-2025 07:49,17-12-2025 09:49,NEFT,NEFT-324411,INR,30000,30000,0,Premium Receivable,PR-400100,Policy Ledger,CC-INS-003,Property,AXIS-004,Yes,98.7,2,98.75,Pass,Applied,,,A. Nair,Lead-2 (QA),Auto-matched and posted,17-12-2025 09:49,17-12-2025 09:49
TXN-00330,POL-51193,Vihaan Jain,30-08-2025 07:49,02-09-2025 03:49,RTGS,RTGS-619900,INR,15000,15000,0,Premium Receivable,PR-400100,Policy Ledger,CC-INS-005,Motor,AXIS-004,Yes,93.7,68,98.9,Pass,Applied,,,A. Nair,Supervisor-B,Auto-matched and posted,30-08-2025 09:49,02-09-2025 09:49
TXN-00331,POL-66093,Muhammad Gupta,01-12-2025 07:49,03-12-2025 08:49,RTGS,RTGS-113406,USD,250,250,0,Premium Receivable,PR-400100,Policy Ledger,CC-INS-004,Property,HDFC-001,Yes,97.1,49,98.67,Pass,Applied,,,V. Iyer,Lead-1 (QA),Auto-matched and posted,01-12-2025 09:49,03-12-2025 09:49
TXN-00332,POL-54385,Muhammad Roy,13-11-2025 07:49,14-11-2025 00:49,RTGS,RTGS-978821,INR,30000,30000,0,Premium Receivable,PR-400100,Policy Ledger,CC-INS-004,Motor,AXIS-004,Yes,94.6,17,99.61,Pass,Applied,,,N. Jain,Supervisor-B,Auto-matched and posted,13-11-2025 10:49,14-11-2025 02:49
TXN-00333,POL-29316,Pari Agarwal,02-09-2025 07:49,03-09-2025 17:49,CHQ,CHQ-75178,INR,10000,10000,0,Premium Receivable,PR-400100,Policy Ledger,CC-INS-002,Property,SBI-003,Yes,96,34,98.54,Pass,Applied,,,V. Iyer,Supervisor-A,Auto-matched and posted,02-09-2025 10:49,03-09-2025 21:49
TXN-00334,POL-22626,Aditya Nair,06-12-2025 07:49,08-12-2025 20:49,RTGS,RTGS-407823,INR,30000,30000,0,Premium Receivable,PR-400100,Policy Ledger,CC-INS-001,Property,HDFC-001,Yes,96.2,61,98.52,Pass,Applied,,,N. Jain,Supervisor-B,Auto-matched and posted,06-12-2025 09:49,09-12-2025 02:49
TXN-00335,POL-59327,Pari Jain,11-08-2025 07:49,11-08-2025 13:49,RTGS,RTGS-683707,INR,15000,0,15000,Suspense Account,SA-209900,Suspense Ledger,CC-INS-004,Life,AXIS-004,Yes,67.9,6,95.09,Fail,Unapplied,EXC004,Missing remittance,P. Patel,Supervisor-B,Awaiting policy mapping,11-08-2025 10:49,11-08-2025 19:49
TXN-00336,POL-30487,Aarohi Verma,10-11-2025 07:49,11-11-2025 18:49,CHQ,CHQ-87469,USD,300,300,0,Premium Receivable,PR-400100,Policy Ledger,CC-INS-002,Motor,SBI-003,Yes,93.4,35,99.33,Pass,Applied,,,R. Mehta,Supervisor-A,Auto-matched and posted,10-11-2025 09:49,11-11-2025 18:49
TXN-00337,POL-66118,Diya Chopra,15-11-2025 07:49,17-11-2025 05:49,NEFT,NEFT-793360,INR,12500,12500,0,Premium Receivable,PR-400100,Policy Ledger,CC-INS-003,Health,HDFC-001,No,79.4,46,98.02,Pass,Applied,,,K. Bose,Lead-1 (QA),Manual verification completed,15-11-2025 09:49,17-11-2025 10:49
TXN-00338,POL-65374,Ira Nair,17-11-2025 07:49,18-11-2025 19:49,NEFT,NEFT-829765,INR,5000,0,5000,Suspense Account,SA-209900,Suspense Ledger,CC-INS-001,Health,SBI-003,Yes,66.7,36,96,Fail,Exception,EXC004,Missing remittance,P. Patel,Supervisor-A,Exception raised for investigation,17-11-2025 08:49,18-11-2025 23:49
TXN-00339,POL-49258,Diya Mehta,22-09-2025 07:49,25-09-2025 00:49,NEFT,NEFT-981202,INR,12500,12500,0,Premium Receivable,PR-400100,Policy Ledger,CC-INS-001,Life,SBI-003,No,86.4,65,97.88,Fail,Applied,,,M. Reddy,Lead-1 (QA),Manual verification completed,22-09-2025 10:49,25-09-2025 06:49
TXN-00340,POL-79607,Myra Mehta,24-09-2025 07:49,26-09-2025 05:49,NEFT,NEFT-783185,INR,40000,23119,16881,Premium Receivable,PR-400100,Policy Ledger,CC-INS-005,Health,HDFC-001,Yes,78.9,46,97.75,Fail,Partially Applied,,,V. Iyer,Supervisor-B,Partial allocation; balance in suspense,24-09-2025 08:49,26-09-2025 10:49
TXN-00341,POL-71249,Krishna Pillai,06-01-2026 07:49,08-01-2026 16:49,SWIFT,SWF-861911,INR,40000,40000,0,Premium Receivable,PR-400100,Policy Ledger,CC-INS-004,Property,SBI-003,Yes,97.5,57,99.57,Pass,Applied,,,S. Kapoor,Lead-2 (QA),Auto-matched and posted,06-01-2026 09:49,08-01-2026 18:49
TXN-00342,POL-47623,Reyansh Reddy,24-01-2026 07:49,25-01-2026 15:49,CHQ,CHQ-41258,INR,12500,12500,0,Premium Receivable,PR-400100,Policy Ledger,CC-INS-004,Life,ICICI-002,Yes,95.9,32,99.89,Pass,Applied,,,V. Iyer,Supervisor-A,Auto-matched and posted,24-01-2026 08:49,25-01-2026 15:49
TXN-00343,POL-43868,Krishna Pillai,16-09-2025 07:49,16-09-2025 14:49,CHQ,CHQ-12609,INR,7500,7500,0,Premium Receivable,PR-400100,Policy Ledger,CC-INS-001,Property,ICICI-002,Yes,98.7,7,99.76,Pass,Applied,,,A. Nair,Lead-1 (QA),Auto-matched and posted,16-09-2025 10:49,16-09-2025 19:49
TXN-00344,POL-75568,Vihaan Nair,19-01-2026 07:49,22-01-2026 04:49,UPI,UPI-620566,INR,12500,12500,0,Premium Receivable,PR-400100,Policy Ledger,CC-INS-002,Property,ICICI-002,Yes,98,69,99.53,Pass,Applied,,,V. Iyer,Lead-1 (QA),Auto-matched and posted,19-01-2026 08:49,22-01-2026 05:49
TXN-00345,POL-45985,Pari Mehta,06-10-2025 07:49,06-10-2025 16:49,CHQ,CHQ-79922,INR,7500,7500,0,Premium Receivable,PR-400100,Policy Ledger,CC-INS-002,Motor,AXIS-004,Yes,98.8,9,99.73,Pass,Applied,,,K. Bose,Supervisor-A,Auto-matched and posted,06-10-2025 08:49,06-10-2025 21:49
TXN-00346,POL-89405,Vivaan Verma,25-01-2026 07:49,26-01-2026 15:49,UPI,UPI-679577,INR,20000,0,20000,Suspense Account,SA-209900,Suspense Ledger,CC-INS-004,Life,AXIS-004,No,71,32,94.83,Fail,Unapplied,EXC004,Missing remittance,M. Reddy,Supervisor-A,Awaiting policy mapping,25-01-2026 08:49,26-01-2026 21:49
TXN-00347,POL-40862,Ishaan Yadav,12-09-2025 07:49,14-09-2025 17:49,UPI,UPI-951703,INR,25000,6402,18598,Premium Receivable,PR-400100,Policy Ledger,CC-INS-003,Property,HDFC-001,No,80.8,58,98.06,Pass,Partially Applied,,,V. Iyer,Supervisor-A,Partial allocation; balance in suspense,12-09-2025 10:49,14-09-2025 17:49
TXN-00348,POL-56118,Anika Roy,20-12-2025 07:49,22-12-2025 02:49,CHQ,CHQ-13584,INR,10000,10000,0,Premium Receivable,PR-400100,Policy Ledger,CC-INS-003,Life,HDFC-001,Yes,95.4,43,99.38,Pass,Applied,,,V. Iyer,Lead-2 (QA),Auto-matched and posted,20-12-2025 10:49,22-12-2025 07:49
TXN-00349,POL-95089,Arjun Roy,24-01-2026 07:49,26-01-2026 13:49,UPI,UPI-573421,INR,10000,10000,0,Premium Receivable,PR-400100,Policy Ledger,CC-INS-004,Motor,ICICI-002,Yes,97.8,54,98.78,Pass,Applied,,,N. Jain,Supervisor-B,Auto-matched and posted,24-01-2026 10:49,26-01-2026 14:49
TXN-00350,POL-12717,Aarav Pillai,14-01-2026 07:49,15-01-2026 14:49,NEFT,NEFT-584887,INR,10000,10000,0,Premium Receivable,PR-400100,Policy Ledger,CC-INS-002,Life,HDFC-001,Yes,93.9,31,99.84,Pass,Applied,,,N. Jain,Supervisor-B,Auto-matched and posted,14-01-2026 10:49,15-01-2026 17:49
TXN-00351,POL-25533,Sai Yadav,19-09-2025 07:49,20-09-2025 19:49,UPI,UPI-882702,INR,10000,10000,0,Premium Receivable,PR-400100,Policy Ledger,CC-INS-002,Property,ICICI-002,Yes,97.9,36,99.52,Pass,Applied,,,N. Jain,Lead-2 (QA),Auto-matched and posted,19-09-2025 08:49,20-09-2025 21:49
TXN-00352,POL-44314,Sai Roy,25-11-2025 07:49,26-11-2025 16:49,UPI,UPI-711218,INR,30000,30000,0,Premium Receivable,PR-400100,Policy Ledger,CC-INS-002,Property,AXIS-004,Yes,98.8,33,99.06,Pass,Applied,,,M. Reddy,Lead-1 (QA),Auto-matched and posted,25-11-2025 08:49,26-11-2025 20:49
TXN-00353,POL-17700,Vivaan Bose,01-10-2025 07:49,03-10-2025 21:49,UPI,UPI-735829,INR,50000,10188,39812,Premium Receivable,PR-400100,Policy Ledger,CC-INS-002,Life,ICICI-002,Yes,78.4,62,98.74,Pass,Partially Applied,,,M. Reddy,Lead-2 (QA),Partial allocation; balance in suspense,01-10-2025 10:49,04-10-2025 00:49
TXN-00354,POL-54456,Pari Kumar,24-08-2025 07:49,26-08-2025 01:49,SWIFT,SWF-553959,INR,7500,7500,0,Excess Premium,EP-400200,Policy Ledger,CC-INS-003,Property,SBI-003,Yes,98.8,42,98.89,Pass,Applied,,,M. Reddy,Supervisor-A,Auto-matched and posted,24-08-2025 10:49,26-08-2025 03:49
TXN-00355,POL-67117,Reyansh Bose,05-12-2025 07:49,06-12-2025 04:49,SWIFT,SWF-994470,INR,30000,30000,0,Premium Receivable,PR-400100,Policy Ledger,CC-INS-004,Property,HDFC-001,Yes,93.2,21,98.86,Pass,Applied,,,P. Patel,Lead-1 (QA),Auto-matched and posted,05-12-2025 09:49,06-12-2025 06:49
TXN-00356,POL-83512,Myra Jain,06-12-2025 07:49,06-12-2025 23:49,RTGS,RTGS-229660,INR,12500,0,12500,Suspense Account,SA-209900,Suspense Ledger,CC-INS-005,Health,HDFC-001,Yes,60,16,95.78,Fail,Unapplied,EXC003,Overpayment,V. Iyer,Supervisor-B,Awaiting policy mapping,06-12-2025 08:49,07-12-2025 00:49
TXN-00357,POL-75288,Vihaan Bose,08-08-2025 07:49,09-08-2025 21:49,NEFT,NEFT-513316,INR,7500,1926,5574,Premium Receivable,PR-400100,Policy Ledger,CC-INS-005,Life,SBI-003,No,84.5,38,97.27,Fail,Partially Applied,,,R. Mehta,Supervisor-B,Partial allocation; balance in suspense,08-08-2025 09:49,10-08-2025 02:49
TXN-00358,POL-84600,Arjun Yadav,14-08-2025 07:49,15-08-2025 21:49,UPI,UPI-936917,INR,7500,7500,0,Premium Receivable,PR-400100,Policy Ledger,CC-INS-004,Life,HDFC-001,Yes,94.5,38,98.84,Pass,Applied,,,A. Nair,Lead-2 (QA),Auto-matched and posted,14-08-2025 09:49,16-08-2025 03:49
TXN-00359,POL-62742,Ishaan Kumar,01-09-2025 07:49,02-09-2025 23:49,CHQ,CHQ-66670,INR,15000,0,15000,Suspense Account,SA-209900,Suspense Ledger,CC-INS-005,Health,AXIS-004,No,65.8,40,94.34,Fail,Unapplied,EXC003,Overpayment,P. Patel,Supervisor-B,Awaiting policy mapping,01-09-2025 09:49,03-09-2025 01:49
TXN-00360,POL-83801,Saanvi Mehta,25-08-2025 07:49,27-08-2025 15:49,UPI,UPI-743687,INR,25000,25000,0,Premium Receivable,PR-400100,Policy Ledger,CC-INS-002,Property,HDFC-001,No,92.2,56,99.41,Pass,Applied,,,M. Reddy,Supervisor-B,Manual verification completed,25-08-2025 09:49,27-08-2025 15:49
TXN-00361,POL-72601,Ishaan Kumar,03-09-2025 07:49,04-09-2025 23:49,RTGS,RTGS-648501,INR,50000,50000,0,Premium Receivable,PR-400100,Policy Ledger,CC-INS-001,Property,SBI-003,Yes,93.6,40,99.09,Pass,Applied,,,K. Bose,Supervisor-A,Auto-matched and posted,03-09-2025 10:49,04-09-2025 23:49
TXN-00362,POL-75987,Aarav Agarwal,18-01-2026 07:49,20-01-2026 20:49,RTGS,RTGS-924366,INR,25000,25000,0,Premium Receivable,PR-400100,Policy Ledger,CC-INS-004,Motor,SBI-003,Yes,94.9,61,99.51,Pass,Applied,,,V. Iyer,Lead-2 (QA),Auto-matched and posted,18-01-2026 08:49,20-01-2026 20:49
TXN-00363,POL-89174,Krishna Agarwal,21-11-2025 07:49,24-11-2025 05:49,NEFT,NEFT-106131,INR,5000,5000,0,Premium Receivable,PR-400100,Policy Ledger,CC-INS-005,Property,SBI-003,Yes,98.2,70,99.85,Pass,Applied,,,K. Bose,Supervisor-B,Auto-matched and posted,21-11-2025 09:49,24-11-2025 05:49
TXN-00364,POL-26395,Arjun Sharma,19-09-2025 07:49,19-09-2025 23:49,NEFT,NEFT-829842,USD,500,500,0,Premium Receivable,PR-400100,Policy Ledger,CC-INS-005,Health,HDFC-001,Yes,94.5,16,99.68,Pass,Applied,,,M. Reddy,Supervisor-B,Auto-matched and posted,19-09-2025 08:49,20-09-2025 02:49
TXN-00365,POL-65296,Aarav Agarwal,13-09-2025 07:49,14-09-2025 04:49,CHQ,CHQ-73576,INR,30000,30000,0,Premium Receivable,PR-400100,Policy Ledger,CC-INS-001,Life,AXIS-004,Yes,98,21,98.57,Pass,Applied,,,N. Jain,Supervisor-B,Auto-matched and posted,13-09-2025 10:49,14-09-2025 08:49
TXN-00366,POL-88097,Sara Mukherjee,11-08-2025 07:49,13-08-2025 23:49,CHQ,CHQ-73714,INR,50000,0,50000,Suspense Account,SA-209900,Suspense Ledger,CC-INS-005,Life,AXIS-004,No,81,64,94.81,Fail,Unapplied,EXC001,No policy match,K. Bose,Lead-1 (QA),Awaiting policy mapping,11-08-2025 09:49,14-08-2025 04:49
TXN-00367,POL-64675,Myra Agarwal,06-12-2025 07:49,08-12-2025 05:49,CHQ,CHQ-67177,INR,15000,7600,7400,Premium Receivable,PR-400100,Policy Ledger,CC-INS-004,Health,SBI-003,Yes,82.9,46,97.92,Fail,Partially Applied,,,N. Jain,Supervisor-B,Partial allocation; balance in suspense,06-12-2025 10:49,08-12-2025 10:49
TXN-00368,POL-57219,Myra Singh,08-01-2026 07:49,09-01-2026 11:49,UPI,UPI-824248,INR,30000,30000,0,Premium Receivable,PR-400100,Policy Ledger,CC-INS-004,Motor,ICICI-002,Yes,93.6,28,99.08,Pass,Applied,,,A. Nair,Lead-1 (QA),Auto-matched and posted,08-01-2026 08:49,09-01-2026 13:49
TXN-00369,POL-44184,Diya Singh,15-09-2025 07:49,18-09-2025 01:49,NEFT,NEFT-946007,INR,25000,25000,0,Premium Receivable,PR-400100,Policy Ledger,CC-INS-003,Life,SBI-003,Yes,95.9,66,99.89,Pass,Applied,,,V. Iyer,Lead-1 (QA),Auto-matched and posted,15-09-2025 10:49,18-09-2025 01:49
TXN-00370,POL-67386,Pari Agarwal,29-08-2025 07:49,29-08-2025 22:49,SWIFT,SWF-144008,INR,10000,10000,0,Excess Premium,EP-400200,Policy Ledger,CC-INS-004,Property,HDFC-001,No,81.3,15,98,Pass,Applied,,,V. Iyer,Supervisor-A,Manual verification completed,29-08-2025 09:49,30-08-2025 04:49
TXN-00371,POL-28058,Vihaan Yadav,22-11-2025 07:49,24-11-2025 14:49,NEFT,NEFT-357232,INR,30000,30000,0,Premium Receivable,PR-400100,Policy Ledger,CC-INS-003,Health,ICICI-002,Yes,95.2,55,99.56,Pass,Applied,,,N. Jain,Lead-2 (QA),Auto-matched and posted,22-11-2025 08:49,24-11-2025 20:49
TXN-00372,POL-66206,Anika Mehta,27-11-2025 07:49,30-11-2025 03:49,UPI,UPI-131208,INR,5000,1244,3756,Premium Receivable,PR-400100,Policy Ledger,CC-INS-004,Life,ICICI-002,Yes,78.8,68,98.16,Pass,Partially Applied,,,R. Mehta,Supervisor-A,Partial allocation; balance in suspense,27-11-2025 09:49,30-11-2025 06:49
TXN-00373,POL-99243,Sara Mukherjee,21-10-2025 07:49,23-10-2025 05:49,NEFT,NEFT-967176,INR,40000,40000,0,Premium Receivable,PR-400100,Policy Ledger,CC-INS-005,Property,SBI-003,Yes,96.9,46,99.74,Pass,Applied,,,N. Jain,Lead-2 (QA),Auto-matched and posted,21-10-2025 09:49,23-10-2025 05:49
TXN-00374,POL-14845,Sara Bose,09-11-2025 07:49,10-11-2025 01:49,SWIFT,SWF-667059,INR,7500,7500,0,Premium Receivable,PR-400100,Policy Ledger,CC-INS-005,Motor,ICICI-002,Yes,96.8,18,98.53,Pass,Applied,,,M. Reddy,Supervisor-B,Auto-matched and posted,09-11-2025 10:49,10-11-2025 01:49
TXN-00375,POL-17857,Diya Reddy,09-01-2026 07:49,12-01-2026 01:49,UPI,UPI-229827,INR,7500,7500,0,Premium Receivable,PR-400100,Policy Ledger,CC-INS-005,Health,SBI-003,Yes,95,66,98.83,Pass,Applied,,,M. Reddy,Supervisor-A,Auto-matched and posted,09-01-2026 10:49,12-01-2026 07:49
TXN-00376,POL-85073,Arjun Patel,13-12-2025 07:49,14-12-2025 16:49,NEFT,NEFT-443772,INR,12500,3357,9143,Premium Receivable,PR-400100,Policy Ledger,CC-INS-004,Health,AXIS-004,No,88.2,33,96.23,Fail,Partially Applied,EXC002,Short payment,S. Kapoor,Supervisor-A,Partial allocation; balance in suspense,13-12-2025 10:49,14-12-2025 20:49
TXN-00377,POL-62789,Ira Pillai,12-12-2025 07:49,14-12-2025 11:49,UPI,UPI-712686,INR,25000,0,25000,Suspense Account,SA-209900,Suspense Ledger,CC-INS-002,Health,ICICI-002,No,83.4,52,96.56,Fail,Exception,EXC004,Missing remittance,P. Patel,Supervisor-B,Exception raised for investigation,12-12-2025 08:49,14-12-2025 16:49
TXN-00378,POL-77264,Aarohi Agarwal,26-01-2026 07:49,27-01-2026 12:49,CHQ,CHQ-72043,INR,10000,0,10000,Suspense Account,SA-209900,Suspense Ledger,CC-INS-001,Life,SBI-003,Yes,83.6,29,96.11,Fail,Unapplied,EXC004,Missing remittance,M. Reddy,Lead-1 (QA),Awaiting policy mapping,26-01-2026 10:49,27-01-2026 13:49
TXN-00379,POL-25432,Diya Mukherjee,05-11-2025 07:49,06-11-2025 23:49,UPI,UPI-609529,INR,10000,10000,0,Premium Receivable,PR-400100,Policy Ledger,CC-INS-002,Health,AXIS-004,Yes,98.4,40,99.74,Pass,Applied,,,R. Mehta,Lead-1 (QA),Auto-matched and posted,05-11-2025 10:49,07-11-2025 01:49
TXN-00380,POL-18855,Vivaan Mehta,03-12-2025 07:49,05-12-2025 00:49,SWIFT,SWF-574348,INR,25000,25000,0,Premium Receivable,PR-400100,Policy Ledger,CC-INS-004,Property,AXIS-004,Yes,97.6,41,99.21,Pass,Applied,,,V. Iyer,Supervisor-A,Auto-matched and posted,03-12-2025 08:49,05-12-2025 06:49
TXN-00381,POL-91889,Saanvi Mehta,09-11-2025 07:49,10-11-2025 14:49,CHQ,CHQ-54433,INR,30000,24185,5815,Premium Receivable,PR-400100,Policy Ledger,CC-INS-005,Life,HDFC-001,No,82.6,31,98.23,Pass,Partially Applied,,,A. Nair,Lead-1 (QA),Partial allocation; balance in suspense,09-11-2025 10:49,10-11-2025 18:49
TXN-00382,POL-34824,Myra Nair,06-08-2025 07:49,07-08-2025 00:49,SWIFT,SWF-288474,USD,200,139,61,Premium Receivable,PR-400100,Policy Ledger,CC-INS-004,Life,AXIS-004,No,79.8,17,98.26,Pass,Partially Applied,,,R. Mehta,Supervisor-A,Partial allocation; balance in suspense,06-08-2025 09:49,07-08-2025 01:49
TXN-00383,POL-64386,Aarav Nair,22-10-2025 07:49,24-10-2025 09:49,UPI,UPI-195446,INR,7500,7500,0,Premium Receivable,PR-400100,Policy Ledger,CC-INS-004,Health,HDFC-001,Yes,97.6,50,98.72,Pass,Applied,,,K. Bose,Lead-2 (QA),Auto-matched and posted,22-10-2025 08:49,24-10-2025 14:49
TXN-00384,POL-17667,Ishaan Patel,27-08-2025 07:49,29-08-2025 01:49,RTGS,RTGS-532876,INR,15000,15000,0,Premium Receivable,PR-400100,Policy Ledger,CC-INS-005,Health,AXIS-004,Yes,94.2,42,99.55,Pass,Applied,,,N. Jain,Lead-1 (QA),Auto-matched and posted,27-08-2025 09:49,29-08-2025 01:49
TXN-00385,POL-51724,Pari Pillai,14-11-2025 07:49,14-11-2025 17:49,CHQ,CHQ-13788,INR,12500,0,12500,Suspense Account,SA-209900,Suspense Ledger,CC-INS-002,Health,SBI-003,Yes,71.6,10,96.05,Fail,Unapplied,EXC001,No policy match,N. Jain,Supervisor-B,Awaiting policy mapping,14-11-2025 08:49,14-11-2025 23:49
TXN-00386,POL-93335,Aarohi Yadav,07-09-2025 07:49,09-09-2025 08:49,SWIFT,SWF-276358,INR,40000,0,40000,Suspense Account,SA-209900,Suspense Ledger,CC-INS-005,Motor,ICICI-002,No,71.7,49,94.15,Fail,Exception,EXC004,Missing remittance,R. Mehta,Lead-1 (QA),Exception raised for investigation,07-09-2025 09:49,09-09-2025 10:49
TXN-00387,POL-88363,Krishna Patel,30-10-2025 07:49,31-10-2025 12:49,SWIFT,SWF-981521,INR,5000,5000,0,Premium Receivable,PR-400100,Policy Ledger,CC-INS-002,Motor,AXIS-004,Yes,93.5,29,99.48,Pass,Applied,,,A. Nair,Supervisor-A,Auto-matched and posted,30-10-2025 10:49,31-10-2025 14:49
TXN-00388,POL-93252,Krishna Jain,10-10-2025 07:49,11-10-2025 16:49,UPI,UPI-458224,INR,50000,50000,0,Excess Premium,EP-400200,Policy Ledger,CC-INS-001,Life,ICICI-002,Yes,98.5,33,99.35,Pass,Applied,,,N. Jain,Supervisor-B,Auto-matched and posted,10-10-2025 09:49,11-10-2025 20:49
TXN-00389,POL-20636,Aditya Pillai,09-08-2025 07:49,11-08-2025 17:49,NEFT,NEFT-470141,USD,250,81,169,Premium Receivable,PR-400100,Policy Ledger,CC-INS-002,Property,HDFC-001,No,85.3,58,96.02,Fail,Partially Applied,,,A. Nair,Lead-1 (QA),Partial allocation; balance in suspense,09-08-2025 09:49,11-08-2025 22:49
TXN-00390,POL-56900,Muhammad Gupta,06-01-2026 07:49,07-01-2026 23:49,RTGS,RTGS-345637,USD,200,200,0,Premium Receivable,PR-400100,Policy Ledger,CC-INS-004,Life,SBI-003,Yes,96.6,40,98.51,Pass,Applied,,,P. Patel,Lead-2 (QA),Auto-matched and posted,06-01-2026 10:49,08-01-2026 00:49
TXN-00391,POL-96486,Ira Roy,24-12-2025 07:49,25-12-2025 07:49,NEFT,NEFT-716735,INR,7500,7500,0,Excess Premium,EP-400200,Policy Ledger,CC-INS-003,Health,HDFC-001,Yes,98.3,24,99.52,Pass,Applied,,,M. Reddy,Supervisor-B,Auto-matched and posted,24-12-2025 08:49,25-12-2025 10:49
TXN-00392,POL-94012,Vivaan Bose,20-11-2025 07:49,22-11-2025 13:49,UPI,UPI-227630,INR,30000,30000,0,Premium Receivable,PR-400100,Policy Ledger,CC-INS-004,Property,SBI-003,Yes,97.3,54,98.57,Pass,Applied,,,R. Mehta,Supervisor-B,Auto-matched and posted,20-11-2025 08:49,22-11-2025 15:49
TXN-00393,POL-20722,Ira Sharma,28-09-2025 07:49,30-09-2025 15:49,NEFT,NEFT-362127,INR,20000,20000,0,Premium Receivable,PR-400100,Policy Ledger,CC-INS-005,Motor,SBI-003,Yes,95.9,56,99.63,Pass,Applied,,,A. Nair,Lead-1 (QA),Auto-matched and posted,28-09-2025 09:49,30-09-2025 16:49
TXN-00394,POL-54669,Vivaan Bose,13-12-2025 07:49,14-12-2025 15:49,NEFT,NEFT-913432,INR,30000,18158,11842,Premium Receivable,PR-400100,Policy Ledger,CC-INS-002,Life,AXIS-004,Yes,71.3,32,96.09,Fail,Partially Applied,EXC001,No policy match,R. Mehta,Supervisor-A,Partial allocation; balance in suspense,13-12-2025 10:49,14-12-2025 20:49
TXN-00395,POL-66602,Aditya Agarwal,22-01-2026 07:49,22-01-2026 16:49,SWIFT,SWF-154738,INR,25000,25000,0,Premium Receivable,PR-400100,Policy Ledger,CC-INS-005,Life,AXIS-004,Yes,98.2,9,99.6,Pass,Applied,,,N. Jain,Supervisor-B,Auto-matched and posted,22-01-2026 09:49,22-01-2026 20:49
TXN-00396,POL-91163,Vihaan Bose,15-01-2026 07:49,15-01-2026 12:49,CHQ,CHQ-77792,INR,12500,12500,0,Premium Receivable,PR-400100,Policy Ledger,CC-INS-005,Health,SBI-003,Yes,96.6,5,99.68,Pass,Applied,,,K. Bose,Supervisor-B,Auto-matched and posted,15-01-2026 09:49,15-01-2026 17:49
TXN-00397,POL-91376,Pari Singh,03-10-2025 07:49,04-10-2025 02:49,NEFT,NEFT-163429,INR,50000,50000,0,Excess Premium,EP-400200,Policy Ledger,CC-INS-002,Health,AXIS-004,Yes,94.9,19,99.74,Pass,Applied,,,M. Reddy,Supervisor-A,Auto-matched and posted,03-10-2025 09:49,04-10-2025 04:49
TXN-00398,POL-11059,Aarohi Das,17-01-2026 07:49,18-01-2026 03:49,NEFT,NEFT-348918,INR,40000,0,40000,Suspense Account,SA-209900,Suspense Ledger,CC-INS-001,Motor,ICICI-002,Yes,60.9,20,94.7,Fail,Unapplied,EXC002,Short payment,P. Patel,Supervisor-B,Awaiting policy mapping,17-01-2026 10:49,18-01-2026 08:49
TXN-00399,POL-53403,Ira Das,26-10-2025 07:49,27-10-2025 23:49,CHQ,CHQ-53072,INR,30000,0,30000,Suspense Account,SA-209900,Suspense Ledger,CC-INS-002,Property,ICICI-002,No,69.9,40,97.22,Fail,Unapplied,EXC002,Short payment,A. Nair,Supervisor-B,Awaiting policy mapping,26-10-2025 10:49,28-10-2025 05:49
TXN-00400,POL-53452,Aadhya Yadav,12-11-2025 07:49,13-11-2025 08:49,NEFT,NEFT-480441,INR,20000,20000,0,Premium Receivable,PR-400100,Policy Ledger,CC-INS-003,Life,HDFC-001,Yes,94.2,25,99.32,Pass,Applied,,,A. Nair,Lead-2 (QA),Auto-matched and posted,12-11-2025 09:49,13-11-2025 09:49
TXN-00401,POL-38697,Krishna Singh,27-10-2025 07:49,30-10-2025 07:49,RTGS,RTGS-287214,INR,10000,2147,7853,Excess Premium,EP-400200,Policy Ledger,CC-INS-003,Property,ICICI-002,No,78.3,72,98.2,Pass,Partially Applied,EXC002,Short payment,K. Bose,Supervisor-A,Partial allocation; balance in suspense,27-10-2025 10:49,30-10-2025 08:49
TXN-00402,POL-79065,Saanvi Mehta,18-08-2025 07:49,19-08-2025 00:49,RTGS,RTGS-237148,INR,12500,12500,0,Premium Receivable,PR-400100,Policy Ledger,CC-INS-001,Health,SBI-003,Yes,95.6,17,99.39,Pass,Applied,,,V. Iyer,Supervisor-A,Auto-matched and posted,18-08-2025 08:49,19-08-2025 00:49
TXN-00403,POL-92504,Krishna Kumar,10-12-2025 07:49,12-12-2025 23:49,RTGS,RTGS-862627,INR,30000,9516,20484,Premium Receivable,PR-400100,Policy Ledger,CC-INS-004,Health,SBI-003,Yes,89.4,64,98.1,Pass,Partially Applied,EXC005,Policy closed/expired,K. Bose,Supervisor-B,Partial allocation; balance in suspense,10-12-2025 10:49,13-12-2025 02:49
TXN-00404,POL-72096,Krishna Das,12-11-2025 07:49,12-11-2025 13:49,RTGS,RTGS-330189,INR,30000,0,30000,Suspense Account,SA-209900,Suspense Ledger,CC-INS-002,Motor,SBI-003,Yes,64.2,6,97.11,Fail,Unapplied,EXC005,Policy closed/expired,S. Kapoor,Lead-2 (QA),Awaiting policy mapping,12-11-2025 08:49,12-11-2025 15:49
TXN-00405,POL-68262,Aarohi Chopra,29-09-2025 07:49,29-09-2025 14:49,CHQ,CHQ-77143,INR,25000,25000,0,Premium Receivable,PR-400100,Policy Ledger,CC-INS-001,Health,AXIS-004,Yes,96,7,98.88,Pass,Applied,,,A. Nair,Supervisor-A,Auto-matched and posted,29-09-2025 10:49,29-09-2025 14:49
TXN-00406,POL-57067,Aditya Mukherjee,08-12-2025 07:49,11-12-2025 02:49,SWIFT,SWF-774920,INR,15000,0,15000,Suspense Account,SA-209900,Suspense Ledger,CC-INS-003,Health,SBI-003,Yes,57.1,67,94.13,Fail,Unapplied,EXC002,Short payment,M. Reddy,Supervisor-A,Awaiting policy mapping,08-12-2025 10:49,11-12-2025 08:49
TXN-00407,POL-99592,Krishna Yadav,29-01-2026 07:49,30-01-2026 02:49,SWIFT,SWF-373820,INR,15000,15000,0,Premium Receivable,PR-400100,Policy Ledger,CC-INS-001,Property,ICICI-002,No,97.9,19,99.65,Pass,Applied,,,N. Jain,Lead-2 (QA),Manual verification completed,29-01-2026 08:49,30-01-2026 07:49
TXN-00408,POL-37508,Myra Iyer,12-12-2025 07:49,15-12-2025 07:49,CHQ,CHQ-70476,INR,7500,7500,0,Premium Receivable,PR-400100,Policy Ledger,CC-INS-004,Life,SBI-003,Yes,97.2,72,98.79,Pass,Applied,,,V. Iyer,Lead-2 (QA),Auto-matched and posted,12-12-2025 09:49,15-12-2025 12:49
TXN-00409,POL-11268,Myra Chopra,27-10-2025 07:49,28-10-2025 13:49,CHQ,CHQ-65799,INR,25000,10244,14756,Premium Receivable,PR-400100,Policy Ledger,CC-INS-005,Property,AXIS-004,Yes,82.5,30,96.09,Fail,Partially Applied,EXC003,Overpayment,A. Nair,Supervisor-B,Partial allocation; balance in suspense,27-10-2025 08:49,28-10-2025 17:49
TXN-00410,POL-60650,Muhammad Bhatia,29-08-2025 07:49,31-08-2025 03:49,SWIFT,SWF-573469,INR,15000,15000,0,Premium Receivable,PR-400100,Policy Ledger,CC-INS-004,Life,ICICI-002,Yes,93.2,44,99.46,Pass,Applied,,,A. Nair,Lead-1 (QA),Auto-matched and posted,29-08-2025 09:49,31-08-2025 05:49
TXN-00411,POL-36986,Sai Mukherjee,17-01-2026 07:49,20-01-2026 04:49,NEFT,NEFT-576749,INR,40000,40000,0,Premium Receivable,PR-400100,Policy Ledger,CC-INS-002,Property,AXIS-004,No,86.2,69,99.18,Pass,Applied,,,S. Kapoor,Supervisor-B,Manual verification completed,17-01-2026 08:49,20-01-2026 05:49
TXN-00412,POL-36958,Ishaan Mehta,19-01-2026 07:49,21-01-2026 21:49,RTGS,RTGS-733035,INR,15000,15000,0,Premium Receivable,PR-400100,Policy Ledger,CC-INS-002,Property,HDFC-001,Yes,94.7,62,98.51,Pass,Applied,,,N. Jain,Lead-2 (QA),Auto-matched and posted,19-01-2026 10:49,21-01-2026 23:49
TXN-00413,POL-84609,Myra Jain,28-11-2025 07:49,28-11-2025 14:49,NEFT,NEFT-401897,INR,30000,30000,0,Premium Receivable,PR-400100,Policy Ledger,CC-INS-002,Property,ICICI-002,Yes,95.3,7,99.65,Pass,Applied,,,V. Iyer,Supervisor-B,Auto-matched and posted,28-11-2025 09:49,28-11-2025 17:49
TXN-00414,POL-96386,Reyansh Das,26-08-2025 07:49,28-08-2025 11:49,NEFT,NEFT-351338,INR,10000,10000,0,Premium Receivable,PR-400100,Policy Ledger,CC-INS-002,Property,AXIS-004,Yes,98.5,52,99.48,Pass,Applied,,,S. Kapoor,Supervisor-A,Auto-matched and posted,26-08-2025 08:49,28-08-2025 17:49
TXN-00415,POL-23791,Aarohi Bose,14-11-2025 07:49,16-11-2025 18:49,RTGS,RTGS-365045,INR,5000,5000,0,Premium Receivable,PR-400100,Policy Ledger,CC-INS-004,Health,AXIS-004,Yes,97.5,59,99.03,Pass,Applied,,,R. Mehta,Lead-1 (QA),Auto-matched and posted,14-11-2025 09:49,16-11-2025 18:49
TXN-00416,POL-27888,Ananya Jain,04-12-2025 07:49,06-12-2025 20:49,NEFT,NEFT-186558,INR,12500,6619,5881,Premium Receivable,PR-400100,Policy Ledger,CC-INS-002,Motor,HDFC-001,Yes,73.6,61,98.35,Pass,Partially Applied,,,N. Jain,Lead-2 (QA),Partial allocation; balance in suspense,04-12-2025 08:49,07-12-2025 01:49
TXN-00417,POL-11469,Krishna Kumar,22-11-2025 07:49,24-11-2025 06:49,RTGS,RTGS-327197,INR,40000,40000,0,Premium Receivable,PR-400100,Policy Ledger,CC-INS-001,Property,SBI-003,Yes,97.9,47,99.4,Pass,Applied,,,P. Patel,Lead-1 (QA),Auto-matched and posted,22-11-2025 10:49,24-11-2025 06:49
TXN-00418,POL-16378,Aadhya Yadav,04-10-2025 07:49,06-10-2025 08:49,RTGS,RTGS-309700,INR,25000,25000,0,Premium Receivable,PR-400100,Policy Ledger,CC-INS-001,Health,ICICI-002,Yes,97.1,49,98.59,Pass,Applied,,,R. Mehta,Supervisor-B,Auto-matched and posted,04-10-2025 10:49,06-10-2025 08:49
TXN-00419,POL-52879,Ananya Pillai,09-01-2026 07:49,10-01-2026 09:49,SWIFT,SWF-317180,INR,25000,0,25000,Suspense Account,SA-209900,Suspense Ledger,CC-INS-001,Property,SBI-003,Yes,61.4,26,95.25,Fail,Unapplied,EXC002,Short payment,R. Mehta,Supervisor-B,Awaiting policy mapping,09-01-2026 08:49,10-01-2026 12:49
TXN-00420,POL-38848,Aditya Reddy,15-01-2026 07:49,17-01-2026 08:49,NEFT,NEFT-170601,INR,25000,25000,0,Premium Receivable,PR-400100,Policy Ledger,CC-INS-005,Health,SBI-003,No,80.1,49,98.41,Pass,Applied,,,S. Kapoor,Supervisor-A,Manual verification completed,15-01-2026 10:49,17-01-2026 13:49
TXN-00421,POL-60930,Arjun Bose,15-09-2025 07:49,17-09-2025 01:49,CHQ,CHQ-18849,INR,50000,0,50000,Suspense Account,SA-209900,Suspense Ledger,CC-INS-005,Life,ICICI-002,Yes,70.3,42,96.6,Fail,Unapplied,EXC005,Policy closed/expired,R. Mehta,Lead-1 (QA),Awaiting policy mapping,15-09-2025 09:49,17-09-2025 02:49
TXN-00422,POL-66164,Sai Roy,22-08-2025 07:49,22-08-2025 16:49,RTGS,RTGS-492716,INR,12500,12500,0,Premium Receivable,PR-400100,Policy Ledger,CC-INS-004,Motor,ICICI-002,Yes,98.5,9,99.34,Pass,Applied,,,M. Reddy,Supervisor-A,Auto-matched and posted,22-08-2025 10:49,22-08-2025 22:49
TXN-00423,POL-15191,Aarohi Mehta,14-01-2026 07:49,15-01-2026 21:49,NEFT,NEFT-340134,INR,20000,20000,0,Premium Receivable,PR-400100,Policy Ledger,CC-INS-002,Property,SBI-003,Yes,98.5,38,99.88,Pass,Applied,,,V. Iyer,Supervisor-B,Auto-matched and posted,14-01-2026 10:49,15-01-2026 21:49
TXN-00424,POL-18469,Myra Gupta,20-09-2025 07:49,20-09-2025 15:49,RTGS,RTGS-314140,INR,10000,10000,0,Premium Receivable,PR-400100,Policy Ledger,CC-INS-004,Motor,ICICI-002,No,83,8,97.63,Fail,Applied,,,A. Nair,Lead-2 (QA),Manual verification completed,20-09-2025 09:49,20-09-2025 16:49
TXN-00425,POL-89410,Sai Mukherjee,14-10-2025 07:49,16-10-2025 18:49,RTGS,RTGS-385066,INR,30000,30000,0,Excess Premium,EP-400200,Policy Ledger,CC-INS-005,Property,ICICI-002,Yes,94,59,99.12,Pass,Applied,,,P. Patel,Lead-1 (QA),Auto-matched and posted,14-10-2025 09:49,16-10-2025 21:49
TXN-00426,POL-20909,Ishaan Roy,17-12-2025 07:49,18-12-2025 04:49,SWIFT,SWF-861945,INR,25000,25000,0,Premium Receivable,PR-400100,Policy Ledger,CC-INS-002,Property,ICICI-002,Yes,96.6,21,98.6,Pass,Applied,,,V. Iyer,Lead-2 (QA),Auto-matched and posted,17-12-2025 08:49,18-12-2025 04:49
TXN-00427,POL-75627,Diya Bhatia,13-11-2025 07:49,15-11-2025 14:49,CHQ,CHQ-58908,INR,15000,15000,0,Premium Receivable,PR-400100,Policy Ledger,CC-INS-004,Health,ICICI-002,Yes,93.2,55,99.79,Pass,Applied,,,N. Jain,Supervisor-A,Auto-matched and posted,13-11-2025 10:49,15-11-2025 16:49
TXN-00428,POL-76795,Myra Chopra,27-01-2026 07:49,27-01-2026 16:49,CHQ,CHQ-65579,INR,12500,12500,0,Excess Premium,EP-400200,Policy Ledger,CC-INS-002,Motor,AXIS-004,Yes,97.2,9,98.54,Pass,Applied,,,V. Iyer,Supervisor-A,Auto-matched and posted,27-01-2026 08:49,27-01-2026 20:49
TXN-00429,POL-85804,Reyansh Sharma,31-08-2025 07:49,31-08-2025 20:49,CHQ,CHQ-62122,INR,7500,7500,0,Premium Receivable,PR-400100,Policy Ledger,CC-INS-003,Property,SBI-003,Yes,98,13,98.85,Pass,Applied,,,N. Jain,Lead-1 (QA),Auto-matched and posted,31-08-2025 08:49,01-09-2025 01:49
TXN-00430,POL-85053,Diya Kumar,09-10-2025 07:49,10-10-2025 11:49,CHQ,CHQ-50383,INR,10000,2489,7511,Premium Receivable,PR-400100,Policy Ledger,CC-INS-002,Health,SBI-003,No,81.5,28,97.83,Fail,Partially Applied,,,V. Iyer,Lead-2 (QA),Partial allocation; balance in suspense,09-10-2025 08:49,10-10-2025 14:49
TXN-00431,POL-33853,Aarohi Agarwal,25-11-2025 07:49,26-11-2025 12:49,RTGS,RTGS-310701,INR,10000,8881,1119,Premium Receivable,PR-400100,Policy Ledger,CC-INS-001,Motor,HDFC-001,No,79.7,29,98.56,Pass,Partially Applied,EXC002,Short payment,N. Jain,Lead-1 (QA),Partial allocation; balance in suspense,25-11-2025 09:49,26-11-2025 12:49
TXN-00432,POL-54846,Aarav Das,01-10-2025 07:49,03-10-2025 22:49,CHQ,CHQ-98185,INR,5000,5000,0,Premium Receivable,PR-400100,Policy Ledger,CC-INS-001,Health,HDFC-001,Yes,96.5,63,99.88,Pass,Applied,,,N. Jain,Supervisor-A,Auto-matched and posted,01-10-2025 09:49,04-10-2025 01:49
TXN-00433,POL-54175,Saanvi Mehta,27-10-2025 07:49,29-10-2025 08:49,UPI,UPI-430536,INR,20000,20000,0,Premium Receivable,PR-400100,Policy Ledger,CC-INS-001,Life,AXIS-004,Yes,95.1,49,98.96,Pass,Applied,,,N. Jain,Lead-2 (QA),Auto-matched and posted,27-10-2025 08:49,29-10-2025 12:49
TXN-00434,POL-26108,Aarohi Reddy,28-01-2026 07:49,29-01-2026 16:49,UPI,UPI-573870,INR,30000,30000,0,Premium Receivable,PR-400100,Policy Ledger,CC-INS-003,Life,SBI-003,Yes,96.8,33,99.82,Pass,Applied,,,R. Mehta,Supervisor-A,Auto-matched and posted,28-01-2026 10:49,29-01-2026 19:49
TXN-00435,POL-40612,Saanvi Bhatia,12-11-2025 07:49,12-11-2025 19:49,UPI,UPI-548702,INR,30000,0,30000,Suspense Account,SA-209900,Suspense Ledger,CC-INS-005,Health,ICICI-002,No,82.2,12,96.57,Fail,Exception,EXC003,Overpayment,R. Mehta,Lead-2 (QA),Exception raised for investigation,12-11-2025 09:49,13-11-2025 01:49
TXN-00436,POL-21415,Ishaan Pillai,29-11-2025 07:49,30-11-2025 06:49,CHQ,CHQ-25162,INR,40000,40000,0,Premium Receivable,PR-400100,Policy Ledger,CC-INS-004,Life,ICICI-002,Yes,97,23,98.63,Pass,Applied,,,K. Bose,Supervisor-B,Auto-matched and posted,29-11-2025 09:49,30-11-2025 07:49
TXN-00437,POL-43767,Myra Agarwal,19-01-2026 07:49,20-01-2026 02:49,SWIFT,SWF-764323,INR,7500,2675,4825,Premium Receivable,PR-400100,Policy Ledger,CC-INS-005,Property,ICICI-002,Yes,90.3,19,96.18,Fail,Partially Applied,EXC004,Missing remittance,A. Nair,Supervisor-A,Partial allocation; balance in suspense,19-01-2026 08:49,20-01-2026 04:49
TXN-00438,POL-21492,Vihaan Gupta,28-10-2025 07:49,29-10-2025 09:49,NEFT,NEFT-700665,INR,20000,0,20000,Suspense Account,SA-209900,Suspense Ledger,CC-INS-002,Property,AXIS-004,Yes,55.1,26,94.22,Fail,Exception,EXC005,Policy closed/expired,K. Bose,Supervisor-A,Exception raised for investigation,28-10-2025 10:49,29-10-2025 15:49
TXN-00439,POL-26555,Aarohi Roy,31-12-2025 07:49,01-01-2026 13:49,NEFT,NEFT-514515,INR,30000,30000,0,Premium Receivable,PR-400100,Policy Ledger,CC-INS-002,Motor,ICICI-002,Yes,94.3,30,99.45,Pass,Applied,,,R. Mehta,Supervisor-A,Auto-matched and posted,31-12-2025 09:49,01-01-2026 17:49
TXN-00440,POL-26182,Krishna Das,02-12-2025 07:49,03-12-2025 12:49,CHQ,CHQ-48206,INR,25000,25000,0,Premium Receivable,PR-400100,Policy Ledger,CC-INS-002,Life,ICICI-002,Yes,97.3,29,99.69,Pass,Applied,,,P. Patel,Supervisor-B,Auto-matched and posted,02-12-2025 09:49,03-12-2025 18:49
TXN-00441,POL-96409,Reyansh Sharma,20-12-2025 07:49,22-12-2025 11:49,UPI,UPI-542957,INR,20000,11390,8610,Premium Receivable,PR-400100,Policy Ledger,CC-INS-004,Life,ICICI-002,Yes,85.3,52,96.55,Fail,Partially Applied,,,K. Bose,Lead-1 (QA),Partial allocation; balance in suspense,20-12-2025 10:49,22-12-2025 13:49
TXN-00442,POL-69969,Reyansh Das,06-09-2025 07:49,08-09-2025 17:49,CHQ,CHQ-48152,INR,12500,12500,0,Premium Receivable,PR-400100,Policy Ledger,CC-INS-005,Life,ICICI-002,Yes,93.1,58,99.52,Pass,Applied,,,N. Jain,Supervisor-B,Auto-matched and posted,06-09-2025 10:49,08-09-2025 23:49
TXN-00443,POL-32049,Vivaan Agarwal,01-11-2025 07:49,03-11-2025 21:49,RTGS,RTGS-155021,INR,40000,40000,0,Premium Receivable,PR-400100,Policy Ledger,CC-INS-001,Life,ICICI-002,No,91.2,62,98.19,Pass,Applied,,,N. Jain,Supervisor-B,Manual verification completed,01-11-2025 09:49,04-11-2025 02:49
TXN-00444,POL-88139,Reyansh Patel,26-01-2026 07:49,26-01-2026 20:49,CHQ,CHQ-95237,INR,30000,30000,0,Premium Receivable,PR-400100,Policy Ledger,CC-INS-005,Health,HDFC-001,Yes,95.9,13,99.44,Pass,Applied,,,P. Patel,Supervisor-A,Auto-matched and posted,26-01-2026 10:49,27-01-2026 01:49
TXN-00445,POL-22393,Ira Singh,08-11-2025 07:49,10-11-2025 22:49,CHQ,CHQ-49107,INR,7500,7500,0,Premium Receivable,PR-400100,Policy Ledger,CC-INS-001,Property,AXIS-004,Yes,96.2,63,99.07,Pass,Applied,,,S. Kapoor,Lead-1 (QA),Auto-matched and posted,08-11-2025 08:49,11-11-2025 03:49
TXN-00446,POL-25378,Reyansh Roy,26-01-2026 07:49,27-01-2026 08:49,NEFT,NEFT-681667,INR,20000,20000,0,Premium Receivable,PR-400100,Policy Ledger,CC-INS-001,Life,HDFC-001,Yes,94,25,99.29,Pass,Applied,,,M. Reddy,Supervisor-A,Auto-matched and posted,26-01-2026 10:49,27-01-2026 09:49
TXN-00447,POL-65450,Aarav Iyer,17-10-2025 07:49,17-10-2025 14:49,SWIFT,SWF-920827,INR,40000,40000,0,Premium Receivable,PR-400100,Policy Ledger,CC-INS-003,Health,HDFC-001,Yes,96.1,7,99.88,Pass,Applied,,,R. Mehta,Lead-2 (QA),Auto-matched and posted,17-10-2025 08:49,17-10-2025 15:49
TXN-00448,POL-28568,Ishaan Yadav,05-09-2025 07:49,08-09-2025 07:49,RTGS,RTGS-720529,INR,10000,5849,4151,Premium Receivable,PR-400100,Policy Ledger,CC-INS-003,Property,ICICI-002,Yes,84.3,72,96.46,Fail,Partially Applied,,,A. Nair,Lead-1 (QA),Partial allocation; balance in suspense,05-09-2025 10:49,08-09-2025 12:49
TXN-00449,POL-45310,Muhammad Chopra,24-12-2025 07:49,27-12-2025 02:49,SWIFT,SWF-272011,INR,10000,10000,0,Premium Receivable,PR-400100,Policy Ledger,CC-INS-003,Life,HDFC-001,Yes,98.8,67,98.85,Pass,Applied,,,N. Jain,Lead-1 (QA),Auto-matched and posted,24-12-2025 09:49,27-12-2025 07:49
TXN-00450,POL-21662,Diya Bose,10-10-2025 07:49,11-10-2025 03:49,RTGS,RTGS-386939,INR,25000,0,25000,Suspense Account,SA-209900,Suspense Ledger,CC-INS-002,Motor,AXIS-004,Yes,83.6,20,96.74,Fail,Exception,EXC001,No policy match,S. Kapoor,Supervisor-A,Exception raised for investigation,10-10-2025 10:49,11-10-2025 07:49
TXN-00451,POL-46961,Sara Reddy,04-01-2026 07:49,04-01-2026 21:49,NEFT,NEFT-279041,INR,25000,25000,0,Premium Receivable,PR-400100,Policy Ledger,CC-INS-004,Property,ICICI-002,Yes,97.7,14,99.27,Pass,Applied,,,M. Reddy,Lead-1 (QA),Auto-matched and posted,04-01-2026 10:49,05-01-2026 01:49
TXN-00452,POL-30380,Arjun Kumar,06-11-2025 07:49,07-11-2025 19:49,NEFT,NEFT-860657,INR,20000,12522,7478,Premium Receivable,PR-400100,Policy Ledger,CC-INS-005,Motor,SBI-003,No,74,36,98.76,Pass,Partially Applied,,,N. Jain,Lead-2 (QA),Partial allocation; balance in suspense,06-11-2025 09:49,08-11-2025 00:49
TXN-00453,POL-21395,Ishaan Mehta,21-10-2025 07:49,21-10-2025 20:49,NEFT,NEFT-180418,INR,7500,7500,0,Premium Receivable,PR-400100,Policy Ledger,CC-INS-001,Property,ICICI-002,Yes,96.3,13,99.19,Pass,Applied,,,P. Patel,Supervisor-B,Auto-matched and posted,21-10-2025 10:49,22-10-2025 01:49
TXN-00454,POL-98706,Sara Agarwal,13-11-2025 07:49,13-11-2025 10:49,SWIFT,SWF-299422,INR,5000,3624,1376,Premium Receivable,PR-400100,Policy Ledger,CC-INS-005,Life,AXIS-004,Yes,86.3,3,98.66,Pass,Partially Applied,,,V. Iyer,Lead-2 (QA),Partial allocation; balance in suspense,13-11-2025 08:49,13-11-2025 10:49
TXN-00455,POL-58110,Arjun Nair,31-10-2025 07:49,31-10-2025 15:49,CHQ,CHQ-74947,INR,20000,0,20000,Suspense Account,SA-209900,Suspense Ledger,CC-INS-003,Motor,AXIS-004,Yes,75.4,8,96.91,Fail,Exception,EXC001,No policy match,M. Reddy,Supervisor-A,Exception raised for investigation,31-10-2025 08:49,31-10-2025 15:49
TXN-00456,POL-92729,Ira Patel,26-09-2025 07:49,28-09-2025 00:49,SWIFT,SWF-965837,INR,30000,0,30000,Suspense Account,SA-209900,Suspense Ledger,CC-INS-003,Motor,SBI-003,No,56.7,41,94.02,Fail,Unapplied,EXC004,Missing remittance,S. Kapoor,Lead-1 (QA),Awaiting policy mapping,26-09-2025 09:49,28-09-2025 05:49
TXN-00457,POL-34400,Aadhya Chopra,04-08-2025 07:49,04-08-2025 21:49,CHQ,CHQ-74493,INR,40000,40000,0,Premium Receivable,PR-400100,Policy Ledger,CC-INS-003,Health,AXIS-004,Yes,95.9,14,98.72,Pass,Applied,,,N. Jain,Supervisor-A,Auto-matched and posted,04-08-2025 09:49,04-08-2025 23:49
TXN-00458,POL-66143,Reyansh Pillai,09-10-2025 07:49,09-10-2025 22:49,CHQ,CHQ-96019,INR,10000,10000,0,Premium Receivable,PR-400100,Policy Ledger,CC-INS-001,Health,SBI-003,Yes,98.3,15,99.49,Pass,Applied,,,R. Mehta,Lead-2 (QA),Auto-matched and posted,09-10-2025 09:49,10-10-2025 01:49
TXN-00459,POL-53412,Vivaan Singh,19-01-2026 07:49,20-01-2026 10:49,CHQ,CHQ-97194,USD,100,100,0,Premium Receivable,PR-400100,Policy Ledger,CC-INS-004,Property,ICICI-002,Yes,97.3,27,98.95,Pass,Applied,,,S. Kapoor,Lead-1 (QA),Auto-matched and posted,19-01-2026 08:49,20-01-2026 11:49
TXN-00460,POL-30387,Diya Nair,05-08-2025 07:49,06-08-2025 15:49,NEFT,NEFT-811259,INR,25000,0,25000,Suspense Account,SA-209900,Suspense Ledger,CC-INS-001,Property,ICICI-002,No,68,32,95.01,Fail,Exception,EXC004,Missing remittance,V. Iyer,Lead-2 (QA),Exception raised for investigation,05-08-2025 08:49,06-08-2025 17:49
TXN-00461,POL-25075,Krishna Iyer,19-01-2026 07:49,21-01-2026 15:49,RTGS,RTGS-596912,INR,7500,2451,5049,Premium Receivable,PR-400100,Policy Ledger,CC-INS-004,Life,SBI-003,No,83,56,97.78,Fail,Partially Applied,EXC002,Short payment,A. Nair,Lead-2 (QA),Partial allocation; balance in suspense,19-01-2026 09:49,21-01-2026 15:49
TXN-00462,POL-90801,Muhammad Gupta,15-08-2025 07:49,17-08-2025 09:49,CHQ,CHQ-78809,INR,12500,12500,0,Premium Receivable,PR-400100,Policy Ledger,CC-INS-001,Motor,SBI-003,Yes,95.6,50,98.57,Pass,Applied,,,M. Reddy,Supervisor-A,Auto-matched and posted,15-08-2025 10:49,17-08-2025 12:49
TXN-00463,POL-42370,Ananya Verma,17-09-2025 07:49,17-09-2025 14:49,NEFT,NEFT-154662,INR,20000,20000,0,Premium Receivable,PR-400100,Policy Ledger,CC-INS-004,Motor,SBI-003,No,80.1,7,97.81,Fail,Applied,,,M. Reddy,Lead-1 (QA),Manual verification completed,17-09-2025 08:49,17-09-2025 19:49
TXN-00464,POL-11790,Sara Kumar,25-10-2025 07:49,27-10-2025 07:49,UPI,UPI-879020,INR,40000,40000,0,Premium Receivable,PR-400100,Policy Ledger,CC-INS-001,Health,HDFC-001,Yes,96.5,48,98.62,Pass,Applied,,,R. Mehta,Lead-2 (QA),Auto-matched and posted,25-10-2025 08:49,27-10-2025 12:49
TXN-00465,POL-68427,Vihaan Gupta,19-12-2025 07:49,21-12-2025 04:49,UPI,UPI-860585,INR,12500,12500,0,Premium Receivable,PR-400100,Policy Ledger,CC-INS-005,Motor,SBI-003,Yes,95.5,45,99.5,Pass,Applied,,,P. Patel,Lead-1 (QA),Auto-matched and posted,19-12-2025 09:49,21-12-2025 04:49
TXN-00466,POL-73284,Anika Nair,08-12-2025 07:49,08-12-2025 11:49,RTGS,RTGS-728258,INR,10000,10000,0,Excess Premium,EP-400200,Policy Ledger,CC-INS-004,Property,HDFC-001,Yes,98.8,4,98.77,Pass,Applied,,,V. Iyer,Supervisor-B,Auto-matched and posted,08-12-2025 10:49,08-12-2025 14:49
TXN-00467,POL-83727,Aadhya Patel,04-01-2026 07:49,05-01-2026 19:49,RTGS,RTGS-293007,INR,50000,50000,0,Premium Receivable,PR-400100,Policy Ledger,CC-INS-005,Motor,SBI-003,Yes,97.7,36,99.14,Pass,Applied,,,A. Nair,Supervisor-A,Auto-matched and posted,04-01-2026 10:49,05-01-2026 21:49
TXN-00468,POL-82371,Vihaan Singh,28-09-2025 07:49,28-09-2025 14:49,SWIFT,SWF-349788,INR,10000,0,10000,Suspense Account,SA-209900,Suspense Ledger,CC-INS-002,Health,HDFC-001,Yes,59,7,97.06,Fail,Unapplied,EXC001,No policy match,R. Mehta,Supervisor-A,Awaiting policy mapping,28-09-2025 10:49,28-09-2025 18:49
TXN-00469,POL-58380,Ananya Gupta,29-01-2026 07:49,01-02-2026 07:49,UPI,UPI-857155,INR,50000,50000,0,Excess Premium,EP-400200,Policy Ledger,CC-INS-003,Health,SBI-003,Yes,93.1,72,99,Pass,Applied,,,R. Mehta,Lead-1 (QA),Auto-matched and posted,29-01-2026 10:49,01-02-2026 12:49
TXN-00470,POL-60067,Krishna Roy,21-12-2025 07:49,22-12-2025 11:49,CHQ,CHQ-38919,INR,12500,12500,0,Premium Receivable,PR-400100,Policy Ledger,CC-INS-004,Motor,ICICI-002,Yes,93.9,28,98.82,Pass,Applied,,,P. Patel,Lead-1 (QA),Auto-matched and posted,21-12-2025 09:49,22-12-2025 12:49
TXN-00471,POL-70213,Reyansh Singh,19-09-2025 07:49,21-09-2025 23:49,RTGS,RTGS-779020,INR,15000,15000,0,Premium Receivable,PR-400100,Policy Ledger,CC-INS-001,Property,ICICI-002,Yes,96.6,64,98.6,Pass,Applied,,,P. Patel,Supervisor-B,Auto-matched and posted,19-09-2025 08:49,22-09-2025 04:49
TXN-00472,POL-79045,Arjun Sharma,03-01-2026 07:49,03-01-2026 21:49,CHQ,CHQ-60330,INR,5000,1153,3847,Premium Receivable,PR-400100,Policy Ledger,CC-INS-001,Life,HDFC-001,Yes,71.8,14,96.4,Fail,Partially Applied,,,K. Bose,Lead-1 (QA),Partial allocation; balance in suspense,03-01-2026 08:49,03-01-2026 22:49
TXN-00473,POL-72970,Ira Jain,12-09-2025 07:49,14-09-2025 00:49,UPI,UPI-602171,INR,5000,5000,0,Premium Receivable,PR-400100,Policy Ledger,CC-INS-005,Motor,HDFC-001,Yes,93.1,41,98.56,Pass,Applied,,,N. Jain,Lead-2 (QA),Auto-matched and posted,12-09-2025 08:49,14-09-2025 01:49
TXN-00474,POL-13145,Sai Mehta,08-11-2025 07:49,09-11-2025 03:49,UPI,UPI-787199,INR,25000,25000,0,Premium Receivable,PR-400100,Policy Ledger,CC-INS-002,Life,SBI-003,No,88.3,20,99.18,Pass,Applied,,,K. Bose,Lead-1 (QA),Manual verification completed,08-11-2025 10:49,09-11-2025 05:49
TXN-00475,POL-25512,Diya Gupta,13-08-2025 07:49,14-08-2025 04:49,RTGS,RTGS-549449,INR,50000,50000,0,Premium Receivable,PR-400100,Policy Ledger,CC-INS-003,Motor,HDFC-001,Yes,97.1,21,99.37,Pass,Applied,,,M. Reddy,Supervisor-B,Auto-matched and posted,13-08-2025 10:49,14-08-2025 06:49
TXN-00476,POL-44786,Aditya Sharma,09-09-2025 07:49,10-09-2025 03:49,UPI,UPI-254958,INR,30000,14977,15023,Premium Receivable,PR-400100,Policy Ledger,CC-INS-003,Motor,AXIS-004,No,73.2,20,96.9,Fail,Partially Applied,EXC004,Missing remittance,N. Jain,Supervisor-B,Partial allocation; balance in suspense,09-09-2025 10:49,10-09-2025 06:49
TXN-00477,POL-88871,Ananya Kumar,16-01-2026 07:49,17-01-2026 16:49,CHQ,CHQ-64874,INR,40000,40000,0,Premium Receivable,PR-400100,Policy Ledger,CC-INS-004,Health,HDFC-001,Yes,95.3,33,99.31,Pass,Applied,,,A. Nair,Supervisor-A,Auto-matched and posted,16-01-2026 08:49,17-01-2026 17:49
TXN-00478,POL-12248,Diya Pillai,01-12-2025 07:49,02-12-2025 02:49,NEFT,NEFT-162471,INR,20000,15466,4534,Excess Premium,EP-400200,Policy Ledger,CC-INS-004,Health,ICICI-002,Yes,73.2,19,98.39,Pass,Partially Applied,,,A. Nair,Lead-1 (QA),Partial allocation; balance in suspense,01-12-2025 10:49,02-12-2025 03:49
TXN-00479,POL-25366,Arjun Patel,08-08-2025 07:49,10-08-2025 15:49,UPI,UPI-156710,INR,50000,50000,0,Premium Receivable,PR-400100,Policy Ledger,CC-INS-001,Health,HDFC-001,Yes,93.2,56,99.01,Pass,Applied,,,R. Mehta,Supervisor-B,Auto-matched and posted,08-08-2025 08:49,10-08-2025 21:49
TXN-00480,POL-33910,Myra Kumar,15-12-2025 07:49,16-12-2025 23:49,CHQ,CHQ-63939,INR,30000,12022,17978,Premium Receivable,PR-400100,Policy Ledger,CC-INS-005,Health,HDFC-001,Yes,89.4,40,96.09,Fail,Partially Applied,,,N. Jain,Supervisor-B,Partial allocation; balance in suspense,15-12-2025 10:49,17-12-2025 02:49
TXN-00481,POL-82634,Krishna Das,08-12-2025 07:49,10-12-2025 00:49,RTGS,RTGS-544250,INR,15000,0,15000,Suspense Account,SA-209900,Suspense Ledger,CC-INS-004,Life,ICICI-002,Yes,84.3,41,94.44,Fail,Exception,EXC002,Short payment,N. Jain,Lead-2 (QA),Exception raised for investigation,08-12-2025 10:49,10-12-2025 04:49
TXN-00482,POL-89309,Aditya Jain,02-12-2025 07:49,04-12-2025 01:49,CHQ,CHQ-59868,INR,20000,20000,0,Premium Receivable,PR-400100,Policy Ledger,CC-INS-003,Life,ICICI-002,Yes,93.5,42,99.34,Pass,Applied,,,M. Reddy,Lead-2 (QA),Auto-matched and posted,02-12-2025 10:49,04-12-2025 01:49
TXN-00483,POL-18561,Muhammad Roy,04-08-2025 07:49,06-08-2025 00:49,RTGS,RTGS-678490,INR,5000,5000,0,Premium Receivable,PR-400100,Policy Ledger,CC-INS-004,Life,HDFC-001,Yes,93.3,41,99.88,Pass,Applied,,,K. Bose,Lead-1 (QA),Auto-matched and posted,04-08-2025 09:49,06-08-2025 00:49
TXN-00484,POL-56746,Ishaan Patel,08-12-2025 07:49,09-12-2025 09:49,UPI,UPI-888363,INR,20000,0,20000,Suspense Account,SA-209900,Suspense Ledger,CC-INS-001,Health,HDFC-001,No,57.9,26,95.43,Fail,Exception,EXC005,Policy closed/expired,N. Jain,Supervisor-B,Exception raised for investigation,08-12-2025 10:49,09-12-2025 15:49
TXN-00485,POL-14903,Ishaan Singh,09-09-2025 07:49,11-09-2025 20:49,NEFT,NEFT-756359,INR,12500,0,12500,Suspense Account,SA-209900,Suspense Ledger,CC-INS-005,Motor,AXIS-004,No,74.6,61,96.69,Fail,Unapplied,EXC002,Short payment,V. Iyer,Supervisor-A,Awaiting policy mapping,09-09-2025 09:49,11-09-2025 22:49
TXN-00486,POL-91719,Anika Verma,23-01-2026 07:49,25-01-2026 10:49,RTGS,RTGS-318964,USD,300,300,0,Premium Receivable,PR-400100,Policy Ledger,CC-INS-002,Motor,HDFC-001,Yes,96,51,99.63,Pass,Applied,,,P. Patel,Lead-1 (QA),Auto-matched and posted,23-01-2026 09:49,25-01-2026 12:49
TXN-00487,POL-32245,Ishaan Singh,19-08-2025 07:49,20-08-2025 20:49,SWIFT,SWF-480977,INR,7500,7500,0,Premium Receivable,PR-400100,Policy Ledger,CC-INS-004,Health,HDFC-001,Yes,95.8,37,98.86,Pass,Applied,,,P. Patel,Lead-1 (QA),Auto-matched and posted,19-08-2025 09:49,21-08-2025 02:49
TXN-00488,POL-47568,Aadhya Mehta,07-01-2026 07:49,08-01-2026 01:49,CHQ,CHQ-58068,INR,50000,0,50000,Suspense Account,SA-209900,Suspense Ledger,CC-INS-001,Life,ICICI-002,Yes,75.5,18,95.77,Fail,Exception,EXC003,Overpayment,R. Mehta,Lead-2 (QA),Exception raised for investigation,07-01-2026 08:49,08-01-2026 03:49
TXN-00489,POL-59259,Reyansh Das,12-11-2025 07:49,12-11-2025 18:49,RTGS,RTGS-507081,INR,7500,7500,0,Premium Receivable,PR-400100,Policy Ledger,CC-INS-002,Life,AXIS-004,Yes,97.9,11,98.65,Pass,Applied,,,N. Jain,Lead-2 (QA),Auto-matched and posted,12-11-2025 09:49,12-11-2025 20:49
TXN-00490,POL-18450,Ananya Bose,03-01-2026 07:49,05-01-2026 23:49,RTGS,RTGS-836405,INR,7500,7500,0,Premium Receivable,PR-400100,Policy Ledger,CC-INS-003,Life,AXIS-004,Yes,95.8,64,99.4,Pass,Applied,,,R. Mehta,Supervisor-A,Auto-matched and posted,03-01-2026 09:49,06-01-2026 02:49
TXN-00491,POL-37973,Vivaan Yadav,07-08-2025 07:49,09-08-2025 15:49,UPI,UPI-364315,INR,7500,7500,0,Premium Receivable,PR-400100,Policy Ledger,CC-INS-004,Health,SBI-003,Yes,98.2,56,99.13,Pass,Applied,,,V. Iyer,Lead-1 (QA),Auto-matched and posted,07-08-2025 08:49,09-08-2025 18:49
TXN-00492,POL-54829,Ishaan Singh,21-09-2025 07:49,23-09-2025 05:49,CHQ,CHQ-73127,INR,10000,0,10000,Suspense Account,SA-209900,Suspense Ledger,CC-INS-005,Health,HDFC-001,Yes,82.4,46,96,Fail,Exception,EXC001,No policy match,V. Iyer,Supervisor-A,Exception raised for investigation,21-09-2025 10:49,23-09-2025 11:49
TXN-00493,POL-51486,Aarav Kumar,27-11-2025 07:49,28-11-2025 03:49,CHQ,CHQ-51472,INR,25000,25000,0,Premium Receivable,PR-400100,Policy Ledger,CC-INS-004,Life,HDFC-001,No,97.8,20,99.7,Pass,Applied,,,A. Nair,Lead-2 (QA),Manual verification completed,27-11-2025 09:49,28-11-2025 08:49
TXN-00494,POL-81576,Reyansh Roy,06-11-2025 07:49,07-11-2025 12:49,UPI,UPI-319952,USD,400,400,0,Premium Receivable,PR-400100,Policy Ledger,CC-INS-005,Life,AXIS-004,Yes,93.1,29,99.76,Pass,Applied,,,P. Patel,Supervisor-B,Auto-matched and posted,06-11-2025 09:49,07-11-2025 14:49
TXN-00495,POL-56165,Sara Mehta,13-12-2025 07:49,15-12-2025 03:49,NEFT,NEFT-284354,INR,20000,20000,0,Premium Receivable,PR-400100,Policy Ledger,CC-INS-004,Motor,HDFC-001,Yes,95.3,44,99.68,Pass,Applied,,,S. Kapoor,Lead-1 (QA),Auto-matched and posted,13-12-2025 08:49,15-12-2025 08:49
TXN-00496,POL-12153,Saanvi Mehta,28-08-2025 07:49,31-08-2025 00:49,SWIFT,SWF-671194,INR,30000,30000,0,Premium Receivable,PR-400100,Policy Ledger,CC-INS-004,Property,HDFC-001,Yes,98.1,65,98.8,Pass,Applied,,,A. Nair,Supervisor-B,Auto-matched and posted,28-08-2025 08:49,31-08-2025 02:49
TXN-00497,POL-70810,Anika Patel,03-08-2025 07:49,05-08-2025 08:49,RTGS,RTGS-632216,INR,15000,15000,0,Excess Premium,EP-400200,Policy Ledger,CC-INS-004,Life,HDFC-001,No,92.1,49,98.51,Pass,Applied,,,R. Mehta,Lead-2 (QA),Manual verification completed,03-08-2025 09:49,05-08-2025 14:49
TXN-00498,POL-78021,Saanvi Bose,26-10-2025 07:49,27-10-2025 06:49,SWIFT,SWF-550908,INR,25000,25000,0,Premium Receivable,PR-400100,Policy Ledger,CC-INS-002,Property,ICICI-002,Yes,97.8,23,99.31,Pass,Applied,,,N. Jain,Supervisor-A,Auto-matched and posted,26-10-2025 10:49,27-10-2025 07:49
TXN-00499,POL-67331,Sai Agarwal,03-09-2025 07:49,06-09-2025 01:49,NEFT,NEFT-762113,INR,25000,9554,15446,Premium Receivable,PR-400100,Policy Ledger,CC-INS-001,Health,HDFC-001,Yes,90.9,66,96.57,Fail,Partially Applied,EXC004,Missing remittance,S. Kapoor,Supervisor-B,Partial allocation; balance in suspense,03-09-2025 08:49,06-09-2025 06:49
TXN-00500,POL-27111,Pari Chopra,18-09-2025 07:49,19-09-2025 15:49,RTGS,RTGS-411345,INR,12500,5808,6692,Premium Receivable,PR-400100,Policy Ledger,CC-INS-005,Life,HDFC-001,Yes,71.1,32,96.23,Fail,Partially Applied,EXC001,No policy match,P. Patel,Lead-1 (QA),Partial allocation; balance in suspense,18-09-2025 08:49,19-09-2025 16:49
TXN-00501,POL-47022,Krishna Singh,25-08-2025 07:49,25-08-2025 18:49,CHQ,CHQ-57369,INR,12500,12500,0,Premium Receivable,PR-400100,Policy Ledger,CC-INS-001,Health,AXIS-004,Yes,93.4,11,99.84,Pass,Applied,,,N. Jain,Supervisor-A,Auto-matched and posted,25-08-2025 10:49,25-08-2025 21:49
TXN-00502,POL-31116,Reyansh Mukherjee,04-08-2025 07:49,05-08-2025 07:49,SWIFT,SWF-761875,INR,5000,5000,0,Premium Receivable,PR-400100,Policy Ledger,CC-INS-001,Health,SBI-003,Yes,99,24,99.34,Pass,Applied,,,S. Kapoor,Lead-2 (QA),Auto-matched and posted,04-08-2025 10:49,05-08-2025 07:49
TXN-00503,POL-80248,Aarav Nair,11-12-2025 07:49,12-12-2025 04:49,RTGS,RTGS-482615,INR,12500,12500,0,Premium Receivable,PR-400100,Policy Ledger,CC-INS-003,Property,ICICI-002,Yes,97.1,21,98.68,Pass,Applied,,,S. Kapoor,Supervisor-A,Auto-matched and posted,11-12-2025 10:49,12-12-2025 08:49
TXN-00504,POL-95449,Ishaan Jain,06-12-2025 07:49,08-12-2025 16:49,SWIFT,SWF-519369,INR,15000,15000,0,Premium Receivable,PR-400100,Policy Ledger,CC-INS-005,Motor,ICICI-002,Yes,94.7,57,99.05,Pass,Applied,,,A. Nair,Supervisor-B,Auto-matched and posted,06-12-2025 09:49,08-12-2025 19:49
TXN-00505,POL-65540,Saanvi Reddy,22-10-2025 07:49,22-10-2025 22:49,SWIFT,SWF-501652,INR,50000,50000,0,Excess Premium,EP-400200,Policy Ledger,CC-INS-005,Motor,AXIS-004,Yes,95.7,15,99.75,Pass,Applied,,,M. Reddy,Supervisor-A,Auto-matched and posted,22-10-2025 09:49,22-10-2025 22:49
TXN-00506,POL-25027,Reyansh Bose,19-11-2025 07:49,20-11-2025 08:49,UPI,UPI-357234,INR,20000,20000,0,Premium Receivable,PR-400100,Policy Ledger,CC-INS-003,Health,AXIS-004,Yes,94.9,25,98.52,Pass,Applied,,,K. Bose,Lead-2 (QA),Auto-matched and posted,19-11-2025 10:49,20-11-2025 08:49
TXN-00507,POL-60540,Ishaan Roy,25-09-2025 07:49,28-09-2025 04:49,RTGS,RTGS-207919,INR,50000,0,50000,Suspense Account,SA-209900,Suspense Ledger,CC-INS-004,Motor,SBI-003,No,75.1,69,96.01,Fail,Unapplied,EXC004,Missing remittance,A. Nair,Lead-2 (QA),Awaiting policy mapping,25-09-2025 08:49,28-09-2025 10:49
TXN-00508,POL-74740,Myra Verma,11-10-2025 07:49,13-10-2025 14:49,NEFT,NEFT-230120,INR,50000,50000,0,Premium Receivable,PR-400100,Policy Ledger,CC-INS-005,Life,AXIS-004,Yes,94.7,55,99.4,Pass,Applied,,,M. Reddy,Lead-2 (QA),Auto-matched and posted,11-10-2025 09:49,13-10-2025 14:49
TXN-00509,POL-79922,Aarohi Verma,27-10-2025 07:49,27-10-2025 11:49,NEFT,NEFT-592718,INR,25000,18190,6810,Premium Receivable,PR-400100,Policy Ledger,CC-INS-004,Motor,AXIS-004,Yes,82.2,4,96.88,Fail,Partially Applied,,,P. Patel,Lead-1 (QA),Partial allocation; balance in suspense,27-10-2025 09:49,27-10-2025 15:49
TXN-00510,POL-23466,Aarav Iyer,14-08-2025 07:49,14-08-2025 10:49,RTGS,RTGS-210242,USD,500,500,0,Premium Receivable,PR-400100,Policy Ledger,CC-INS-003,Life,HDFC-001,Yes,94.1,3,99.76,Pass,Applied,,,M. Reddy,Lead-1 (QA),Auto-matched and posted,14-08-2025 08:49,14-08-2025 10:49
TXN-00511,POL-49883,Aditya Reddy,25-10-2025 07:49,27-10-2025 09:49,UPI,UPI-832603,INR,10000,10000,0,Premium Receivable,PR-400100,Policy Ledger,CC-INS-004,Property,HDFC-001,Yes,93.9,50,99.32,Pass,Applied,,,A. Nair,Supervisor-B,Auto-matched and posted,25-10-2025 10:49,27-10-2025 12:49
TXN-00512,POL-46771,Ananya Bhatia,28-09-2025 07:49,28-09-2025 20:49,UPI,UPI-903421,INR,7500,7500,0,Premium Receivable,PR-400100,Policy Ledger,CC-INS-001,Life,AXIS-004,Yes,96.9,13,99.7,Pass,Applied,,,R. Mehta,Lead-2 (QA),Auto-matched and posted,28-09-2025 08:49,29-09-2025 01:49
TXN-00513,POL-38329,Pari Patel,19-09-2025 07:49,21-09-2025 23:49,NEFT,NEFT-456987,INR,50000,20968,29032,Premium Receivable,PR-400100,Policy Ledger,CC-INS-001,Health,ICICI-002,No,85.6,64,97.83,Fail,Partially Applied,,,K. Bose,Supervisor-B,Partial allocation; balance in suspense,19-09-2025 09:49,22-09-2025 05:49
TXN-00514,POL-91327,Aarohi Yadav,12-11-2025 07:49,13-11-2025 09:49,NEFT,NEFT-391334,INR,15000,0,15000,Suspense Account,SA-209900,Suspense Ledger,CC-INS-001,Health,HDFC-001,Yes,58.1,26,95.61,Fail,Exception,EXC001,No policy match,P. Patel,Lead-2 (QA),Exception raised for investigation,12-11-2025 09:49,13-11-2025 09:49
TXN-00515,POL-72421,Aarohi Jain,31-10-2025 07:49,01-11-2025 18:49,NEFT,NEFT-677035,INR,25000,25000,0,Premium Receivable,PR-400100,Policy Ledger,CC-INS-003,Life,HDFC-001,Yes,95,35,99.12,Pass,Applied,,,N. Jain,Supervisor-B,Auto-matched and posted,31-10-2025 08:49,01-11-2025 20:49
TXN-00516,POL-34831,Aadhya Singh,01-01-2026 07:49,02-01-2026 20:49,SWIFT,SWF-736955,INR,25000,25000,0,Premium Receivable,PR-400100,Policy Ledger,CC-INS-001,Motor,ICICI-002,Yes,93.7,37,98.66,Pass,Applied,,,S. Kapoor,Lead-1 (QA),Auto-matched and posted,01-01-2026 09:49,02-01-2026 21:49
TXN-00517,POL-91293,Aadhya Patel,10-11-2025 07:49,10-11-2025 21:49,RTGS,RTGS-869575,INR,15000,15000,0,Premium Receivable,PR-400100,Policy Ledger,CC-INS-003,Life,HDFC-001,Yes,96.8,14,99.49,Pass,Applied,,,V. Iyer,Supervisor-B,Auto-matched and posted,10-11-2025 10:49,10-11-2025 23:49
TXN-00518,POL-41276,Reyansh Bose,23-01-2026 07:49,23-01-2026 17:49,RTGS,RTGS-296444,INR,30000,30000,0,Premium Receivable,PR-400100,Policy Ledger,CC-INS-003,Life,ICICI-002,Yes,95,10,98.75,Pass,Applied,,,R. Mehta,Supervisor-A,Auto-matched and posted,23-01-2026 09:49,23-01-2026 21:49
TXN-00519,POL-10131,Myra Iyer,30-11-2025 07:49,30-11-2025 23:49,NEFT,NEFT-958706,INR,15000,4757,10243,Premium Receivable,PR-400100,Policy Ledger,CC-INS-004,Property,SBI-003,Yes,72.1,16,96.85,Fail,Partially Applied,,,M. Reddy,Supervisor-B,Partial allocation; balance in suspense,30-11-2025 09:49,01-12-2025 01:49
TXN-00520,POL-70129,Aarav Chopra,18-10-2025 07:49,20-10-2025 03:49,SWIFT,SWF-912149,INR,50000,50000,0,Premium Receivable,PR-400100,Policy Ledger,CC-INS-004,Health,ICICI-002,Yes,96.8,44,98.71,Pass,Applied,,,K. Bose,Supervisor-B,Auto-matched and posted,18-10-2025 08:49,20-10-2025 04:49
TXN-00521,POL-85705,Anika Chopra,23-09-2025 07:49,23-09-2025 20:49,RTGS,RTGS-496129,INR,15000,0,15000,Suspense Account,SA-209900,Suspense Ledger,CC-INS-002,Motor,SBI-003,No,82,13,95.57,Fail,Unapplied,EXC005,Policy closed/expired,K. Bose,Supervisor-B,Awaiting policy mapping,23-09-2025 10:49,23-09-2025 23:49
TXN-00522,POL-46208,Ishaan Yadav,12-08-2025 07:49,15-08-2025 03:49,UPI,UPI-974692,INR,25000,18869,6131,Premium Receivable,PR-400100,Policy Ledger,CC-INS-002,Property,ICICI-002,Yes,72.4,68,96.02,Fail,Partially Applied,,,M. Reddy,Lead-2 (QA),Partial allocation; balance in suspense,12-08-2025 09:49,15-08-2025 06:49
TXN-00523,POL-47782,Aditya Mukherjee,05-08-2025 07:49,07-08-2025 19:49,NEFT,NEFT-327882,INR,50000,50000,0,Premium Receivable,PR-400100,Policy Ledger,CC-INS-001,Motor,ICICI-002,Yes,95.1,60,99.67,Pass,Applied,,,K. Bose,Supervisor-A,Auto-matched and posted,05-08-2025 10:49,08-08-2025 00:49
TXN-00524,POL-83498,Arjun Gupta,10-10-2025 07:49,11-10-2025 03:49,RTGS,RTGS-553038,INR,7500,7500,0,Premium Receivable,PR-400100,Policy Ledger,CC-INS-004,Property,AXIS-004,No,83.2,20,98.65,Pass,Applied,,,S. Kapoor,Supervisor-A,Manual verification completed,10-10-2025 09:49,11-10-2025 07:49
TXN-00525,POL-50728,Reyansh Das,21-11-2025 07:49,23-11-2025 02:49,SWIFT,SWF-245936,INR,12500,12500,0,Premium Receivable,PR-400100,Policy Ledger,CC-INS-004,Health,AXIS-004,Yes,94.8,43,98.92,Pass,Applied,,,N. Jain,Lead-1 (QA),Auto-matched and posted,21-11-2025 08:49,23-11-2025 06:49
TXN-00526,POL-67920,Ananya Nair,24-01-2026 07:49,26-01-2026 06:49,CHQ,CHQ-56424,INR,25000,0,25000,Suspense Account,SA-209900,Suspense Ledger,CC-INS-001,Health,SBI-003,Yes,82.4,47,94.09,Fail,Exception,EXC004,Missing remittance,A. Nair,Supervisor-A,Exception raised for investigation,24-01-2026 08:49,26-01-2026 10:49
TXN-00527,POL-81207,Ira Mukherjee,15-08-2025 07:49,17-08-2025 11:49,RTGS,RTGS-522515,INR,30000,15665,14335,Excess Premium,EP-400200,Policy Ledger,CC-INS-003,Life,SBI-003,Yes,71.2,52,98.32,Pass,Partially Applied,,,P. Patel,Supervisor-A,Partial allocation; balance in suspense,15-08-2025 08:49,17-08-2025 11:49
TXN-00528,POL-86626,Aarohi Verma,28-01-2026 07:49,29-01-2026 11:49,SWIFT,SWF-251154,INR,30000,30000,0,Excess Premium,EP-400200,Policy Ledger,CC-INS-001,Property,ICICI-002,Yes,93.9,28,99.38,Pass,Applied,,,S. Kapoor,Lead-1 (QA),Auto-matched and posted,28-01-2026 08:49,29-01-2026 12:49
TXN-00529,POL-89140,Vihaan Nair,26-08-2025 07:49,27-08-2025 16:49,RTGS,RTGS-208639,INR,40000,40000,0,Premium Receivable,PR-400100,Policy Ledger,CC-INS-002,Motor,AXIS-004,Yes,95.4,33,99.88,Pass,Applied,,,S. Kapoor,Supervisor-B,Auto-matched and posted,26-08-2025 08:49,27-08-2025 21:49
TXN-00530,POL-12838,Reyansh Kumar,17-01-2026 07:49,18-01-2026 15:49,RTGS,RTGS-636362,INR,40000,40000,0,Premium Receivable,PR-400100,Policy Ledger,CC-INS-003,Motor,AXIS-004,Yes,93.6,32,99.32,Pass,Applied,,,N. Jain,Lead-1 (QA),Auto-matched and posted,17-01-2026 09:49,18-01-2026 18:49
TXN-00531,POL-65683,Arjun Sharma,13-10-2025 07:49,15-10-2025 19:49,NEFT,NEFT-691616,INR,50000,50000,0,Premium Receivable,PR-400100,Policy Ledger,CC-INS-003,Health,AXIS-004,Yes,96.7,60,98.56,Pass,Applied,,,P. Patel,Supervisor-A,Auto-matched and posted,13-10-2025 08:49,15-10-2025 20:49
TXN-00532,POL-56890,Aarohi Nair,24-09-2025 07:49,26-09-2025 05:49,SWIFT,SWF-509599,INR,10000,10000,0,Premium Receivable,PR-400100,Policy Ledger,CC-INS-002,Motor,SBI-003,Yes,95,46,99.5,Pass,Applied,,,N. Jain,Lead-1 (QA),Auto-matched and posted,24-09-2025 10:49,26-09-2025 08:49
TXN-00533,POL-59351,Myra Roy,17-01-2026 07:49,18-01-2026 08:49,SWIFT,SWF-842916,INR,40000,40000,0,Premium Receivable,PR-400100,Policy Ledger,CC-INS-004,Life,HDFC-001,Yes,96.5,25,99.32,Pass,Applied,,,R. Mehta,Lead-2 (QA),Auto-matched and posted,17-01-2026 08:49,18-01-2026 08:49
TXN-00534,POL-97197,Vihaan Bhatia,22-01-2026 07:49,24-01-2026 21:49,UPI,UPI-896822,INR,12500,12500,0,Excess Premium,EP-400200,Policy Ledger,CC-INS-001,Life,SBI-003,Yes,95.3,62,99.86,Pass,Applied,,,S. Kapoor,Lead-1 (QA),Auto-matched and posted,22-01-2026 10:49,24-01-2026 21:49
TXN-00535,POL-67872,Diya Roy,10-01-2026 07:49,10-01-2026 12:49,RTGS,RTGS-436759,INR,30000,30000,0,Excess Premium,EP-400200,Policy Ledger,CC-INS-004,Motor,ICICI-002,Yes,94.2,5,98.85,Pass,Applied,,,A. Nair,Lead-2 (QA),Auto-matched and posted,10-01-2026 09:49,10-01-2026 18:49
TXN-00536,POL-79275,Muhammad Gupta,29-12-2025 07:49,29-12-2025 12:49,NEFT,NEFT-313426,INR,10000,0,10000,Suspense Account,SA-209900,Suspense Ledger,CC-INS-003,Health,AXIS-004,Yes,67.2,5,95.91,Fail,Unapplied,EXC001,No policy match,A. Nair,Lead-2 (QA),Awaiting policy mapping,29-12-2025 10:49,29-12-2025 18:49
TXN-00537,POL-72093,Aarohi Chopra,01-11-2025 07:49,02-11-2025 02:49,NEFT,NEFT-560197,INR,25000,0,25000,Suspense Account,SA-209900,Suspense Ledger,CC-INS-001,Property,ICICI-002,Yes,58.8,19,95.81,Fail,Unapplied,EXC001,No policy match,R. Mehta,Supervisor-A,Awaiting policy mapping,01-11-2025 08:49,02-11-2025 03:49
TXN-00538,POL-47997,Krishna Patel,29-01-2026 07:49,31-01-2026 06:49,NEFT,NEFT-265531,USD,100,100,0,Premium Receivable,PR-400100,Policy Ledger,CC-INS-005,Life,HDFC-001,Yes,96.7,47,98.94,Pass,Applied,,,P. Patel,Supervisor-A,Auto-matched and posted,29-01-2026 10:49,31-01-2026 06:49
TXN-00539,POL-14230,Ananya Mehta,07-10-2025 07:49,08-10-2025 10:49,UPI,UPI-901883,INR,12500,12500,0,Premium Receivable,PR-400100,Policy Ledger,CC-INS-002,Property,HDFC-001,No,91.9,27,98.99,Pass,Applied,,,R. Mehta,Supervisor-A,Manual verification completed,07-10-2025 08:49,08-10-2025 13:49
TXN-00540,POL-88400,Saanvi Gupta,21-12-2025 07:49,23-12-2025 22:49,RTGS,RTGS-383648,INR,7500,7500,0,Premium Receivable,PR-400100,Policy Ledger,CC-INS-002,Life,HDFC-001,Yes,95.6,63,98.92,Pass,Applied,,,R. Mehta,Lead-2 (QA),Auto-matched and posted,21-12-2025 10:49,24-12-2025 02:49
TXN-00541,POL-59727,Aarav Pillai,03-12-2025 07:49,03-12-2025 15:49,CHQ,CHQ-59444,INR,25000,7023,17977,Premium Receivable,PR-400100,Policy Ledger,CC-INS-004,Life,ICICI-002,Yes,83.5,8,98.53,Pass,Partially Applied,EXC003,Overpayment,A. Nair,Lead-1 (QA),Partial allocation; balance in suspense,03-12-2025 10:49,03-12-2025 15:49
TXN-00542,POL-39769,Anika Pillai,25-12-2025 07:49,25-12-2025 14:49,NEFT,NEFT-854793,INR,5000,5000,0,Premium Receivable,PR-400100,Policy Ledger,CC-INS-002,Motor,ICICI-002,Yes,93.3,7,98.99,Pass,Applied,,,N. Jain,Supervisor-B,Auto-matched and posted,25-12-2025 10:49,25-12-2025 14:49
TXN-00543,POL-96060,Aditya Gupta,05-10-2025 07:49,08-10-2025 06:49,RTGS,RTGS-618970,INR,20000,0,20000,Suspense Account,SA-209900,Suspense Ledger,CC-INS-005,Motor,ICICI-002,No,68.3,71,95.06,Fail,Unapplied,EXC003,Overpayment,M. Reddy,Supervisor-A,Awaiting policy mapping,05-10-2025 10:49,08-10-2025 10:49
TXN-00544,POL-75987,Vihaan Verma,29-10-2025 07:49,31-10-2025 13:49,SWIFT,SWF-609825,INR,12500,0,12500,Suspense Account,SA-209900,Suspense Ledger,CC-INS-002,Life,SBI-003,No,70.6,54,95.07,Fail,Unapplied,EXC005,Policy closed/expired,V. Iyer,Lead-1 (QA),Awaiting policy mapping,29-10-2025 08:49,31-10-2025 18:49
TXN-00545,POL-67708,Pari Agarwal,07-08-2025 07:49,10-08-2025 00:49,NEFT,NEFT-383428,INR,25000,25000,0,Excess Premium,EP-400200,Policy Ledger,CC-INS-001,Property,AXIS-004,Yes,98.1,65,99.04,Pass,Applied,,,P. Patel,Lead-1 (QA),Auto-matched and posted,07-08-2025 08:49,10-08-2025 01:49
TXN-00546,POL-59719,Reyansh Mehta,16-12-2025 07:49,16-12-2025 15:49,UPI,UPI-132826,INR,20000,0,20000,Suspense Account,SA-209900,Suspense Ledger,CC-INS-005,Health,HDFC-001,No,77.6,8,95.18,Fail,Unapplied,EXC003,Overpayment,K. Bose,Supervisor-B,Awaiting policy mapping,16-12-2025 09:49,16-12-2025 21:49
TXN-00547,POL-17486,Vihaan Pillai,09-11-2025 07:49,10-11-2025 21:49,SWIFT,SWF-586017,INR,50000,43611,6389,Premium Receivable,PR-400100,Policy Ledger,CC-INS-003,Motor,HDFC-001,Yes,91.8,38,96.67,Fail,Partially Applied,,,A. Nair,Supervisor-A,Partial allocation; balance in suspense,09-11-2025 09:49,11-11-2025 01:49
TXN-00548,POL-61721,Vivaan Roy,11-10-2025 07:49,13-10-2025 07:49,UPI,UPI-791252,INR,50000,50000,0,Premium Receivable,PR-400100,Policy Ledger,CC-INS-004,Property,HDFC-001,Yes,98,48,99.69,Pass,Applied,,,P. Patel,Lead-1 (QA),Auto-matched and posted,11-10-2025 09:49,13-10-2025 07:49
TXN-00549,POL-57018,Myra Pillai,26-09-2025 07:49,28-09-2025 13:49,NEFT,NEFT-707723,INR,15000,0,15000,Suspense Account,SA-209900,Suspense Ledger,CC-INS-003,Motor,AXIS-004,Yes,83.6,54,95.54,Fail,Unapplied,EXC003,Overpayment,V. Iyer,Lead-2 (QA),Awaiting policy mapping,26-09-2025 10:49,28-09-2025 14:49
TXN-00550,POL-29254,Saanvi Verma,30-09-2025 07:49,30-09-2025 23:49,NEFT,NEFT-293205,INR,30000,30000,0,Premium Receivable,PR-400100,Policy Ledger,CC-INS-003,Motor,HDFC-001,Yes,93.4,16,99.5,Pass,Applied,,,K. Bose,Lead-1 (QA),Auto-matched and posted,30-09-2025 10:49,01-10-2025 00:49
TXN-00551,POL-55839,Vihaan Gupta,09-12-2025 07:49,11-12-2025 17:49,NEFT,NEFT-635859,INR,12500,12500,0,Premium Receivable,PR-400100,Policy Ledger,CC-INS-003,Health,HDFC-001,Yes,95.5,58,99.4,Pass,Applied,,,K. Bose,Supervisor-A,Auto-matched and posted,09-12-2025 09:49,11-12-2025 20:49
TXN-00552,POL-95456,Diya Bhatia,16-10-2025 07:49,16-10-2025 12:49,RTGS,RTGS-486192,INR,10000,0,10000,Suspense Account,SA-209900,Suspense Ledger,CC-INS-005,Motor,ICICI-002,Yes,73.3,5,96.83,Fail,Unapplied,EXC005,Policy closed/expired,N. Jain,Lead-1 (QA),Awaiting policy mapping,16-10-2025 10:49,16-10-2025 17:49
TXN-00553,POL-29670,Aadhya Gupta,21-08-2025 07:49,22-08-2025 13:49,SWIFT,SWF-627953,USD,400,400,0,Premium Receivable,PR-400100,Policy Ledger,CC-INS-001,Property,AXIS-004,Yes,98.1,30,99.24,Pass,Applied,,,K. Bose,Supervisor-A,Auto-matched and posted,21-08-2025 08:49,22-08-2025 19:49
TXN-00554,POL-85398,Ishaan Iyer,25-10-2025 07:49,26-10-2025 16:49,UPI,UPI-342106,INR,7500,7500,0,Premium Receivable,PR-400100,Policy Ledger,CC-INS-005,Life,SBI-003,No,86.6,33,97.64,Fail,Applied,,,P. Patel,Lead-2 (QA),Manual verification completed,25-10-2025 09:49,26-10-2025 22:49
TXN-00555,POL-64899,Sai Das,03-09-2025 07:49,06-09-2025 05:49,RTGS,RTGS-914165,INR,50000,50000,0,Premium Receivable,PR-400100,Policy Ledger,CC-INS-004,Property,ICICI-002,Yes,95,70,98.67,Pass,Applied,,,P. Patel,Lead-2 (QA),Auto-matched and posted,03-09-2025 08:49,06-09-2025 08:49
TXN-00556,POL-12033,Reyansh Agarwal,17-11-2025 07:49,18-11-2025 18:49,SWIFT,SWF-845937,INR,7500,7500,0,Premium Receivable,PR-400100,Policy Ledger,CC-INS-002,Property,AXIS-004,Yes,97.1,35,99.89,Pass,Applied,,,K. Bose,Lead-2 (QA),Auto-matched and posted,17-11-2025 09:49,18-11-2025 23:49
TXN-00557,POL-82999,Sai Mukherjee,01-09-2025 07:49,03-09-2025 04:49,UPI,UPI-720209,INR,7500,0,7500,Suspense Account,SA-209900,Suspense Ledger,CC-INS-004,Property,AXIS-004,Yes,77.2,45,95.24,Fail,Exception,EXC004,Missing remittance,M. Reddy,Supervisor-B,Exception raised for investigation,01-09-2025 10:49,03-09-2025 05:49
TXN-00558,POL-34045,Ira Nair,23-08-2025 07:49,24-08-2025 04:49,NEFT,NEFT-722385,INR,30000,30000,0,Premium Receivable,PR-400100,Policy Ledger,CC-INS-001,Health,SBI-003,Yes,96.5,21,99.82,Pass,Applied,,,P. Patel,Supervisor-A,Auto-matched and posted,23-08-2025 08:49,24-08-2025 08:49
TXN-00559,POL-77853,Aarohi Das,10-12-2025 07:49,12-12-2025 15:49,UPI,UPI-438480,INR,10000,0,10000,Suspense Account,SA-209900,Suspense Ledger,CC-INS-004,Motor,SBI-003,Yes,83.4,56,97.09,Fail,Exception,EXC002,Short payment,S. Kapoor,Supervisor-A,Exception raised for investigation,10-12-2025 09:49,12-12-2025 16:49
TXN-00560,POL-25538,Ishaan Reddy,04-12-2025 07:49,06-12-2025 17:49,RTGS,RTGS-277545,INR,15000,0,15000,Suspense Account,SA-209900,Suspense Ledger,CC-INS-001,Health,ICICI-002,No,82.7,58,96.33,Fail,Exception,EXC002,Short payment,R. Mehta,Lead-1 (QA),Exception raised for investigation,04-12-2025 10:49,06-12-2025 21:49
TXN-00561,POL-35576,Aarav Bhatia,08-08-2025 07:49,10-08-2025 08:49,RTGS,RTGS-395528,INR,50000,50000,0,Premium Receivable,PR-400100,Policy Ledger,CC-INS-001,Property,AXIS-004,Yes,95.7,49,99.79,Pass,Applied,,,P. Patel,Supervisor-A,Auto-matched and posted,08-08-2025 08:49,10-08-2025 14:49
TXN-00562,POL-27933,Krishna Agarwal,31-10-2025 07:49,31-10-2025 19:49,RTGS,RTGS-862693,INR,10000,10000,0,Premium Receivable,PR-400100,Policy Ledger,CC-INS-003,Life,AXIS-004,Yes,96.1,12,99.59,Pass,Applied,,,S. Kapoor,Supervisor-A,Auto-matched and posted,31-10-2025 08:49,01-11-2025 01:49
TXN-00563,POL-83160,Vivaan Sharma,03-10-2025 07:49,04-10-2025 02:49,SWIFT,SWF-494483,INR,12500,12500,0,Premium Receivable,PR-400100,Policy Ledger,CC-INS-003,Health,ICICI-002,Yes,97.9,19,99.53,Pass,Applied,,,S. Kapoor,Lead-2 (QA),Auto-matched and posted,03-10-2025 08:49,04-10-2025 05:49
TXN-00564,POL-18816,Myra Pillai,05-01-2026 07:49,06-01-2026 11:49,RTGS,RTGS-140698,INR,15000,15000,0,Premium Receivable,PR-400100,Policy Ledger,CC-INS-002,Motor,ICICI-002,Yes,95.1,28,99.24,Pass,Applied,,,M. Reddy,Supervisor-B,Auto-matched and posted,05-01-2026 09:49,06-01-2026 17:49
TXN-00565,POL-92578,Aadhya Roy,01-11-2025 07:49,04-11-2025 06:49,CHQ,CHQ-48720,INR,7500,0,7500,Suspense Account,SA-209900,Suspense Ledger,CC-INS-003,Health,AXIS-004,No,77.9,71,95.47,Fail,Exception,EXC004,Missing remittance,S. Kapoor,Lead-2 (QA),Exception raised for investigation,01-11-2025 09:49,04-11-2025 08:49
TXN-00566,POL-96587,Vihaan Chopra,27-01-2026 07:49,29-01-2026 11:49,RTGS,RTGS-911264,INR,30000,30000,0,Premium Receivable,PR-400100,Policy Ledger,CC-INS-004,Life,SBI-003,Yes,94.6,52,98.8,Pass,Applied,,,M. Reddy,Supervisor-A,Auto-matched and posted,27-01-2026 09:49,29-01-2026 14:49
TXN-00567,POL-67927,Anika Patel,07-10-2025 07:49,07-10-2025 15:49,UPI,UPI-609089,INR,20000,20000,0,Premium Receivable,PR-400100,Policy Ledger,CC-INS-005,Health,HDFC-001,Yes,94.3,8,99.73,Pass,Applied,,,K. Bose,Lead-2 (QA),Auto-matched and posted,07-10-2025 10:49,07-10-2025 19:49
TXN-00568,POL-12610,Aarav Patel,25-08-2025 07:49,27-08-2025 03:49,UPI,UPI-904092,INR,7500,7500,0,Premium Receivable,PR-400100,Policy Ledger,CC-INS-005,Property,ICICI-002,Yes,94.2,44,98.72,Pass,Applied,,,M. Reddy,Lead-2 (QA),Auto-matched and posted,25-08-2025 09:49,27-08-2025 05:49
TXN-00569,POL-64184,Muhammad Pillai,04-10-2025 07:49,04-10-2025 10:49,NEFT,NEFT-986552,INR,40000,40000,0,Premium Receivable,PR-400100,Policy Ledger,CC-INS-002,Health,HDFC-001,Yes,93.9,3,98.92,Pass,Applied,,,M. Reddy,Lead-1 (QA),Auto-matched and posted,04-10-2025 09:49,04-10-2025 15:49
TXN-00570,POL-62527,Arjun Reddy,23-08-2025 07:49,23-08-2025 18:49,NEFT,NEFT-629016,INR,25000,25000,0,Premium Receivable,PR-400100,Policy Ledger,CC-INS-005,Property,ICICI-002,Yes,98.5,11,98.63,Pass,Applied,,,M. Reddy,Supervisor-A,Auto-matched and posted,23-08-2025 09:49,23-08-2025 22:49
TXN-00571,POL-13071,Ishaan Reddy,27-11-2025 07:49,28-11-2025 10:49,NEFT,NEFT-377107,USD,300,300,0,Premium Receivable,PR-400100,Policy Ledger,CC-INS-004,Motor,ICICI-002,Yes,98.8,27,99.29,Pass,Applied,,,N. Jain,Lead-1 (QA),Auto-matched and posted,27-11-2025 09:49,28-11-2025 15:49
TXN-00572,POL-61595,Diya Pillai,29-08-2025 07:49,31-08-2025 18:49,RTGS,RTGS-705950,USD,250,133,117,Premium Receivable,PR-400100,Policy Ledger,CC-INS-001,Life,ICICI-002,Yes,76.8,59,96.4,Fail,Partially Applied,,,A. Nair,Supervisor-B,Partial allocation; balance in suspense,29-08-2025 10:49,31-08-2025 19:49
TXN-00573,POL-20995,Arjun Patel,06-01-2026 07:49,08-01-2026 21:49,SWIFT,SWF-858154,INR,12500,12500,0,Premium Receivable,PR-400100,Policy Ledger,CC-INS-001,Motor,AXIS-004,Yes,97.4,62,99.67,Pass,Applied,,,R. Mehta,Supervisor-A,Auto-matched and posted,06-01-2026 10:49,08-01-2026 22:49
TXN-00574,POL-83716,Myra Pillai,07-12-2025 07:49,09-12-2025 01:49,RTGS,RTGS-437471,INR,30000,30000,0,Excess Premium,EP-400200,Policy Ledger,CC-INS-001,Property,ICICI-002,No,79.7,42,97.68,Fail,Applied,,,R. Mehta,Lead-2 (QA),Manual verification completed,07-12-2025 10:49,09-12-2025 06:49
TXN-00575,POL-25922,Reyansh Yadav,22-11-2025 07:49,22-11-2025 23:49,NEFT,NEFT-544787,INR,40000,40000,0,Premium Receivable,PR-400100,Policy Ledger,CC-INS-004,Motor,SBI-003,Yes,95.4,16,98.92,Pass,Applied,,,K. Bose,Supervisor-A,Auto-matched and posted,22-11-2025 10:49,23-11-2025 04:49
TXN-00576,POL-31750,Arjun Mukherjee,13-12-2025 07:49,14-12-2025 11:49,SWIFT,SWF-849181,INR,50000,50000,0,Premium Receivable,PR-400100,Policy Ledger,CC-INS-002,Health,AXIS-004,No,97.5,28,99.51,Pass,Applied,,,R. Mehta,Supervisor-A,Manual verification completed,13-12-2025 09:49,14-12-2025 12:49
TXN-00577,POL-29706,Myra Gupta,03-08-2025 07:49,05-08-2025 00:49,RTGS,RTGS-308947,INR,40000,40000,0,Premium Receivable,PR-400100,Policy Ledger,CC-INS-005,Health,SBI-003,Yes,96.6,41,98.59,Pass,Applied,,,R. Mehta,Lead-2 (QA),Auto-matched and posted,03-08-2025 09:49,05-08-2025 02:49
TXN-00578,POL-65858,Ira Mukherjee,04-11-2025 07:49,06-11-2025 12:49,UPI,UPI-688368,INR,12500,12500,0,Premium Receivable,PR-400100,Policy Ledger,CC-INS-001,Health,AXIS-004,Yes,94.7,53,98.87,Pass,Applied,,,K. Bose,Supervisor-A,Auto-matched and posted,04-11-2025 10:49,06-11-2025 18:49
TXN-00579,POL-90725,Myra Yadav,14-09-2025 07:49,14-09-2025 09:49,RTGS,RTGS-326957,INR,50000,50000,0,Premium Receivable,PR-400100,Policy Ledger,CC-INS-001,Health,AXIS-004,Yes,94.9,2,99.75,Pass,Applied,,,N. Jain,Supervisor-B,Auto-matched and posted,14-09-2025 09:49,14-09-2025 11:49
TXN-00580,POL-75585,Vihaan Iyer,23-12-2025 07:49,25-12-2025 11:49,CHQ,CHQ-60532,INR,20000,20000,0,Premium Receivable,PR-400100,Policy Ledger,CC-INS-002,Motor,ICICI-002,Yes,98.3,52,99.68,Pass,Applied,,,N. Jain,Supervisor-B,Auto-matched and posted,23-12-2025 09:49,25-12-2025 16:49
TXN-00581,POL-42838,Vihaan Pillai,21-11-2025 07:49,23-11-2025 05:49,RTGS,RTGS-126524,INR,30000,14906,15094,Premium Receivable,PR-400100,Policy Ledger,CC-INS-002,Life,ICICI-002,No,89.3,46,98.58,Pass,Partially Applied,EXC003,Overpayment,P. Patel,Supervisor-A,Partial allocation; balance in suspense,21-11-2025 10:49,23-11-2025 06:49
TXN-00582,POL-10735,Ira Mukherjee,25-10-2025 07:49,25-10-2025 21:49,UPI,UPI-366086,INR,5000,5000,0,Premium Receivable,PR-400100,Policy Ledger,CC-INS-003,Motor,HDFC-001,Yes,95.9,14,98.56,Pass,Applied,,,R. Mehta,Supervisor-B,Auto-matched and posted,25-10-2025 10:49,26-10-2025 02:49
TXN-00583,POL-69569,Myra Singh,01-12-2025 07:49,04-12-2025 06:49,NEFT,NEFT-140048,INR,50000,0,50000,Suspense Account,SA-209900,Suspense Ledger,CC-INS-001,Property,HDFC-001,Yes,77.1,71,97.05,Fail,Unapplied,EXC002,Short payment,R. Mehta,Supervisor-B,Awaiting policy mapping,01-12-2025 10:49,04-12-2025 11:49
TXN-00584,POL-18169,Ananya Agarwal,19-12-2025 07:49,20-12-2025 20:49,RTGS,RTGS-786927,INR,5000,5000,0,Premium Receivable,PR-400100,Policy Ledger,CC-INS-005,Motor,HDFC-001,Yes,98.4,37,98.74,Pass,Applied,,,N. Jain,Supervisor-B,Auto-matched and posted,19-12-2025 10:49,21-12-2025 01:49
TXN-00585,POL-18058,Aditya Yadav,08-12-2025 07:49,09-12-2025 03:49,UPI,UPI-188047,INR,5000,5000,0,Premium Receivable,PR-400100,Policy Ledger,CC-INS-001,Motor,SBI-003,Yes,94,20,99.55,Pass,Applied,,,K. Bose,Lead-1 (QA),Auto-matched and posted,08-12-2025 09:49,09-12-2025 06:49
TXN-00586,POL-84471,Aditya Das,28-11-2025 07:49,28-11-2025 20:49,NEFT,NEFT-194960,INR,7500,7500,0,Premium Receivable,PR-400100,Policy Ledger,CC-INS-002,Motor,AXIS-004,No,94.1,13,99.6,Pass,Applied,,,S. Kapoor,Lead-2 (QA),Manual verification completed,28-11-2025 09:49,29-11-2025 02:49
TXN-00587,POL-99245,Muhammad Kumar,20-10-2025 07:49,20-10-2025 15:49,CHQ,CHQ-47627,INR,10000,10000,0,Premium Receivable,PR-400100,Policy Ledger,CC-INS-003,Motor,AXIS-004,Yes,94.6,8,98.78,Pass,Applied,,,M. Reddy,Lead-1 (QA),Auto-matched and posted,20-10-2025 09:49,20-10-2025 17:49
TXN-00588,POL-85850,Diya Chopra,13-01-2026 07:49,16-01-2026 03:49,CHQ,CHQ-92709,INR,10000,10000,0,Premium Receivable,PR-400100,Policy Ledger,CC-INS-004,Motor,SBI-003,Yes,96.2,68,98.79,Pass,Applied,,,A. Nair,Supervisor-A,Auto-matched and posted,13-01-2026 10:49,16-01-2026 07:49
TXN-00589,POL-82300,Krishna Gupta,11-12-2025 07:49,12-12-2025 11:49,UPI,UPI-328856,INR,5000,0,5000,Suspense Account,SA-209900,Suspense Ledger,CC-INS-005,Motor,SBI-003,Yes,73.9,28,95.66,Fail,Unapplied,EXC004,Missing remittance,N. Jain,Lead-1 (QA),Awaiting policy mapping,11-12-2025 09:49,12-12-2025 16:49
TXN-00590,POL-23711,Diya Sharma,11-09-2025 07:49,13-09-2025 14:49,CHQ,CHQ-53871,INR,7500,7500,0,Premium Receivable,PR-400100,Policy Ledger,CC-INS-004,Property,AXIS-004,Yes,96.3,55,99.55,Pass,Applied,,,N. Jain,Supervisor-B,Auto-matched and posted,11-09-2025 08:49,13-09-2025 16:49
TXN-00591,POL-58918,Saanvi Bose,03-12-2025 07:49,05-12-2025 12:49,UPI,UPI-142078,USD,150,83,67,Excess Premium,EP-400200,Policy Ledger,CC-INS-001,Health,ICICI-002,Yes,87,53,98.67,Pass,Partially Applied,,,M. Reddy,Lead-2 (QA),Partial allocation; balance in suspense,03-12-2025 10:49,05-12-2025 18:49
TXN-00592,POL-28290,Arjun Bose,15-08-2025 07:49,15-08-2025 20:49,UPI,UPI-931377,INR,20000,20000,0,Premium Receivable,PR-400100,Policy Ledger,CC-INS-003,Motor,HDFC-001,Yes,93.9,13,99.74,Pass,Applied,,,V. Iyer,Lead-2 (QA),Auto-matched and posted,15-08-2025 08:49,15-08-2025 23:49
TXN-00593,POL-21818,Sai Kumar,24-01-2026 07:49,26-01-2026 08:49,NEFT,NEFT-600531,INR,7500,7500,0,Premium Receivable,PR-400100,Policy Ledger,CC-INS-004,Health,HDFC-001,Yes,98.5,49,99.44,Pass,Applied,,,N. Jain,Lead-2 (QA),Auto-matched and posted,24-01-2026 09:49,26-01-2026 14:49
TXN-00594,POL-27501,Aadhya Bose,13-10-2025 07:49,15-10-2025 15:49,SWIFT,SWF-512982,INR,20000,20000,0,Premium Receivable,PR-400100,Policy Ledger,CC-INS-002,Motor,SBI-003,Yes,94.3,56,99.35,Pass,Applied,,,K. Bose,Lead-1 (QA),Auto-matched and posted,13-10-2025 10:49,15-10-2025 19:49
TXN-00595,POL-62190,Aditya Iyer,06-09-2025 07:49,09-09-2025 00:49,RTGS,RTGS-146397,INR,25000,25000,0,Premium Receivable,PR-400100,Policy Ledger,CC-INS-004,Life,SBI-003,Yes,93.9,65,98.94,Pass,Applied,,,N. Jain,Lead-2 (QA),Auto-matched and posted,06-09-2025 08:49,09-09-2025 03:49
TXN-00596,POL-99435,Aarohi Agarwal,29-11-2025 07:49,29-11-2025 19:49,UPI,UPI-819391,INR,25000,10583,14417,Premium Receivable,PR-400100,Policy Ledger,CC-INS-004,Property,HDFC-001,Yes,78.4,12,97.27,Fail,Partially Applied,,,M. Reddy,Supervisor-B,Partial allocation; balance in suspense,29-11-2025 09:49,30-11-2025 00:49
TXN-00597,POL-93115,Vihaan Roy,25-11-2025 07:49,28-11-2025 01:49,UPI,UPI-918941,INR,20000,5563,14437,Excess Premium,EP-400200,Policy Ledger,CC-INS-001,Health,HDFC-001,Yes,79.3,66,98.13,Pass,Partially Applied,,,K. Bose,Supervisor-A,Partial allocation; balance in suspense,25-11-2025 08:49,28-11-2025 05:49
TXN-00598,POL-90546,Pari Mehta,14-08-2025 07:49,16-08-2025 20:49,UPI,UPI-141779,INR,30000,30000,0,Premium Receivable,PR-400100,Policy Ledger,CC-INS-003,Life,SBI-003,Yes,95.2,61,99.1,Pass,Applied,,,V. Iyer,Supervisor-A,Auto-matched and posted,14-08-2025 09:49,16-08-2025 23:49
TXN-00599,POL-12296,Pari Bose,17-10-2025 07:49,17-10-2025 13:49,SWIFT,SWF-217108,INR,5000,5000,0,Premium Receivable,PR-400100,Policy Ledger,CC-INS-002,Property,AXIS-004,Yes,96.2,6,98.68,Pass,Applied,,,M. Reddy,Supervisor-A,Auto-matched and posted,17-10-2025 09:49,17-10-2025 18:49
TXN-00600,POL-90903,Sai Nair,25-12-2025 07:49,27-12-2025 19:49,NEFT,NEFT-180253,INR,5000,5000,0,Excess Premium,EP-400200,Policy Ledger,CC-INS-001,Motor,SBI-003,Yes,98.3,60,99.03,Pass,Applied,,,N. Jain,Supervisor-B,Auto-matched and posted,25-12-2025 08:49,27-12-2025 20:49
TXN-00601,POL-43666,Aditya Mehta,31-08-2025 07:49,01-09-2025 09:49,SWIFT,SWF-373652,USD,300,300,0,Excess Premium,EP-400200,Policy Ledger,CC-INS-004,Health,AXIS-004,Yes,97.8,26,99.02,Pass,Applied,,,M. Reddy,Lead-2 (QA),Auto-matched and posted,31-08-2025 09:49,01-09-2025 13:49
TXN-00602,POL-98006,Vivaan Roy,12-11-2025 07:49,13-11-2025 08:49,UPI,UPI-385925,INR,12500,12500,0,Premium Receivable,PR-400100,Policy Ledger,CC-INS-003,Life,ICICI-002,Yes,94.6,25,99.34,Pass,Applied,,,A. Nair,Lead-1 (QA),Auto-matched and posted,12-11-2025 10:49,13-11-2025 10:49
TXN-00603,POL-38974,Aditya Roy,14-10-2025 07:49,16-10-2025 19:49,SWIFT,SWF-541203,INR,20000,20000,0,Premium Receivable,PR-400100,Policy Ledger,CC-INS-004,Health,AXIS-004,Yes,95.1,60,98.95,Pass,Applied,,,P. Patel,Lead-2 (QA),Auto-matched and posted,14-10-2025 10:49,17-10-2025 00:49
TXN-00604,POL-32283,Aadhya Reddy,13-11-2025 07:49,13-11-2025 13:49,SWIFT,SWF-182427,INR,40000,0,40000,Suspense Account,SA-209900,Suspense Ledger,CC-INS-003,Motor,AXIS-004,Yes,77.4,6,95.85,Fail,Exception,EXC003,Overpayment,P. Patel,Lead-1 (QA),Exception raised for investigation,13-11-2025 08:49,13-11-2025 17:49
TXN-00605,POL-86668,Reyansh Roy,31-10-2025 07:49,02-11-2025 16:49,CHQ,CHQ-13068,INR,15000,15000,0,Premium Receivable,PR-400100,Policy Ledger,CC-INS-005,Life,HDFC-001,Yes,98.5,57,98.68,Pass,Applied,,,N. Jain,Lead-2 (QA),Auto-matched and posted,31-10-2025 08:49,02-11-2025 16:49
TXN-00606,POL-84808,Ishaan Singh,11-09-2025 07:49,13-09-2025 12:49,SWIFT,SWF-528360,INR,12500,12500,0,Premium Receivable,PR-400100,Policy Ledger,CC-INS-003,Property,ICICI-002,Yes,95.2,53,98.65,Pass,Applied,,,N. Jain,Supervisor-B,Auto-matched and posted,11-09-2025 09:49,13-09-2025 14:49
TXN-00607,POL-68911,Reyansh Singh,12-11-2025 07:49,13-11-2025 21:49,NEFT,NEFT-658540,INR,30000,30000,0,Premium Receivable,PR-400100,Policy Ledger,CC-INS-004,Property,ICICI-002,Yes,96.5,38,99.09,Pass,Applied,,,R. Mehta,Lead-2 (QA),Auto-matched and posted,12-11-2025 08:49,14-11-2025 01:49
TXN-00608,POL-91254,Aarohi Gupta,02-01-2026 07:49,04-01-2026 13:49,NEFT,NEFT-440808,INR,10000,10000,0,Premium Receivable,PR-400100,Policy Ledger,CC-INS-004,Health,ICICI-002,Yes,95.2,54,99.54,Pass,Applied,,,P. Patel,Supervisor-A,Auto-matched and posted,02-01-2026 10:49,04-01-2026 19:49
TXN-00609,POL-41367,Reyansh Bhatia,22-09-2025 07:49,24-09-2025 02:49,RTGS,RTGS-407213,INR,5000,5000,0,Premium Receivable,PR-400100,Policy Ledger,CC-INS-002,Property,HDFC-001,Yes,96.6,43,99.89,Pass,Applied,,,K. Bose,Lead-2 (QA),Auto-matched and posted,22-09-2025 08:49,24-09-2025 05:49
TXN-00610,POL-19154,Aarav Verma,23-01-2026 07:49,25-01-2026 13:49,SWIFT,SWF-593050,INR,7500,6138,1362,Excess Premium,EP-400200,Policy Ledger,CC-INS-001,Property,AXIS-004,Yes,85.7,54,97.7,Fail,Partially Applied,,,R. Mehta,Supervisor-A,Partial allocation; balance in suspense,23-01-2026 09:49,25-01-2026 19:49
TXN-00611,POL-15230,Diya Patel,10-12-2025 07:49,12-12-2025 17:49,CHQ,CHQ-26260,INR,15000,11312,3688,Premium Receivable,PR-400100,Policy Ledger,CC-INS-004,Health,SBI-003,No,78.1,58,97.84,Fail,Partially Applied,EXC002,Short payment,S. Kapoor,Supervisor-A,Partial allocation; balance in suspense,10-12-2025 10:49,12-12-2025 22:49
TXN-00612,POL-19708,Pari Bhatia,03-10-2025 07:49,04-10-2025 18:49,UPI,UPI-409636,INR,20000,11955,8045,Premium Receivable,PR-400100,Policy Ledger,CC-INS-003,Motor,SBI-003,Yes,86.7,35,96.41,Fail,Partially Applied,EXC002,Short payment,M. Reddy,Lead-2 (QA),Partial allocation; balance in suspense,03-10-2025 10:49,04-10-2025 23:49
TXN-00613,POL-49943,Myra Jain,21-01-2026 07:49,22-01-2026 22:49,RTGS,RTGS-879860,INR,10000,10000,0,Premium Receivable,PR-400100,Policy Ledger,CC-INS-002,Motor,ICICI-002,Yes,96.8,39,98.54,Pass,Applied,,,R. Mehta,Supervisor-A,Auto-matched and posted,21-01-2026 09:49,23-01-2026 03:49
TXN-00614,POL-76662,Aarohi Patel,02-12-2025 07:49,03-12-2025 06:49,UPI,UPI-775127,INR,40000,40000,0,Premium Receivable,PR-400100,Policy Ledger,CC-INS-005,Property,ICICI-002,Yes,95.9,23,98.74,Pass,Applied,,,P. Patel,Supervisor-B,Auto-matched and posted,02-12-2025 08:49,03-12-2025 11:49
TXN-00615,POL-18487,Ananya Iyer,20-10-2025 07:49,21-10-2025 11:49,RTGS,RTGS-257379,INR,7500,7500,0,Premium Receivable,PR-400100,Policy Ledger,CC-INS-005,Health,ICICI-002,Yes,98.5,28,99.77,Pass,Applied,,,K. Bose,Lead-1 (QA),Auto-matched and posted,20-10-2025 09:49,21-10-2025 16:49
TXN-00616,POL-22955,Ananya Nair,19-08-2025 07:49,20-08-2025 19:49,SWIFT,SWF-660730,INR,40000,0,40000,Suspense Account,SA-209900,Suspense Ledger,CC-INS-002,Motor,ICICI-002,No,56.7,36,95.98,Fail,Unapplied,EXC002,Short payment,A. Nair,Lead-2 (QA),Awaiting policy mapping,19-08-2025 10:49,21-08-2025 00:49
TXN-00617,POL-69777,Reyansh Verma,04-01-2026 07:49,05-01-2026 19:49,SWIFT,SWF-390955,INR,12500,10429,2071,Excess Premium,EP-400200,Policy Ledger,CC-INS-004,Property,HDFC-001,Yes,76.7,36,96.58,Fail,Partially Applied,EXC005,Policy closed/expired,R. Mehta,Supervisor-A,Partial allocation; balance in suspense,04-01-2026 10:49,05-01-2026 19:49
TXN-00618,POL-35745,Myra Agarwal,23-11-2025 07:49,23-11-2025 19:49,CHQ,CHQ-35873,INR,50000,50000,0,Premium Receivable,PR-400100,Policy Ledger,CC-INS-001,Property,ICICI-002,Yes,96.5,12,99.71,Pass,Applied,,,P. Patel,Lead-1 (QA),Auto-matched and posted,23-11-2025 09:49,24-11-2025 01:49
TXN-00619,POL-63368,Saanvi Reddy,06-12-2025 07:49,07-12-2025 07:49,UPI,UPI-631935,INR,15000,0,15000,Suspense Account,SA-209900,Suspense Ledger,CC-INS-005,Motor,AXIS-004,Yes,81,24,94.87,Fail,Exception,EXC003,Overpayment,S. Kapoor,Lead-2 (QA),Exception raised for investigation,06-12-2025 09:49,07-12-2025 07:49
TXN-00620,POL-51839,Aarohi Bhatia,06-12-2025 07:49,07-12-2025 05:49,RTGS,RTGS-168744,INR,15000,15000,0,Excess Premium,EP-400200,Policy Ledger,CC-INS-002,Life,ICICI-002,Yes,97.1,22,99.65,Pass,Applied,,,A. Nair,Supervisor-A,Auto-matched and posted,06-12-2025 10:49,07-12-2025 07:49
TXN-00621,POL-51945,Aarohi Bhatia,28-08-2025 07:49,29-08-2025 23:49,SWIFT,SWF-320507,INR,10000,10000,0,Premium Receivable,PR-400100,Policy Ledger,CC-INS-002,Motor,AXIS-004,Yes,94,40,98.72,Pass,Applied,,,N. Jain,Supervisor-A,Auto-matched and posted,28-08-2025 08:49,30-08-2025 01:49
TXN-00622,POL-71863,Ishaan Chopra,08-09-2025 07:49,10-09-2025 00:49,UPI,UPI-862010,INR,20000,20000,0,Premium Receivable,PR-400100,Policy Ledger,CC-INS-004,Life,AXIS-004,Yes,95.5,41,99.57,Pass,Applied,,,K. Bose,Lead-2 (QA),Auto-matched and posted,08-09-2025 09:49,10-09-2025 06:49
TXN-00623,POL-45940,Aarav Yadav,24-09-2025 07:49,25-09-2025 17:49,UPI,UPI-972993,INR,20000,20000,0,Premium Receivable,PR-400100,Policy Ledger,CC-INS-005,Property,SBI-003,Yes,97.4,34,99.62,Pass,Applied,,,S. Kapoor,Lead-1 (QA),Auto-matched and posted,24-09-2025 08:49,25-09-2025 18:49
TXN-00624,POL-52661,Myra Das,30-11-2025 07:49,30-11-2025 14:49,CHQ,CHQ-73837,INR,50000,50000,0,Premium Receivable,PR-400100,Policy Ledger,CC-INS-004,Motor,HDFC-001,Yes,95.1,7,99.25,Pass,Applied,,,P. Patel,Lead-2 (QA),Auto-matched and posted,30-11-2025 10:49,30-11-2025 14:49
TXN-00625,POL-52538,Anika Kumar,09-09-2025 07:49,10-09-2025 23:49,SWIFT,SWF-309709,INR,30000,30000,0,Premium Receivable,PR-400100,Policy Ledger,CC-INS-003,Life,ICICI-002,Yes,94.6,40,99.24,Pass,Applied,,,S. Kapoor,Supervisor-A,Auto-matched and posted,09-09-2025 09:49,11-09-2025 05:49
TXN-00626,POL-68437,Muhammad Singh,23-10-2025 07:49,25-10-2025 20:49,RTGS,RTGS-583187,INR,12500,12500,0,Premium Receivable,PR-400100,Policy Ledger,CC-INS-001,Property,AXIS-004,Yes,97.5,61,98.53,Pass,Applied,,,N. Jain,Supervisor-B,Auto-matched and posted,23-10-2025 08:49,26-10-2025 02:49
TXN-00627,POL-79258,Vivaan Nair,05-11-2025 07:49,05-11-2025 11:49,SWIFT,SWF-558444,USD,300,0,300,Suspense Account,SA-209900,Suspense Ledger,CC-INS-001,Life,HDFC-001,Yes,71.2,4,94.99,Fail,Unapplied,EXC003,Overpayment,S. Kapoor,Lead-2 (QA),Awaiting policy mapping,05-11-2025 10:49,05-11-2025 17:49
TXN-00628,POL-21498,Ira Jain,05-01-2026 07:49,06-01-2026 09:49,NEFT,NEFT-904378,INR,15000,15000,0,Excess Premium,EP-400200,Policy Ledger,CC-INS-002,Motor,AXIS-004,No,81.2,26,98.06,Pass,Applied,,,N. Jain,Lead-1 (QA),Manual verification completed,05-01-2026 09:49,06-01-2026 13:49
TXN-00629,POL-48510,Aarav Roy,09-11-2025 07:49,09-11-2025 11:49,NEFT,NEFT-336170,INR,10000,10000,0,Premium Receivable,PR-400100,Policy Ledger,CC-INS-002,Motor,ICICI-002,Yes,95,4,99.14,Pass,Applied,,,A. Nair,Lead-2 (QA),Auto-matched and posted,09-11-2025 08:49,09-11-2025 13:49
TXN-00630,POL-33800,Vihaan Sharma,16-12-2025 07:49,16-12-2025 14:49,RTGS,RTGS-666310,INR,7500,7500,0,Premium Receivable,PR-400100,Policy Ledger,CC-INS-004,Motor,ICICI-002,Yes,94.3,7,98.92,Pass,Applied,,,A. Nair,Supervisor-A,Auto-matched and posted,16-12-2025 08:49,16-12-2025 15:49
TXN-00631,POL-67624,Vihaan Patel,08-08-2025 07:49,10-08-2025 17:49,RTGS,RTGS-498895,INR,30000,30000,0,Premium Receivable,PR-400100,Policy Ledger,CC-INS-002,Life,ICICI-002,Yes,97.9,58,98.63,Pass,Applied,,,A. Nair,Lead-1 (QA),Auto-matched and posted,08-08-2025 09:49,10-08-2025 22:49
TXN-00632,POL-89278,Diya Bose,16-11-2025 07:49,17-11-2025 09:49,RTGS,RTGS-195201,INR,20000,20000,0,Premium Receivable,PR-400100,Policy Ledger,CC-INS-004,Property,HDFC-001,No,78.3,26,98.15,Pass,Applied,,,K. Bose,Supervisor-A,Manual verification completed,16-11-2025 09:49,17-11-2025 15:49
TXN-00633,POL-18559,Anika Mukherjee,29-09-2025 07:49,29-09-2025 19:49,CHQ,CHQ-71782,INR,15000,3476,11524,Excess Premium,EP-400200,Policy Ledger,CC-INS-002,Property,HDFC-001,No,73.9,12,96.03,Fail,Partially Applied,,,R. Mehta,Lead-2 (QA),Partial allocation; balance in suspense,29-09-2025 10:49,30-09-2025 00:49
TXN-00634,POL-48415,Diya Roy,16-11-2025 07:49,17-11-2025 05:49,CHQ,CHQ-32599,INR,40000,0,40000,Suspense Account,SA-209900,Suspense Ledger,CC-INS-002,Life,AXIS-004,No,79.3,22,94.64,Fail,Exception,EXC001,No policy match,A. Nair,Supervisor-A,Exception raised for investigation,16-11-2025 09:49,17-11-2025 10:49
TXN-00635,POL-58913,Krishna Roy,23-10-2025 07:49,23-10-2025 12:49,NEFT,NEFT-447688,INR,30000,30000,0,Excess Premium,EP-400200,Policy Ledger,CC-INS-005,Health,ICICI-002,No,79,5,98.14,Pass,Applied,,,S. Kapoor,Lead-1 (QA),Manual verification completed,23-10-2025 09:49,23-10-2025 13:49
TXN-00636,POL-22074,Anika Gupta,30-08-2025 07:49,01-09-2025 21:49,CHQ,CHQ-64404,INR,40000,40000,0,Excess Premium,EP-400200,Policy Ledger,CC-INS-003,Health,SBI-003,Yes,93,62,99.17,Pass,Applied,,,K. Bose,Lead-1 (QA),Auto-matched and posted,30-08-2025 09:49,02-09-2025 00:49
TXN-00637,POL-84873,Muhammad Kumar,27-09-2025 07:49,30-09-2025 02:49,RTGS,RTGS-944572,INR,12500,12500,0,Premium Receivable,PR-400100,Policy Ledger,CC-INS-002,Health,SBI-003,Yes,94.7,67,99.36,Pass,Applied,,,V. Iyer,Supervisor-A,Auto-matched and posted,27-09-2025 09:49,30-09-2025 07:49
TXN-00638,POL-70574,Ira Nair,12-12-2025 07:49,13-12-2025 19:49,RTGS,RTGS-443874,INR,10000,10000,0,Excess Premium,EP-400200,Policy Ledger,CC-INS-001,Health,ICICI-002,Yes,98.4,36,99.04,Pass,Applied,,,R. Mehta,Lead-2 (QA),Auto-matched and posted,12-12-2025 10:49,13-12-2025 19:49
TXN-00639,POL-41172,Reyansh Patel,23-10-2025 07:49,23-10-2025 10:49,SWIFT,SWF-604130,INR,20000,20000,0,Excess Premium,EP-400200,Policy Ledger,CC-INS-004,Motor,AXIS-004,No,86.5,3,99.19,Pass,Applied,,,S. Kapoor,Supervisor-A,Manual verification completed,23-10-2025 10:49,23-10-2025 16:49
TXN-00640,POL-77435,Ananya Bose,18-09-2025 07:49,19-09-2025 17:49,UPI,UPI-946188,INR,40000,40000,0,Premium Receivable,PR-400100,Policy Ledger,CC-INS-003,Property,HDFC-001,Yes,97.6,34,98.87,Pass,Applied,,,V. Iyer,Lead-1 (QA),Auto-matched and posted,18-09-2025 08:49,19-09-2025 20:49
TXN-00641,POL-24566,Vihaan Pillai,16-10-2025 07:49,17-10-2025 01:49,UPI,UPI-421944,INR,40000,0,40000,Suspense Account,SA-209900,Suspense Ledger,CC-INS-005,Health,ICICI-002,Yes,81,18,95.77,Fail,Exception,EXC004,Missing remittance,A. Nair,Lead-1 (QA),Exception raised for investigation,16-10-2025 08:49,17-10-2025 06:49
TXN-00642,POL-56391,Aarohi Roy,09-09-2025 07:49,12-09-2025 04:49,SWIFT,SWF-149278,INR,20000,20000,0,Premium Receivable,PR-400100,Policy Ledger,CC-INS-002,Health,ICICI-002,No,81.5,69,97.77,Fail,Applied,,,N. Jain,Lead-2 (QA),Manual verification completed,09-09-2025 09:49,12-09-2025 04:49
TXN-00643,POL-62543,Ishaan Patel,13-12-2025 07:49,15-12-2025 14:49,CHQ,CHQ-71342,INR,15000,15000,0,Premium Receivable,PR-400100,Policy Ledger,CC-INS-005,Life,HDFC-001,Yes,94.9,55,99.79,Pass,Applied,,,N. Jain,Lead-2 (QA),Auto-matched and posted,13-12-2025 08:49,15-12-2025 17:49
TXN-00644,POL-31004,Sai Patel,11-09-2025 07:49,13-09-2025 14:49,CHQ,CHQ-87518,INR,20000,20000,0,Excess Premium,EP-400200,Policy Ledger,CC-INS-005,Health,ICICI-002,Yes,98.4,55,98.67,Pass,Applied,,,P. Patel,Lead-2 (QA),Auto-matched and posted,11-09-2025 10:49,13-09-2025 16:49
TXN-00645,POL-52922,Aarav Agarwal,13-12-2025 07:49,15-12-2025 00:49,SWIFT,SWF-207596,INR,50000,50000,0,Premium Receivable,PR-400100,Policy Ledger,CC-INS-004,Health,HDFC-001,Yes,93.7,41,99.54,Pass,Applied,,,K. Bose,Supervisor-A,Auto-matched and posted,13-12-2025 08:49,15-12-2025 03:49
TXN-00646,POL-43482,Vihaan Jain,19-11-2025 07:49,20-11-2025 06:49,CHQ,CHQ-48155,INR,7500,7500,0,Premium Receivable,PR-400100,Policy Ledger,CC-INS-004,Property,AXIS-004,No,96.2,23,98.84,Pass,Applied,,,R. Mehta,Lead-1 (QA),Manual verification completed,19-11-2025 09:49,20-11-2025 12:49
TXN-00647,POL-46158,Krishna Nair,25-10-2025 07:49,27-10-2025 14:49,UPI,UPI-473986,INR,7500,4575,2925,Premium Receivable,PR-400100,Policy Ledger,CC-INS-004,Property,AXIS-004,Yes,79.5,55,96.74,Fail,Partially Applied,,,R. Mehta,Lead-1 (QA),Partial allocation; balance in suspense,25-10-2025 10:49,27-10-2025 20:49
TXN-00648,POL-94237,Vihaan Das,26-08-2025 07:49,27-08-2025 00:49,RTGS,RTGS-478222,INR,50000,50000,0,Premium Receivable,PR-400100,Policy Ledger,CC-INS-004,Life,AXIS-004,Yes,95.1,17,99.6,Pass,Applied,,,N. Jain,Lead-1 (QA),Auto-matched and posted,26-08-2025 08:49,27-08-2025 04:49
TXN-00649,POL-33689,Aarav Bose,27-08-2025 07:49,28-08-2025 22:49,CHQ,CHQ-13719,INR,15000,15000,0,Premium Receivable,PR-400100,Policy Ledger,CC-INS-001,Motor,AXIS-004,Yes,98.8,39,98.89,Pass,Applied,,,M. Reddy,Lead-2 (QA),Auto-matched and posted,27-08-2025 08:49,29-08-2025 02:49
TXN-00650,POL-81732,Ananya Patel,30-10-2025 07:49,31-10-2025 07:49,CHQ,CHQ-21648,INR,50000,50000,0,Premium Receivable,PR-400100,Policy Ledger,CC-INS-001,Property,SBI-003,No,84.6,24,98.02,Pass,Applied,,,P. Patel,Lead-2 (QA),Manual verification completed,30-10-2025 09:49,31-10-2025 08:49
TXN-00651,POL-44692,Myra Chopra,27-10-2025 07:49,29-10-2025 17:49,UPI,UPI-891434,INR,10000,10000,0,Premium Receivable,PR-400100,Policy Ledger,CC-INS-005,Motor,ICICI-002,Yes,98.5,58,99.48,Pass,Applied,,,N. Jain,Lead-1 (QA),Auto-matched and posted,27-10-2025 08:49,29-10-2025 17:49
TXN-00652,POL-21867,Saanvi Patel,08-10-2025 07:49,09-10-2025 03:49,UPI,UPI-658710,INR,10000,0,10000,Suspense Account,SA-209900,Suspense Ledger,CC-INS-005,Life,SBI-003,Yes,83.7,20,96.85,Fail,Unapplied,EXC003,Overpayment,A. Nair,Supervisor-B,Awaiting policy mapping,08-10-2025 08:49,09-10-2025 04:49
TXN-00653,POL-81825,Arjun Reddy,08-08-2025 07:49,11-08-2025 00:49,RTGS,RTGS-973723,INR,12500,12500,0,Premium Receivable,PR-400100,Policy Ledger,CC-INS-002,Life,AXIS-004,Yes,94.3,65,98.52,Pass,Applied,,,P. Patel,Supervisor-B,Auto-matched and posted,08-08-2025 10:49,11-08-2025 04:49
TXN-00654,POL-84460,Muhammad Mehta,18-09-2025 07:49,21-09-2025 03:49,SWIFT,SWF-519028,INR,25000,22184,2816,Premium Receivable,PR-400100,Policy Ledger,CC-INS-002,Motor,SBI-003,No,75.8,68,97.04,Fail,Partially Applied,,,S. Kapoor,Lead-2 (QA),Partial allocation; balance in suspense,18-09-2025 09:49,21-09-2025 09:49
TXN-00655,POL-42361,Sara Das,03-09-2025 07:49,03-09-2025 21:49,SWIFT,SWF-842762,INR,20000,20000,0,Premium Receivable,PR-400100,Policy Ledger,CC-INS-005,Health,AXIS-004,Yes,95.1,14,99.48,Pass,Applied,,,M. Reddy,Lead-1 (QA),Auto-matched and posted,03-09-2025 09:49,04-09-2025 01:49
TXN-00656,POL-67392,Myra Das,21-11-2025 07:49,21-11-2025 17:49,RTGS,RTGS-123189,INR,40000,40000,0,Excess Premium,EP-400200,Policy Ledger,CC-INS-003,Life,SBI-003,Yes,97.2,10,98.59,Pass,Applied,,,M. Reddy,Lead-1 (QA),Auto-matched and posted,21-11-2025 10:49,21-11-2025 21:49
TXN-00657,POL-74331,Anika Kumar,11-11-2025 07:49,12-11-2025 12:49,CHQ,CHQ-50609,INR,15000,15000,0,Premium Receivable,PR-400100,Policy Ledger,CC-INS-005,Motor,HDFC-001,Yes,98.7,29,98.7,Pass,Applied,,,R. Mehta,Supervisor-A,Auto-matched and posted,11-11-2025 10:49,12-11-2025 12:49
TXN-00658,POL-19307,Saanvi Gupta,15-12-2025 07:49,17-12-2025 13:49,RTGS,RTGS-868140,INR,50000,39251,10749,Excess Premium,EP-400200,Policy Ledger,CC-INS-004,Property,AXIS-004,Yes,90.4,54,98.04,Pass,Partially Applied,EXC001,No policy match,N. Jain,Supervisor-B,Partial allocation; balance in suspense,15-12-2025 08:49,17-12-2025 19:49
TXN-00659,POL-54996,Reyansh Agarwal,20-10-2025 07:49,22-10-2025 06:49,RTGS,RTGS-841618,INR,15000,15000,0,Premium Receivable,PR-400100,Policy Ledger,CC-INS-001,Motor,AXIS-004,Yes,94.4,47,99.88,Pass,Applied,,,S. Kapoor,Supervisor-A,Auto-matched and posted,20-10-2025 08:49,22-10-2025 10:49
TXN-00660,POL-17982,Sara Verma,23-01-2026 07:49,25-01-2026 08:49,NEFT,NEFT-276698,INR,40000,40000,0,Premium Receivable,PR-400100,Policy Ledger,CC-INS-003,Life,ICICI-002,Yes,97.8,49,99.3,Pass,Applied,,,A. Nair,Supervisor-B,Auto-matched and posted,23-01-2026 08:49,25-01-2026 12:49
TXN-00661,POL-38622,Diya Agarwal,23-01-2026 07:49,24-01-2026 04:49,SWIFT,SWF-492343,INR,30000,9727,20273,Excess Premium,EP-400200,Policy Ledger,CC-INS-001,Motor,SBI-003,Yes,88,21,96.08,Fail,Partially Applied,EXC005,Policy closed/expired,S. Kapoor,Supervisor-A,Partial allocation; balance in suspense,23-01-2026 10:49,24-01-2026 05:49
TXN-00662,POL-87346,Aarohi Singh,27-08-2025 07:49,30-08-2025 00:49,RTGS,RTGS-732819,INR,50000,0,50000,Suspense Account,SA-209900,Suspense Ledger,CC-INS-004,Life,HDFC-001,No,82.9,65,95.92,Fail,Unapplied,EXC004,Missing remittance,K. Bose,Lead-2 (QA),Awaiting policy mapping,27-08-2025 09:49,30-08-2025 01:49
TXN-00663,POL-41385,Myra Yadav,13-11-2025 07:49,13-11-2025 14:49,UPI,UPI-161471,INR,30000,20860,9140,Excess Premium,EP-400200,Policy Ledger,CC-INS-003,Property,ICICI-002,No,72.2,7,97.46,Fail,Partially Applied,,,M. Reddy,Supervisor-A,Partial allocation; balance in suspense,13-11-2025 08:49,13-11-2025 17:49
TXN-00664,POL-35957,Ishaan Mehta,13-11-2025 07:49,15-11-2025 16:49,CHQ,CHQ-20798,INR,30000,30000,0,Premium Receivable,PR-400100,Policy Ledger,CC-INS-003,Life,HDFC-001,Yes,94.8,57,99.89,Pass,Applied,,,A. Nair,Lead-1 (QA),Auto-matched and posted,13-11-2025 09:49,15-11-2025 20:49
TXN-00665,POL-84878,Sara Singh,13-01-2026 07:49,15-01-2026 01:49,NEFT,NEFT-660245,INR,15000,15000,0,Premium Receivable,PR-400100,Policy Ledger,CC-INS-004,Health,SBI-003,Yes,97.9,42,99.46,Pass,Applied,,,R. Mehta,Lead-2 (QA),Auto-matched and posted,13-01-2026 08:49,15-01-2026 04:49
TXN-00666,POL-34340,Sai Bose,20-08-2025 07:49,21-08-2025 11:49,CHQ,CHQ-37097,INR,50000,50000,0,Excess Premium,EP-400200,Policy Ledger,CC-INS-001,Health,SBI-003,Yes,97.1,28,99.79,Pass,Applied,,,V. Iyer,Supervisor-B,Auto-matched and posted,20-08-2025 08:49,21-08-2025 13:49
TXN-00667,POL-62685,Vivaan Kumar,07-09-2025 07:49,08-09-2025 16:49,SWIFT,SWF-801007,INR,25000,25000,0,Premium Receivable,PR-400100,Policy Ledger,CC-INS-003,Property,HDFC-001,No,84.5,33,99.1,Pass,Applied,,,N. Jain,Supervisor-B,Manual verification completed,07-09-2025 09:49,08-09-2025 18:49
TXN-00668,POL-34837,Myra Reddy,02-01-2026 07:49,02-01-2026 10:49,CHQ,CHQ-15478,INR,30000,30000,0,Premium Receivable,PR-400100,Policy Ledger,CC-INS-004,Life,ICICI-002,Yes,93.7,3,98.72,Pass,Applied,,,K. Bose,Lead-2 (QA),Auto-matched and posted,02-01-2026 10:49,02-01-2026 12:49
TXN-00669,POL-99247,Aadhya Mukherjee,17-12-2025 07:49,18-12-2025 21:49,UPI,UPI-997065,INR,7500,6149,1351,Premium Receivable,PR-400100,Policy Ledger,CC-INS-001,Property,AXIS-004,Yes,71.9,38,98.37,Pass,Partially Applied,EXC005,Policy closed/expired,S. Kapoor,Lead-1 (QA),Partial allocation; balance in suspense,17-12-2025 08:49,18-12-2025 21:49
TXN-00670,POL-60864,Reyansh Gupta,26-01-2026 07:49,26-01-2026 17:49,RTGS,RTGS-557125,INR,30000,22152,7848,Premium Receivable,PR-400100,Policy Ledger,CC-INS-003,Life,HDFC-001,No,81.1,10,98.73,Pass,Partially Applied,,,V. Iyer,Supervisor-A,Partial allocation; balance in suspense,26-01-2026 09:49,26-01-2026 18:49
TXN-00671,POL-55890,Pari Yadav,13-01-2026 07:49,13-01-2026 16:49,CHQ,CHQ-59811,INR,15000,15000,0,Premium Receivable,PR-400100,Policy Ledger,CC-INS-001,Property,HDFC-001,Yes,95,9,99.51,Pass,Applied,,,A. Nair,Supervisor-A,Auto-matched and posted,13-01-2026 10:49,13-01-2026 17:49
TXN-00672,POL-28790,Sara Bose,16-08-2025 07:49,16-08-2025 23:49,NEFT,NEFT-529836,INR,5000,5000,0,Premium Receivable,PR-400100,Policy Ledger,CC-INS-001,Health,HDFC-001,No,85.8,16,97.74,Fail,Applied,,,N. Jain,Lead-1 (QA),Manual verification completed,16-08-2025 10:49,16-08-2025 23:49
TXN-00673,POL-60793,Ira Agarwal,28-09-2025 07:49,28-09-2025 13:49,SWIFT,SWF-672084,INR,30000,0,30000,Suspense Account,SA-209900,Suspense Ledger,CC-INS-002,Property,SBI-003,No,63.5,6,96.16,Fail,Unapplied,EXC004,Missing remittance,K. Bose,Supervisor-B,Awaiting policy mapping,28-09-2025 09:49,28-09-2025 14:49
TXN-00674,POL-69535,Sara Chopra,28-09-2025 07:49,29-09-2025 03:49,UPI,UPI-768040,INR,25000,0,25000,Suspense Account,SA-209900,Suspense Ledger,CC-INS-002,Life,AXIS-004,No,66,20,94.07,Fail,Exception,EXC003,Overpayment,N. Jain,Lead-2 (QA),Exception raised for investigation,28-09-2025 09:49,29-09-2025 04:49
TXN-00675,POL-92116,Diya Yadav,13-11-2025 07:49,15-11-2025 14:49,CHQ,CHQ-70369,INR,30000,0,30000,Suspense Account,SA-209900,Suspense Ledger,CC-INS-005,Health,ICICI-002,Yes,65.1,55,96.33,Fail,Exception,EXC002,Short payment,A. Nair,Lead-2 (QA),Exception raised for investigation,13-11-2025 10:49,15-11-2025 15:49
TXN-00676,POL-96419,Saanvi Chopra,28-11-2025 07:49,01-12-2025 07:49,CHQ,CHQ-59127,INR,12500,12500,0,Premium Receivable,PR-400100,Policy Ledger,CC-INS-005,Property,HDFC-001,Yes,95.7,72,99.77,Pass,Applied,,,A. Nair,Lead-2 (QA),Auto-matched and posted,28-11-2025 09:49,01-12-2025 11:49
TXN-00677,POL-30541,Aadhya Nair,20-11-2025 07:49,21-11-2025 08:49,CHQ,CHQ-13124,INR,25000,25000,0,Premium Receivable,PR-400100,Policy Ledger,CC-INS-004,Health,ICICI-002,No,92.3,25,99.58,Pass,Applied,,,N. Jain,Supervisor-A,Manual verification completed,20-11-2025 09:49,21-11-2025 09:49
TXN-00678,POL-27112,Myra Bose,05-01-2026 07:49,08-01-2026 04:49,NEFT,NEFT-809035,INR,7500,7500,0,Premium Receivable,PR-400100,Policy Ledger,CC-INS-003,Motor,ICICI-002,Yes,93.3,69,99.69,Pass,Applied,,,V. Iyer,Lead-2 (QA),Auto-matched and posted,05-01-2026 09:49,08-01-2026 10:49
TXN-00679,POL-18653,Diya Roy,21-10-2025 07:49,23-10-2025 18:49,CHQ,CHQ-54383,INR,15000,15000,0,Premium Receivable,PR-400100,Policy Ledger,CC-INS-001,Property,ICICI-002,Yes,98.3,59,98.73,Pass,Applied,,,P. Patel,Supervisor-A,Auto-matched and posted,21-10-2025 10:49,24-10-2025 00:49
TXN-00680,POL-42688,Vihaan Kumar,23-11-2025 07:49,23-11-2025 21:49,NEFT,NEFT-242185,INR,30000,30000,0,Premium Receivable,PR-400100,Policy Ledger,CC-INS-004,Health,AXIS-004,Yes,97.1,14,99.65,Pass,Applied,,,R. Mehta,Supervisor-B,Auto-matched and posted,23-11-2025 10:49,24-11-2025 01:49
TXN-00681,POL-55066,Ananya Gupta,04-11-2025 07:49,04-11-2025 17:49,RTGS,RTGS-241498,INR,25000,0,25000,Suspense Account,SA-209900,Suspense Ledger,CC-INS-003,Motor,HDFC-001,Yes,83.1,10,97.36,Fail,Unapplied,EXC002,Short payment,K. Bose,Supervisor-B,Awaiting policy mapping,04-11-2025 08:49,04-11-2025 21:49
TXN-00682,POL-87374,Anika Singh,03-11-2025 07:49,04-11-2025 17:49,RTGS,RTGS-638362,INR,40000,0,40000,Suspense Account,SA-209900,Suspense Ledger,CC-INS-003,Motor,AXIS-004,Yes,64.6,34,94.58,Fail,Unapplied,EXC002,Short payment,N. Jain,Supervisor-A,Awaiting policy mapping,03-11-2025 08:49,04-11-2025 19:49
TXN-00683,POL-96074,Pari Gupta,26-10-2025 07:49,29-10-2025 07:49,NEFT,NEFT-236996,INR,50000,50000,0,Premium Receivable,PR-400100,Policy Ledger,CC-INS-004,Life,SBI-003,Yes,94.2,72,99.16,Pass,Applied,,,N. Jain,Supervisor-A,Auto-matched and posted,26-10-2025 09:49,29-10-2025 13:49
TXN-00684,POL-77185,Anika Mehta,28-10-2025 07:49,29-10-2025 01:49,UPI,UPI-854048,INR,12500,12500,0,Premium Receivable,PR-400100,Policy Ledger,CC-INS-003,Life,HDFC-001,No,97.3,18,98.62,Pass,Applied,,,V. Iyer,Lead-1 (QA),Manual verification completed,28-10-2025 08:49,29-10-2025 01:49
TXN-00685,POL-33213,Diya Gupta,10-09-2025 07:49,11-09-2025 15:49,NEFT,NEFT-179074,INR,5000,4181,819,Premium Receivable,PR-400100,Policy Ledger,CC-INS-003,Life,HDFC-001,Yes,82.8,32,98.7,Pass,Partially Applied,,,R. Mehta,Lead-2 (QA),Partial allocation; balance in suspense,10-09-2025 08:49,11-09-2025 20:49
TXN-00686,POL-20637,Reyansh Gupta,25-08-2025 07:49,25-08-2025 09:49,CHQ,CHQ-99863,INR,5000,3189,1811,Premium Receivable,PR-400100,Policy Ledger,CC-INS-002,Property,SBI-003,Yes,88,2,97.98,Fail,Partially Applied,,,R. Mehta,Supervisor-B,Partial allocation; balance in suspense,25-08-2025 08:49,25-08-2025 13:49
TXN-00687,POL-10827,Aditya Singh,21-09-2025 07:49,22-09-2025 18:49,RTGS,RTGS-668326,INR,12500,12500,0,Premium Receivable,PR-400100,Policy Ledger,CC-INS-002,Health,AXIS-004,Yes,94.1,35,98.95,Pass,Applied,,,M. Reddy,Supervisor-B,Auto-matched and posted,21-09-2025 10:49,22-09-2025 23:49
TXN-00688,POL-47408,Muhammad Mehta,05-10-2025 07:49,07-10-2025 05:49,RTGS,RTGS-656322,INR,15000,15000,0,Premium Receivable,PR-400100,Policy Ledger,CC-INS-001,Property,HDFC-001,Yes,96,46,99.76,Pass,Applied,,,P. Patel,Lead-1 (QA),Auto-matched and posted,05-10-2025 10:49,07-10-2025 10:49
TXN-00689,POL-21564,Ananya Das,02-11-2025 07:49,02-11-2025 17:49,SWIFT,SWF-375185,INR,20000,20000,0,Premium Receivable,PR-400100,Policy Ledger,CC-INS-003,Health,ICICI-002,Yes,96,10,99.57,Pass,Applied,,,V. Iyer,Lead-1 (QA),Auto-matched and posted,02-11-2025 10:49,02-11-2025 19:49
TXN-00690,POL-63704,Pari Jain,24-10-2025 07:49,26-10-2025 12:49,CHQ,CHQ-70868,INR,10000,8647,1353,Premium Receivable,PR-400100,Policy Ledger,CC-INS-002,Property,SBI-003,No,87.3,53,97.07,Fail,Partially Applied,,,R. Mehta,Supervisor-B,Partial allocation; balance in suspense,24-10-2025 10:49,26-10-2025 13:49
TXN-00691,POL-29796,Ira Singh,26-09-2025 07:49,26-09-2025 21:49,NEFT,NEFT-510299,INR,15000,15000,0,Premium Receivable,PR-400100,Policy Ledger,CC-INS-005,Motor,ICICI-002,Yes,94.8,14,99.84,Pass,Applied,,,A. Nair,Supervisor-B,Auto-matched and posted,26-09-2025 10:49,27-09-2025 02:49
TXN-00692,POL-75422,Anika Mehta,11-09-2025 07:49,13-09-2025 23:49,NEFT,NEFT-470534,USD,100,0,100,Suspense Account,SA-209900,Suspense Ledger,CC-INS-004,Health,AXIS-004,No,73.2,64,94.5,Fail,Exception,EXC005,Policy closed/expired,P. Patel,Lead-1 (QA),Exception raised for investigation,11-09-2025 09:49,14-09-2025 04:49
TXN-00693,POL-30788,Ananya Mukherjee,24-01-2026 07:49,26-01-2026 15:49,SWIFT,SWF-227766,INR,40000,40000,0,Premium Receivable,PR-400100,Policy Ledger,CC-INS-004,Life,HDFC-001,Yes,98.2,56,99.02,Pass,Applied,,,P. Patel,Supervisor-A,Auto-matched and posted,24-01-2026 09:49,26-01-2026 16:49
TXN-00694,POL-37453,Ananya Iyer,21-10-2025 07:49,23-10-2025 21:49,UPI,UPI-681955,INR,20000,20000,0,Excess Premium,EP-400200,Policy Ledger,CC-INS-002,Health,ICICI-002,No,94.4,62,99.3,Pass,Applied,,,P. Patel,Supervisor-B,Manual verification completed,21-10-2025 08:49,23-10-2025 23:49
TXN-00695,POL-76972,Vihaan Patel,08-09-2025 07:49,10-09-2025 02:49,NEFT,NEFT-654943,INR,50000,0,50000,Suspense Account,SA-209900,Suspense Ledger,CC-INS-002,Motor,ICICI-002,No,76.8,43,94.23,Fail,Unapplied,EXC004,Missing remittance,K. Bose,Lead-1 (QA),Awaiting policy mapping,08-09-2025 09:49,10-09-2025 03:49
TXN-00696,POL-39272,Aarav Bose,01-11-2025 07:49,03-11-2025 22:49,SWIFT,SWF-253218,INR,20000,20000,0,Premium Receivable,PR-400100,Policy Ledger,CC-INS-002,Life,SBI-003,Yes,94.2,63,99.64,Pass,Applied,,,R. Mehta,Lead-2 (QA),Auto-matched and posted,01-11-2025 10:49,04-11-2025 04:49
TXN-00697,POL-76077,Ishaan Iyer,06-11-2025 07:49,08-11-2025 15:49,NEFT,NEFT-412661,INR,10000,10000,0,Premium Receivable,PR-400100,Policy Ledger,CC-INS-002,Property,AXIS-004,Yes,95.5,56,99.02,Pass,Applied,,,V. Iyer,Supervisor-B,Auto-matched and posted,06-11-2025 09:49,08-11-2025 15:49
TXN-00698,POL-45855,Pari Reddy,21-09-2025 07:49,23-09-2025 19:49,UPI,UPI-270814,INR,20000,0,20000,Suspense Account,SA-209900,Suspense Ledger,CC-INS-002,Motor,AXIS-004,Yes,81,60,95.93,Fail,Exception,EXC003,Overpayment,R. Mehta,Supervisor-B,Exception raised for investigation,21-09-2025 10:49,23-09-2025 21:49
TXN-00699,POL-61843,Reyansh Bose,05-01-2026 07:49,05-01-2026 13:49,UPI,UPI-439753,INR,50000,50000,0,Premium Receivable,PR-400100,Policy Ledger,CC-INS-001,Health,ICICI-002,Yes,97.3,6,99.2,Pass,Applied,,,S. Kapoor,Lead-2 (QA),Auto-matched and posted,05-01-2026 10:49,05-01-2026 14:49
TXN-00700,POL-22040,Diya Chopra,27-10-2025 07:49,27-10-2025 19:49,CHQ,CHQ-55032,INR,30000,30000,0,Premium Receivable,PR-400100,Policy Ledger,CC-INS-005,Life,ICICI-002,Yes,97.7,12,99.47,Pass,Applied,,,P. Patel,Lead-2 (QA),Auto-matched and posted,27-10-2025 08:49,28-10-2025 01:49
TXN-00701,POL-44177,Sai Iyer,16-08-2025 07:49,16-08-2025 12:49,NEFT,NEFT-774132,INR,12500,12500,0,Premium Receivable,PR-400100,Policy Ledger,CC-INS-002,Motor,SBI-003,Yes,98.7,5,99.84,Pass,Applied,,,N. Jain,Supervisor-B,Auto-matched and posted,16-08-2025 08:49,16-08-2025 16:49
TXN-00702,POL-47963,Myra Sharma,20-01-2026 07:49,22-01-2026 14:49,SWIFT,SWF-171262,INR,50000,50000,0,Premium Receivable,PR-400100,Policy Ledger,CC-INS-003,Health,AXIS-004,Yes,95.1,55,98.61,Pass,Applied,,,A. Nair,Lead-2 (QA),Auto-matched and posted,20-01-2026 10:49,22-01-2026 14:49
TXN-00703,POL-92271,Saanvi Mukherjee,09-10-2025 07:49,11-10-2025 08:49,SWIFT,SWF-507287,INR,12500,4213,8287,Premium Receivable,PR-400100,Policy Ledger,CC-INS-004,Property,ICICI-002,No,78.6,49,97.82,Fail,Partially Applied,,,V. Iyer,Lead-1 (QA),Partial allocation; balance in suspense,09-10-2025 08:49,11-10-2025 11:49
TXN-00704,POL-23989,Muhammad Yadav,25-12-2025 07:49,26-12-2025 23:49,RTGS,RTGS-722076,INR,20000,20000,0,Premium Receivable,PR-400100,Policy Ledger,CC-INS-002,Life,SBI-003,Yes,98.3,40,99.68,Pass,Applied,,,R. Mehta,Lead-2 (QA),Auto-matched and posted,25-12-2025 08:49,27-12-2025 05:49
TXN-00705,POL-53769,Muhammad Bhatia,09-11-2025 07:49,11-11-2025 02:49,CHQ,CHQ-61216,INR,10000,0,10000,Suspense Account,SA-209900,Suspense Ledger,CC-INS-001,Life,HDFC-001,Yes,72.9,43,96.78,Fail,Unapplied,EXC002,Short payment,R. Mehta,Lead-1 (QA),Awaiting policy mapping,09-11-2025 08:49,11-11-2025 04:49
TXN-00706,POL-10001,Ishaan Jain,07-11-2025 07:49,08-11-2025 05:49,NEFT,NEFT-156138,INR,12500,0,12500,Suspense Account,SA-209900,Suspense Ledger,CC-INS-003,Life,HDFC-001,No,66.2,22,94.98,Fail,Exception,EXC001,No policy match,M. Reddy,Lead-2 (QA),Exception raised for investigation,07-11-2025 09:49,08-11-2025 08:49
TXN-00707,POL-36825,Vihaan Sharma,01-12-2025 07:49,02-12-2025 07:49,NEFT,NEFT-218055,INR,12500,12500,0,Excess Premium,EP-400200,Policy Ledger,CC-INS-005,Property,HDFC-001,Yes,94.6,24,98.53,Pass,Applied,,,V. Iyer,Lead-2 (QA),Auto-matched and posted,01-12-2025 08:49,02-12-2025 10:49
TXN-00708,POL-98869,Aadhya Sharma,11-08-2025 07:49,14-08-2025 00:49,CHQ,CHQ-71040,INR,5000,5000,0,Premium Receivable,PR-400100,Policy Ledger,CC-INS-003,Property,ICICI-002,Yes,97.6,65,98.89,Pass,Applied,,,M. Reddy,Lead-1 (QA),Auto-matched and posted,11-08-2025 10:49,14-08-2025 02:49
TXN-00709,POL-34650,Sai Jain,02-08-2025 07:49,02-08-2025 14:49,SWIFT,SWF-975972,INR,40000,0,40000,Suspense Account,SA-209900,Suspense Ledger,CC-INS-003,Motor,HDFC-001,Yes,61.9,7,96.97,Fail,Exception,EXC001,No policy match,K. Bose,Supervisor-B,Exception raised for investigation,02-08-2025 09:49,02-08-2025 18:49
TXN-00710,POL-31482,Diya Chopra,21-12-2025 07:49,24-12-2025 06:49,RTGS,RTGS-436290,INR,20000,20000,0,Premium Receivable,PR-400100,Policy Ledger,CC-INS-002,Property,AXIS-004,Yes,98.9,71,99.57,Pass,Applied,,,K. Bose,Supervisor-B,Auto-matched and posted,21-12-2025 08:49,24-12-2025 10:49
TXN-00711,POL-43187,Arjun Bose,01-11-2025 07:49,03-11-2025 20:49,CHQ,CHQ-80675,INR,10000,0,10000,Suspense Account,SA-209900,Suspense Ledger,CC-INS-005,Motor,ICICI-002,Yes,82.5,61,97.44,Fail,Unapplied,EXC002,Short payment,V. Iyer,Lead-2 (QA),Awaiting policy mapping,01-11-2025 10:49,03-11-2025 23:49
TXN-00712,POL-20714,Anika Agarwal,08-12-2025 07:49,11-12-2025 06:49,NEFT,NEFT-644807,INR,5000,5000,0,Premium Receivable,PR-400100,Policy Ledger,CC-INS-003,Property,HDFC-001,No,93.5,71,99.46,Pass,Applied,,,K. Bose,Supervisor-A,Manual verification completed,08-12-2025 10:49,11-12-2025 09:49
TXN-00713,POL-78566,Aadhya Iyer,27-12-2025 07:49,29-12-2025 05:49,CHQ,CHQ-23949,INR,30000,30000,0,Premium Receivable,PR-400100,Policy Ledger,CC-INS-005,Life,AXIS-004,Yes,97.3,46,99.75,Pass,Applied,,,V. Iyer,Lead-1 (QA),Auto-matched and posted,27-12-2025 10:49,29-12-2025 07:49
TXN-00714,POL-41697,Aadhya Mukherjee,24-09-2025 07:49,27-09-2025 06:49,NEFT,NEFT-954059,INR,5000,5000,0,Premium Receivable,PR-400100,Policy Ledger,CC-INS-003,Property,HDFC-001,Yes,97.7,71,98.6,Pass,Applied,,,N. Jain,Supervisor-A,Auto-matched and posted,24-09-2025 10:49,27-09-2025 09:49
TXN-00715,POL-11385,Saanvi Mukherjee,28-10-2025 07:49,30-10-2025 10:49,UPI,UPI-318573,INR,50000,50000,0,Premium Receivable,PR-400100,Policy Ledger,CC-INS-001,Property,SBI-003,Yes,93.3,51,99.19,Pass,Applied,,,K. Bose,Lead-1 (QA),Auto-matched and posted,28-10-2025 09:49,30-10-2025 15:49
TXN-00716,POL-72075,Aadhya Pillai,27-08-2025 07:49,29-08-2025 15:49,SWIFT,SWF-750360,INR,30000,0,30000,Suspense Account,SA-209900,Suspense Ledger,CC-INS-004,Motor,HDFC-001,Yes,83.9,56,96.66,Fail,Exception,EXC001,No policy match,S. Kapoor,Lead-2 (QA),Exception raised for investigation,27-08-2025 10:49,29-08-2025 21:49
TXN-00717,POL-92745,Vihaan Jain,07-11-2025 07:49,09-11-2025 04:49,RTGS,RTGS-732929,USD,100,100,0,Premium Receivable,PR-400100,Policy Ledger,CC-INS-001,Life,ICICI-002,Yes,95.7,45,99.36,Pass,Applied,,,R. Mehta,Supervisor-B,Auto-matched and posted,07-11-2025 08:49,09-11-2025 08:49
TXN-00718,POL-33754,Pari Reddy,27-01-2026 07:49,29-01-2026 10:49,SWIFT,SWF-785456,INR,15000,15000,0,Premium Receivable,PR-400100,Policy Ledger,CC-INS-002,Life,SBI-003,Yes,98.4,51,98.91,Pass,Applied,,,K. Bose,Supervisor-B,Auto-matched and posted,27-01-2026 08:49,29-01-2026 15:49
TXN-00719,POL-30289,Aditya Yadav,03-12-2025 07:49,05-12-2025 23:49,RTGS,RTGS-105969,INR,10000,3279,6721,Premium Receivable,PR-400100,Policy Ledger,CC-INS-001,Life,ICICI-002,Yes,85,64,98.37,Pass,Partially Applied,EXC004,Missing remittance,V. Iyer,Lead-2 (QA),Partial allocation; balance in suspense,03-12-2025 10:49,06-12-2025 03:49
TXN-00720,POL-83763,Aarav Jain,07-12-2025 07:49,09-12-2025 07:49,CHQ,CHQ-12691,INR,20000,20000,0,Premium Receivable,PR-400100,Policy Ledger,CC-INS-004,Life,HDFC-001,Yes,94.7,48,99.28,Pass,Applied,,,S. Kapoor,Supervisor-A,Auto-matched and posted,07-12-2025 10:49,09-12-2025 09:49
TXN-00721,POL-72210,Aadhya Nair,03-10-2025 07:49,04-10-2025 02:49,NEFT,NEFT-125280,INR,50000,50000,0,Premium Receivable,PR-400100,Policy Ledger,CC-INS-004,Life,ICICI-002,Yes,96.3,19,99.28,Pass,Applied,,,N. Jain,Lead-1 (QA),Auto-matched and posted,03-10-2025 10:49,04-10-2025 02:49
TXN-00722,POL-40441,Muhammad Kumar,17-10-2025 07:49,18-10-2025 02:49,CHQ,CHQ-11467,INR,40000,26646,13354,Premium Receivable,PR-400100,Policy Ledger,CC-INS-004,Health,ICICI-002,Yes,70.2,19,98.47,Pass,Partially Applied,EXC002,Short payment,P. Patel,Supervisor-B,Partial allocation; balance in suspense,17-10-2025 09:49,18-10-2025 03:49
TXN-00723,POL-22982,Reyansh Patel,21-12-2025 07:49,24-12-2025 06:49,NEFT,NEFT-253209,INR,40000,40000,0,Premium Receivable,PR-400100,Policy Ledger,CC-INS-002,Health,AXIS-004,Yes,98.9,71,98.6,Pass,Applied,,,K. Bose,Lead-2 (QA),Auto-matched and posted,21-12-2025 09:49,24-12-2025 09:49
TXN-00724,POL-17821,Anika Verma,23-10-2025 07:49,25-10-2025 11:49,NEFT,NEFT-301961,INR,20000,20000,0,Premium Receivable,PR-400100,Policy Ledger,CC-INS-005,Property,ICICI-002,Yes,97.5,52,98.68,Pass,Applied,,,A. Nair,Supervisor-A,Auto-matched and posted,23-10-2025 09:49,25-10-2025 17:49
TXN-00725,POL-19837,Anika Roy,09-08-2025 07:49,11-08-2025 14:49,NEFT,NEFT-688971,INR,10000,3942,6058,Premium Receivable,PR-400100,Policy Ledger,CC-INS-005,Motor,SBI-003,Yes,84.3,55,98.76,Pass,Partially Applied,EXC005,Policy closed/expired,P. Patel,Supervisor-B,Partial allocation; balance in suspense,09-08-2025 09:49,11-08-2025 20:49
TXN-00726,POL-87274,Sara Roy,02-01-2026 07:49,03-01-2026 02:49,CHQ,CHQ-54181,INR,30000,0,30000,Suspense Account,SA-209900,Suspense Ledger,CC-INS-003,Motor,ICICI-002,Yes,73.5,19,94.22,Fail,Exception,EXC003,Overpayment,K. Bose,Supervisor-A,Exception raised for investigation,02-01-2026 08:49,03-01-2026 06:49
TXN-00727,POL-35069,Diya Mukherjee,20-09-2025 07:49,22-09-2025 03:49,SWIFT,SWF-808942,INR,15000,15000,0,Premium Receivable,PR-400100,Policy Ledger,CC-INS-003,Health,SBI-003,Yes,96.7,44,99.6,Pass,Applied,,,K. Bose,Lead-2 (QA),Auto-matched and posted,20-09-2025 09:49,22-09-2025 07:49
TXN-00728,POL-78172,Reyansh Agarwal,15-10-2025 07:49,16-10-2025 16:49,RTGS,RTGS-727186,INR,20000,20000,0,Premium Receivable,PR-400100,Policy Ledger,CC-INS-003,Property,SBI-003,Yes,94.5,33,99.18,Pass,Applied,,,V. Iyer,Supervisor-A,Auto-matched and posted,15-10-2025 10:49,16-10-2025 16:49
TXN-00729,POL-43100,Vihaan Patel,20-12-2025 07:49,22-12-2025 11:49,NEFT,NEFT-169778,INR,15000,0,15000,Suspense Account,SA-209900,Suspense Ledger,CC-INS-005,Property,ICICI-002,Yes,84.7,52,96.04,Fail,Unapplied,EXC003,Overpayment,M. Reddy,Lead-1 (QA),Awaiting policy mapping,20-12-2025 09:49,22-12-2025 16:49
TXN-00730,POL-74167,Saanvi Agarwal,01-12-2025 07:49,03-12-2025 16:49,CHQ,CHQ-51044,INR,10000,10000,0,Premium Receivable,PR-400100,Policy Ledger,CC-INS-001,Motor,ICICI-002,No,78.9,57,97.62,Fail,Applied,,,S. Kapoor,Supervisor-B,Manual verification completed,01-12-2025 08:49,03-12-2025 16:49
TXN-00731,POL-96546,Ira Verma,04-08-2025 07:49,04-08-2025 23:49,UPI,UPI-754688,INR,15000,15000,0,Premium Receivable,PR-400100,Policy Ledger,CC-INS-005,Motor,ICICI-002,Yes,96.4,16,98.87,Pass,Applied,,,V. Iyer,Lead-1 (QA),Auto-matched and posted,04-08-2025 10:49,05-08-2025 03:49
TXN-00732,POL-51512,Sai Singh,08-11-2025 07:49,09-11-2025 11:49,SWIFT,SWF-746233,INR,10000,10000,0,Premium Receivable,PR-400100,Policy Ledger,CC-INS-001,Health,AXIS-004,No,83.7,28,98.33,Pass,Applied,,,A. Nair,Lead-2 (QA),Manual verification completed,08-11-2025 09:49,09-11-2025 15:49
TXN-00733,POL-31711,Reyansh Iyer,12-10-2025 07:49,12-10-2025 22:49,NEFT,NEFT-350369,INR,25000,25000,0,Premium Receivable,PR-400100,Policy Ledger,CC-INS-001,Property,AXIS-004,Yes,94.3,15,98.64,Pass,Applied,,,P. Patel,Lead-2 (QA),Auto-matched and posted,12-10-2025 10:49,13-10-2025 01:49
TXN-00734,POL-90616,Aadhya Sharma,18-12-2025 07:49,19-12-2025 19:49,RTGS,RTGS-806017,INR,40000,40000,0,Premium Receivable,PR-400100,Policy Ledger,CC-INS-002,Motor,ICICI-002,Yes,95.3,36,99.12,Pass,Applied,,,S. Kapoor,Supervisor-B,Auto-matched and posted,18-12-2025 08:49,20-12-2025 01:49
TXN-00735,POL-62953,Muhammad Yadav,21-10-2025 07:49,23-10-2025 06:49,CHQ,CHQ-45932,INR,15000,0,15000,Suspense Account,SA-209900,Suspense Ledger,CC-INS-002,Life,AXIS-004,Yes,81.3,47,97.36,Fail,Unapplied,EXC005,Policy closed/expired,R. Mehta,Supervisor-B,Awaiting policy mapping,21-10-2025 10:49,23-10-2025 08:49
TXN-00736,POL-57123,Aadhya Sharma,05-12-2025 07:49,07-12-2025 16:49,CHQ,CHQ-65592,INR,15000,15000,0,Premium Receivable,PR-400100,Policy Ledger,CC-INS-002,Health,HDFC-001,No,83.5,57,97.77,Fail,Applied,,,N. Jain,Supervisor-A,Manual verification completed,05-12-2025 08:49,07-12-2025 22:49
TXN-00737,POL-39960,Aditya Singh,25-08-2025 07:49,28-08-2025 07:49,NEFT,NEFT-362554,INR,15000,15000,0,Premium Receivable,PR-400100,Policy Ledger,CC-INS-002,Property,SBI-003,Yes,94.7,72,99.78,Pass,Applied,,,V. Iyer,Lead-1 (QA),Auto-matched and posted,25-08-2025 08:49,28-08-2025 13:49
TXN-00738,POL-22094,Saanvi Verma,26-12-2025 07:49,27-12-2025 07:49,UPI,UPI-674555,INR,25000,0,25000,Suspense Account,SA-209900,Suspense Ledger,CC-INS-001,Life,SBI-003,Yes,79.2,24,94.68,Fail,Unapplied,EXC001,No policy match,V. Iyer,Lead-1 (QA),Awaiting policy mapping,26-12-2025 09:49,27-12-2025 11:49
TXN-00739,POL-58356,Reyansh Kumar,16-12-2025 07:49,17-12-2025 08:49,RTGS,RTGS-925133,INR,10000,2145,7855,Premium Receivable,PR-400100,Policy Ledger,CC-INS-002,Health,SBI-003,Yes,71.3,25,96.38,Fail,Partially Applied,EXC002,Short payment,M. Reddy,Supervisor-B,Partial allocation; balance in suspense,16-12-2025 08:49,17-12-2025 11:49
TXN-00740,POL-32956,Vihaan Iyer,12-09-2025 07:49,12-09-2025 14:49,NEFT,NEFT-495758,INR,15000,15000,0,Premium Receivable,PR-400100,Policy Ledger,CC-INS-004,Property,SBI-003,Yes,95.4,7,99.26,Pass,Applied,,,N. Jain,Supervisor-A,Auto-matched and posted,12-09-2025 10:49,12-09-2025 17:49
TXN-00741,POL-31875,Aarohi Bhatia,03-09-2025 07:49,03-09-2025 13:49,RTGS,RTGS-176983,INR,20000,16658,3342,Premium Receivable,PR-400100,Policy Ledger,CC-INS-001,Health,AXIS-004,Yes,76.6,6,96.07,Fail,Partially Applied,,,V. Iyer,Supervisor-B,Partial allocation; balance in suspense,03-09-2025 10:49,03-09-2025 19:49
TXN-00742,POL-28329,Ishaan Patel,03-10-2025 07:49,04-10-2025 03:49,NEFT,NEFT-338101,INR,15000,15000,0,Premium Receivable,PR-400100,Policy Ledger,CC-INS-004,Life,ICICI-002,Yes,98.3,20,99.15,Pass,Applied,,,V. Iyer,Lead-1 (QA),Auto-matched and posted,03-10-2025 09:49,04-10-2025 05:49
TXN-00743,POL-16962,Diya Jain,08-11-2025 07:49,10-11-2025 16:49,NEFT,NEFT-727296,INR,40000,40000,0,Premium Receivable,PR-400100,Policy Ledger,CC-INS-003,Health,SBI-003,No,95.8,57,98.59,Pass,Applied,,,V. Iyer,Lead-1 (QA),Manual verification completed,08-11-2025 08:49,10-11-2025 17:49
TXN-00744,POL-83608,Krishna Verma,08-08-2025 07:49,11-08-2025 02:49,RTGS,RTGS-761310,INR,5000,5000,0,Premium Receivable,PR-400100,Policy Ledger,CC-INS-003,Life,HDFC-001,Yes,95.1,67,98.96,Pass,Applied,,,P. Patel,Supervisor-B,Auto-matched and posted,08-08-2025 09:49,11-08-2025 08:49
TXN-00745,POL-77367,Vivaan Pillai,24-12-2025 07:49,27-12-2025 01:49,NEFT,NEFT-260778,INR,25000,25000,0,Premium Receivable,PR-400100,Policy Ledger,CC-INS-002,Life,AXIS-004,Yes,96.8,66,98.7,Pass,Applied,,,M. Reddy,Supervisor-B,Auto-matched and posted,24-12-2025 08:49,27-12-2025 01:49
TXN-00746,POL-15768,Ishaan Sharma,05-09-2025 07:49,06-09-2025 09:49,CHQ,CHQ-84618,INR,10000,10000,0,Premium Receivable,PR-400100,Policy Ledger,CC-INS-002,Life,SBI-003,No,82.4,26,99.18,Pass,Applied,,,P. Patel,Lead-1 (QA),Manual verification completed,05-09-2025 08:49,06-09-2025 12:49
TXN-00747,POL-31706,Myra Agarwal,22-08-2025 07:49,24-08-2025 19:49,UPI,UPI-746759,INR,20000,0,20000,Suspense Account,SA-209900,Suspense Ledger,CC-INS-003,Health,SBI-003,No,62.7,60,95.95,Fail,Unapplied,EXC003,Overpayment,A. Nair,Lead-2 (QA),Awaiting policy mapping,22-08-2025 08:49,24-08-2025 22:49
TXN-00748,POL-73359,Krishna Bose,10-12-2025 07:49,11-12-2025 23:49,CHQ,CHQ-63046,INR,50000,50000,0,Excess Premium,EP-400200,Policy Ledger,CC-INS-002,Health,AXIS-004,Yes,93.9,40,98.81,Pass,Applied,,,V. Iyer,Lead-1 (QA),Auto-matched and posted,10-12-2025 10:49,12-12-2025 03:49
TXN-00749,POL-76301,Diya Mehta,12-11-2025 07:49,14-11-2025 14:49,SWIFT,SWF-447302,INR,12500,12500,0,Premium Receivable,PR-400100,Policy Ledger,CC-INS-001,Property,AXIS-004,No,79.4,55,98.03,Pass,Applied,,,N. Jain,Lead-2 (QA),Manual verification completed,12-11-2025 09:49,14-11-2025 17:49
TXN-00750,POL-14010,Ananya Chopra,01-09-2025 07:49,03-09-2025 00:49,RTGS,RTGS-610153,INR,30000,0,30000,Suspense Account,SA-209900,Suspense Ledger,CC-INS-003,Health,ICICI-002,Yes,61.4,41,95.51,Fail,Unapplied,EXC002,Short payment,K. Bose,Lead-2 (QA),Awaiting policy mapping,01-09-2025 10:49,03-09-2025 02:49
TXN-00751,POL-87784,Aadhya Gupta,27-08-2025 07:49,27-08-2025 19:49,NEFT,NEFT-934870,INR,10000,10000,0,Premium Receivable,PR-400100,Policy Ledger,CC-INS-002,Life,HDFC-001,Yes,98.8,12,99.63,Pass,Applied,,,P. Patel,Lead-2 (QA),Auto-matched and posted,27-08-2025 08:49,27-08-2025 20:49
TXN-00752,POL-48197,Diya Chopra,19-01-2026 07:49,19-01-2026 20:49,NEFT,NEFT-273247,INR,20000,20000,0,Excess Premium,EP-400200,Policy Ledger,CC-INS-002,Health,AXIS-004,Yes,93.2,13,98.5,Pass,Applied,,,P. Patel,Lead-1 (QA),Auto-matched and posted,19-01-2026 09:49,20-01-2026 00:49
TXN-00753,POL-48198,Saanvi Nair,20-08-2025 07:49,21-08-2025 21:49,RTGS,RTGS-168097,INR,15000,15000,0,Premium Receivable,PR-400100,Policy Ledger,CC-INS-003,Life,AXIS-004,Yes,96,38,98.81,Pass,Applied,,,K. Bose,Lead-2 (QA),Auto-matched and posted,20-08-2025 10:49,22-08-2025 00:49
TXN-00754,POL-69311,Diya Nair,19-10-2025 07:49,20-10-2025 22:49,CHQ,CHQ-64784,INR,12500,8330,4170,Premium Receivable,PR-400100,Policy Ledger,CC-INS-005,Life,ICICI-002,Yes,80.1,39,97.97,Fail,Partially Applied,EXC001,No policy match,S. Kapoor,Supervisor-B,Partial allocation; balance in suspense,19-10-2025 08:49,20-10-2025 23:49
TXN-00755,POL-19626,Ishaan Bose,25-01-2026 07:49,27-01-2026 01:49,SWIFT,SWF-350876,INR,25000,25000,0,Excess Premium,EP-400200,Policy Ledger,CC-INS-003,Health,AXIS-004,Yes,97,42,99.52,Pass,Applied,,,R. Mehta,Supervisor-A,Auto-matched and posted,25-01-2026 08:49,27-01-2026 04:49
TXN-00756,POL-35098,Diya Gupta,14-08-2025 07:49,14-08-2025 13:49,UPI,UPI-508482,INR,30000,30000,0,Excess Premium,EP-400200,Policy Ledger,CC-INS-003,Property,SBI-003,Yes,98.2,6,99.13,Pass,Applied,,,V. Iyer,Lead-1 (QA),Auto-matched and posted,14-08-2025 08:49,14-08-2025 15:49
TXN-00757,POL-64499,Aditya Bhatia,26-10-2025 07:49,27-10-2025 03:49,NEFT,NEFT-247158,INR,50000,50000,0,Premium Receivable,PR-400100,Policy Ledger,CC-INS-001,Motor,SBI-003,Yes,94.1,20,98.55,Pass,Applied,,,K. Bose,Supervisor-A,Auto-matched and posted,26-10-2025 08:49,27-10-2025 03:49
TXN-00758,POL-73281,Aarohi Yadav,25-09-2025 07:49,26-09-2025 03:49,UPI,UPI-813404,INR,40000,40000,0,Premium Receivable,PR-400100,Policy Ledger,CC-INS-002,Property,HDFC-001,Yes,96.5,20,99.8,Pass,Applied,,,P. Patel,Supervisor-A,Auto-matched and posted,25-09-2025 10:49,26-09-2025 09:49
TXN-00759,POL-69826,Vivaan Mukherjee,26-10-2025 07:49,26-10-2025 11:49,CHQ,CHQ-87243,INR,7500,7500,0,Excess Premium,EP-400200,Policy Ledger,CC-INS-002,Motor,ICICI-002,No,97.2,4,99.35,Pass,Applied,,,P. Patel,Supervisor-A,Manual verification completed,26-10-2025 09:49,26-10-2025 16:49
TXN-00760,POL-15073,Sai Das,06-10-2025 07:49,08-10-2025 11:49,UPI,UPI-104493,INR,5000,5000,0,Premium Receivable,PR-400100,Policy Ledger,CC-INS-001,Motor,AXIS-004,Yes,93,52,98.57,Pass,Applied,,,R. Mehta,Supervisor-A,Auto-matched and posted,06-10-2025 10:49,08-10-2025 16:49
TXN-00761,POL-16710,Myra Das,25-09-2025 07:49,28-09-2025 05:49,SWIFT,SWF-401525,INR,12500,0,12500,Suspense Account,SA-209900,Suspense Ledger,CC-INS-001,Property,HDFC-001,Yes,76.8,70,94.62,Fail,Unapplied,EXC002,Short payment,K. Bose,Lead-2 (QA),Awaiting policy mapping,25-09-2025 09:49,28-09-2025 05:49
TXN-00762,POL-23036,Arjun Reddy,14-09-2025 07:49,15-09-2025 22:49,UPI,UPI-535762,INR,25000,25000,0,Premium Receivable,PR-400100,Policy Ledger,CC-INS-005,Life,HDFC-001,Yes,98.6,39,98.93,Pass,Applied,,,V. Iyer,Lead-1 (QA),Auto-matched and posted,14-09-2025 08:49,15-09-2025 23:49
TXN-00763,POL-18648,Krishna Singh,31-08-2025 07:49,02-09-2025 18:49,UPI,UPI-227338,INR,40000,40000,0,Premium Receivable,PR-400100,Policy Ledger,CC-INS-001,Motor,ICICI-002,Yes,94.7,59,98.62,Pass,Applied,,,N. Jain,Lead-2 (QA),Auto-matched and posted,31-08-2025 10:49,02-09-2025 20:49
TXN-00764,POL-12389,Saanvi Gupta,18-08-2025 07:49,19-08-2025 05:49,RTGS,RTGS-458719,INR,40000,40000,0,Excess Premium,EP-400200,Policy Ledger,CC-INS-004,Property,HDFC-001,Yes,95.1,22,98.98,Pass,Applied,,,N. Jain,Lead-2 (QA),Auto-matched and posted,18-08-2025 08:49,19-08-2025 06:49
TXN-00765,POL-91405,Myra Das,27-01-2026 07:49,27-01-2026 17:49,RTGS,RTGS-975048,INR,30000,30000,0,Premium Receivable,PR-400100,Policy Ledger,CC-INS-001,Property,ICICI-002,Yes,95.2,10,99.76,Pass,Applied,,,R. Mehta,Supervisor-A,Auto-matched and posted,27-01-2026 08:49,27-01-2026 22:49
TXN-00766,POL-58829,Ananya Mehta,03-08-2025 07:49,05-08-2025 01:49,CHQ,CHQ-21170,INR,7500,7500,0,Premium Receivable,PR-400100,Policy Ledger,CC-INS-005,Motor,HDFC-001,Yes,93.8,42,99.19,Pass,Applied,,,R. Mehta,Supervisor-A,Auto-matched and posted,03-08-2025 08:49,05-08-2025 03:49
TXN-00767,POL-80396,Anika Mukherjee,11-08-2025 07:49,11-08-2025 22:49,NEFT,NEFT-414787,INR,10000,10000,0,Premium Receivable,PR-400100,Policy Ledger,CC-INS-001,Motor,HDFC-001,No,83.9,15,98.94,Pass,Applied,,,P. Patel,Supervisor-A,Manual verification completed,11-08-2025 10:49,12-08-2025 00:49
TXN-00768,POL-63329,Aarav Sharma,13-10-2025 07:49,15-10-2025 02:49,RTGS,RTGS-846376,INR,10000,0,10000,Suspense Account,SA-209900,Suspense Ledger,CC-INS-003,Motor,SBI-003,No,80.5,43,95.27,Fail,Unapplied,EXC001,No policy match,S. Kapoor,Lead-2 (QA),Awaiting policy mapping,13-10-2025 10:49,15-10-2025 03:49
TXN-00769,POL-86313,Aditya Iyer,14-08-2025 07:49,15-08-2025 20:49,UPI,UPI-982342,INR,40000,0,40000,Suspense Account,SA-209900,Suspense Ledger,CC-INS-003,Motor,HDFC-001,Yes,76.4,37,97.27,Fail,Unapplied,EXC005,Policy closed/expired,N. Jain,Lead-1 (QA),Awaiting policy mapping,14-08-2025 09:49,15-08-2025 23:49
TXN-00770,POL-22185,Ananya Reddy,15-08-2025 07:49,16-08-2025 02:49,NEFT,NEFT-198896,INR,50000,50000,0,Excess Premium,EP-400200,Policy Ledger,CC-INS-001,Motor,ICICI-002,Yes,97.9,19,99.07,Pass,Applied,,,A. Nair,Lead-1 (QA),Auto-matched and posted,15-08-2025 09:49,16-08-2025 03:49
TXN-00771,POL-34265,Ira Agarwal,10-01-2026 07:49,10-01-2026 11:49,CHQ,CHQ-38628,INR,10000,10000,0,Excess Premium,EP-400200,Policy Ledger,CC-INS-001,Motor,ICICI-002,Yes,96.1,4,99.89,Pass,Applied,,,P. Patel,Lead-2 (QA),Auto-matched and posted,10-01-2026 08:49,10-01-2026 14:49
TXN-00772,POL-37657,Saanvi Patel,20-09-2025 07:49,23-09-2025 04:49,UPI,UPI-460991,INR,50000,50000,0,Premium Receivable,PR-400100,Policy Ledger,CC-INS-004,Motor,AXIS-004,Yes,96.7,69,99.75,Pass,Applied,,,R. Mehta,Lead-1 (QA),Auto-matched and posted,20-09-2025 09:49,23-09-2025 08:49
TXN-00773,POL-35056,Krishna Kumar,27-12-2025 07:49,28-12-2025 08:49,SWIFT,SWF-225805,USD,150,150,0,Premium Receivable,PR-400100,Policy Ledger,CC-INS-004,Health,ICICI-002,No,93.6,25,99.52,Pass,Applied,,,M. Reddy,Lead-1 (QA),Manual verification completed,27-12-2025 10:49,28-12-2025 08:49
TXN-00774,POL-95439,Muhammad Agarwal,27-01-2026 07:49,27-01-2026 10:49,CHQ,CHQ-24018,INR,30000,30000,0,Premium Receivable,PR-400100,Policy Ledger,CC-INS-004,Property,SBI-003,Yes,98.2,3,98.96,Pass,Applied,,,P. Patel,Lead-2 (QA),Auto-matched and posted,27-01-2026 10:49,27-01-2026 11:49
TXN-00775,POL-37103,Aadhya Chopra,19-09-2025 07:49,20-09-2025 16:49,CHQ,CHQ-74082,INR,25000,25000,0,Premium Receivable,PR-400100,Policy Ledger,CC-INS-001,Property,SBI-003,Yes,93.4,33,99.74,Pass,Applied,,,A. Nair,Supervisor-B,Auto-matched and posted,19-09-2025 08:49,20-09-2025 18:49
TXN-00776,POL-28441,Ishaan Reddy,16-09-2025 07:49,18-09-2025 15:49,NEFT,NEFT-596221,INR,40000,40000,0,Premium Receivable,PR-400100,Policy Ledger,CC-INS-003,Property,AXIS-004,Yes,94.3,56,98.78,Pass,Applied,,,M. Reddy,Lead-2 (QA),Auto-matched and posted,16-09-2025 09:49,18-09-2025 16:49
TXN-00777,POL-67426,Arjun Sharma,01-10-2025 07:49,03-10-2025 23:49,CHQ,CHQ-38688,USD,300,300,0,Excess Premium,EP-400200,Policy Ledger,CC-INS-001,Motor,SBI-003,Yes,97.3,64,99.23,Pass,Applied,,,N. Jain,Lead-1 (QA),Auto-matched and posted,01-10-2025 08:49,04-10-2025 03:49
TXN-00778,POL-24040,Sai Mukherjee,05-10-2025 07:49,06-10-2025 16:49,SWIFT,SWF-997423,INR,40000,0,40000,Suspense Account,SA-209900,Suspense Ledger,CC-INS-003,Property,SBI-003,No,84.3,33,94.01,Fail,Unapplied,EXC001,No policy match,R. Mehta,Supervisor-B,Awaiting policy mapping,05-10-2025 08:49,06-10-2025 17:49
TXN-00779,POL-24216,Ishaan Mehta,05-10-2025 07:49,06-10-2025 19:49,SWIFT,SWF-309156,INR,50000,50000,0,Premium Receivable,PR-400100,Policy Ledger,CC-INS-003,Life,SBI-003,Yes,96.7,36,99.75,Pass,Applied,,,K. Bose,Supervisor-B,Auto-matched and posted,05-10-2025 08:49,06-10-2025 23:49
TXN-00780,POL-53703,Myra Iyer,20-11-2025 07:49,20-11-2025 11:49,NEFT,NEFT-208205,INR,10000,10000,0,Excess Premium,EP-400200,Policy Ledger,CC-INS-001,Life,AXIS-004,Yes,95.5,4,99.89,Pass,Applied,,,V. Iyer,Lead-2 (QA),Auto-matched and posted,20-11-2025 10:49,20-11-2025 12:49
TXN-00781,POL-38635,Diya Agarwal,11-08-2025 07:49,12-08-2025 17:49,NEFT,NEFT-716038,INR,15000,15000,0,Excess Premium,EP-400200,Policy Ledger,CC-INS-005,Life,HDFC-001,Yes,93.6,34,99.79,Pass,Applied,,,M. Reddy,Lead-2 (QA),Auto-matched and posted,11-08-2025 08:49,12-08-2025 20:49
TXN-00782,POL-46317,Sara Singh,17-01-2026 07:49,17-01-2026 09:49,CHQ,CHQ-38358,INR,20000,20000,0,Premium Receivable,PR-400100,Policy Ledger,CC-INS-003,Motor,AXIS-004,Yes,96.5,2,98.5,Pass,Applied,,,V. Iyer,Lead-1 (QA),Auto-matched and posted,17-01-2026 10:49,17-01-2026 09:49
TXN-00783,POL-92209,Ira Sharma,19-01-2026 07:49,20-01-2026 20:49,RTGS,RTGS-280426,INR,12500,4214,8286,Premium Receivable,PR-400100,Policy Ledger,CC-INS-002,Health,HDFC-001,Yes,72.9,37,97.29,Fail,Partially Applied,,,S. Kapoor,Lead-2 (QA),Partial allocation; balance in suspense,19-01-2026 09:49,21-01-2026 01:49
TXN-00784,POL-49268,Anika Kumar,25-01-2026 07:49,25-01-2026 17:49,RTGS,RTGS-596741,INR,10000,10000,0,Premium Receivable,PR-400100,Policy Ledger,CC-INS-002,Health,HDFC-001,Yes,98.4,10,98.65,Pass,Applied,,,V. Iyer,Supervisor-B,Auto-matched and posted,25-01-2026 08:49,25-01-2026 20:49
TXN-00785,POL-40049,Reyansh Reddy,13-12-2025 07:49,16-12-2025 04:49,SWIFT,SWF-714067,USD,250,250,0,Excess Premium,EP-400200,Policy Ledger,CC-INS-004,Health,AXIS-004,Yes,96.4,69,99.84,Pass,Applied,,,M. Reddy,Supervisor-A,Auto-matched and posted,13-12-2025 09:49,16-12-2025 08:49
TXN-00786,POL-38068,Aarav Yadav,13-11-2025 07:49,14-11-2025 22:49,CHQ,CHQ-80182,INR,7500,0,7500,Suspense Account,SA-209900,Suspense Ledger,CC-INS-005,Life,AXIS-004,Yes,75.8,39,97.15,Fail,Unapplied,EXC002,Short payment,N. Jain,Lead-2 (QA),Awaiting policy mapping,13-11-2025 08:49,15-11-2025 02:49
TXN-00787,POL-33565,Sara Iyer,03-09-2025 07:49,04-09-2025 15:49,NEFT,NEFT-633112,INR,40000,0,40000,Suspense Account,SA-209900,Suspense Ledger,CC-INS-001,Motor,SBI-003,Yes,71.6,32,95.19,Fail,Unapplied,EXC005,Policy closed/expired,K. Bose,Lead-2 (QA),Awaiting policy mapping,03-09-2025 08:49,04-09-2025 15:49
TXN-00788,POL-66062,Myra Yadav,06-09-2025 07:49,07-09-2025 13:49,NEFT,NEFT-643115,INR,30000,30000,0,Premium Receivable,PR-400100,Policy Ledger,CC-INS-002,Motor,SBI-003,Yes,97.4,30,98.95,Pass,Applied,,,R. Mehta,Lead-1 (QA),Auto-matched and posted,06-09-2025 08:49,07-09-2025 19:49
TXN-00789,POL-13581,Aarav Sharma,23-08-2025 07:49,25-08-2025 02:49,RTGS,RTGS-894357,INR,50000,50000,0,Premium Receivable,PR-400100,Policy Ledger,CC-INS-005,Motor,HDFC-001,Yes,97.8,43,99.11,Pass,Applied,,,R. Mehta,Lead-2 (QA),Auto-matched and posted,23-08-2025 09:49,25-08-2025 04:49
TXN-00790,POL-59682,Vihaan Nair,14-01-2026 07:49,15-01-2026 22:49,UPI,UPI-373472,INR,40000,24139,15861,Premium Receivable,PR-400100,Policy Ledger,CC-INS-003,Life,SBI-003,Yes,80.8,39,98.55,Pass,Partially Applied,EXC002,Short payment,N. Jain,Supervisor-B,Partial allocation; balance in suspense,14-01-2026 08:49,16-01-2026 02:49
TXN-00791,POL-66975,Pari Sharma,13-08-2025 07:49,13-08-2025 15:49,NEFT,NEFT-794196,INR,12500,12500,0,Premium Receivable,PR-400100,Policy Ledger,CC-INS-002,Property,AXIS-004,Yes,97.3,8,98.89,Pass,Applied,,,S. Kapoor,Lead-2 (QA),Auto-matched and posted,13-08-2025 09:49,13-08-2025 16:49
TXN-00792,POL-45312,Aarohi Iyer,23-10-2025 07:49,25-10-2025 08:49,NEFT,NEFT-483999,INR,10000,2293,7707,Premium Receivable,PR-400100,Policy Ledger,CC-INS-005,Property,SBI-003,No,83.8,49,96.15,Fail,Partially Applied,EXC004,Missing remittance,R. Mehta,Lead-2 (QA),Partial allocation; balance in suspense,23-10-2025 08:49,25-10-2025 08:49
TXN-00793,POL-17957,Krishna Verma,02-09-2025 07:49,04-09-2025 11:49,UPI,UPI-975454,INR,40000,0,40000,Suspense Account,SA-209900,Suspense Ledger,CC-INS-005,Property,AXIS-004,No,62.8,52,96.57,Fail,Unapplied,EXC002,Short payment,A. Nair,Lead-2 (QA),Awaiting policy mapping,02-09-2025 09:49,04-09-2025 16:49
TXN-00794,POL-34600,Aarohi Gupta,12-11-2025 07:49,13-11-2025 19:49,RTGS,RTGS-262383,INR,10000,10000,0,Premium Receivable,PR-400100,Policy Ledger,CC-INS-003,Property,SBI-003,Yes,94,36,99.3,Pass,Applied,,,V. Iyer,Lead-1 (QA),Auto-matched and posted,12-11-2025 08:49,13-11-2025 22:49
TXN-00795,POL-27106,Diya Nair,20-11-2025 07:49,21-11-2025 12:49,NEFT,NEFT-424623,USD,200,200,0,Excess Premium,EP-400200,Policy Ledger,CC-INS-004,Health,SBI-003,Yes,94.7,29,99.88,Pass,Applied,,,K. Bose,Supervisor-A,Auto-matched and posted,20-11-2025 08:49,21-11-2025 13:49
TXN-00796,POL-62858,Sai Chopra,28-10-2025 07:49,31-10-2025 06:49,RTGS,RTGS-408106,INR,5000,5000,0,Premium Receivable,PR-400100,Policy Ledger,CC-INS-005,Life,ICICI-002,Yes,97.8,71,99.71,Pass,Applied,,,S. Kapoor,Supervisor-A,Auto-matched and posted,28-10-2025 08:49,31-10-2025 10:49
TXN-00797,POL-75663,Aarohi Singh,11-10-2025 07:49,13-10-2025 03:49,RTGS,RTGS-588303,INR,5000,5000,0,Premium Receivable,PR-400100,Policy Ledger,CC-INS-003,Health,ICICI-002,Yes,96.8,44,99.89,Pass,Applied,,,A. Nair,Lead-2 (QA),Auto-matched and posted,11-10-2025 09:49,13-10-2025 04:49
TXN-00798,POL-78971,Krishna Das,21-10-2025 07:49,22-10-2025 00:49,CHQ,CHQ-39082,INR,7500,7500,0,Premium Receivable,PR-400100,Policy Ledger,CC-INS-001,Life,ICICI-002,Yes,95.8,17,99.73,Pass,Applied,,,A. Nair,Lead-1 (QA),Auto-matched and posted,21-10-2025 10:49,22-10-2025 05:49
TXN-00799,POL-35950,Myra Yadav,05-09-2025 07:49,07-09-2025 12:49,UPI,UPI-336682,INR,25000,0,25000,Suspense Account,SA-209900,Suspense Ledger,CC-INS-005,Property,SBI-003,No,83.7,53,97.21,Fail,Unapplied,EXC005,Policy closed/expired,N. Jain,Lead-1 (QA),Awaiting policy mapping,05-09-2025 09:49,07-09-2025 16:49
TXN-00800,POL-63372,Sara Nair,04-08-2025 07:49,04-08-2025 10:49,RTGS,RTGS-318841,INR,5000,5000,0,Premium Receivable,PR-400100,Policy Ledger,CC-INS-005,Life,ICICI-002,Yes,96.3,3,99.67,Pass,Applied,,,N. Jain,Supervisor-A,Auto-matched and posted,04-08-2025 09:49,04-08-2025 15:49
TXN-00801,POL-75188,Krishna Mukherjee,01-01-2026 07:49,02-01-2026 00:49,CHQ,CHQ-10402,INR,12500,12500,0,Premium Receivable,PR-400100,Policy Ledger,CC-INS-005,Life,HDFC-001,Yes,98.3,17,98.61,Pass,Applied,,,M. Reddy,Lead-1 (QA),Auto-matched and posted,01-01-2026 10:49,02-01-2026 02:49
TXN-00802,POL-39601,Sai Patel,15-12-2025 07:49,17-12-2025 22:49,UPI,UPI-978775,INR,10000,3194,6806,Premium Receivable,PR-400100,Policy Ledger,CC-INS-001,Health,AXIS-004,No,90.7,63,97.7,Fail,Partially Applied,,,M. Reddy,Supervisor-A,Partial allocation; balance in suspense,15-12-2025 09:49,18-12-2025 01:49
TXN-00803,POL-20059,Aditya Reddy,11-08-2025 07:49,12-08-2025 22:49,RTGS,RTGS-644924,INR,5000,3723,1277,Premium Receivable,PR-400100,Policy Ledger,CC-INS-001,Life,HDFC-001,Yes,80.8,39,97.11,Fail,Partially Applied,,,V. Iyer,Supervisor-B,Partial allocation; balance in suspense,11-08-2025 08:49,12-08-2025 22:49
TXN-00804,POL-35288,Vivaan Nair,23-09-2025 07:49,25-09-2025 07:49,CHQ,CHQ-62144,INR,7500,3528,3972,Premium Receivable,PR-400100,Policy Ledger,CC-INS-002,Motor,SBI-003,No,71.6,48,98.63,Pass,Partially Applied,EXC002,Short payment,K. Bose,Lead-1 (QA),Partial allocation; balance in suspense,23-09-2025 09:49,25-09-2025 11:49
TXN-00805,POL-82127,Reyansh Mehta,26-12-2025 07:49,26-12-2025 22:49,CHQ,CHQ-92100,INR,25000,7495,17505,Premium Receivable,PR-400100,Policy Ledger,CC-INS-001,Life,ICICI-002,Yes,81.5,15,96.74,Fail,Partially Applied,,,M. Reddy,Lead-1 (QA),Partial allocation; balance in suspense,26-12-2025 10:49,27-12-2025 01:49
TXN-00806,POL-35437,Ananya Mukherjee,01-10-2025 07:49,03-10-2025 22:49,SWIFT,SWF-872442,INR,10000,10000,0,Premium Receivable,PR-400100,Policy Ledger,CC-INS-001,Motor,AXIS-004,Yes,96.7,63,98.67,Pass,Applied,,,R. Mehta,Lead-1 (QA),Auto-matched and posted,01-10-2025 10:49,04-10-2025 00:49
TXN-00807,POL-83985,Ira Gupta,15-10-2025 07:49,16-10-2025 21:49,SWIFT,SWF-290608,INR,30000,0,30000,Suspense Account,SA-209900,Suspense Ledger,CC-INS-005,Property,AXIS-004,Yes,60,38,96.65,Fail,Exception,EXC005,Policy closed/expired,M. Reddy,Supervisor-B,Exception raised for investigation,15-10-2025 08:49,17-10-2025 01:49
TXN-00808,POL-48738,Arjun Pillai,03-11-2025 07:49,05-11-2025 10:49,SWIFT,SWF-360257,INR,50000,50000,0,Premium Receivable,PR-400100,Policy Ledger,CC-INS-002,Health,ICICI-002,Yes,94.9,51,99.37,Pass,Applied,,,S. Kapoor,Lead-2 (QA),Auto-matched and posted,03-11-2025 08:49,05-11-2025 12:49
TXN-00809,POL-28519,Anika Patel,24-12-2025 07:49,24-12-2025 16:49,CHQ,CHQ-91555,INR,40000,40000,0,Premium Receivable,PR-400100,Policy Ledger,CC-INS-001,Property,ICICI-002,Yes,97.6,9,99.86,Pass,Applied,,,A. Nair,Supervisor-A,Auto-matched and posted,24-12-2025 10:49,24-12-2025 21:49
TXN-00810,POL-39898,Aarohi Roy,27-09-2025 07:49,29-09-2025 02:49,SWIFT,SWF-479376,INR,40000,40000,0,Excess Premium,EP-400200,Policy Ledger,CC-INS-001,Motor,AXIS-004,Yes,98,43,99.87,Pass,Applied,,,S. Kapoor,Lead-2 (QA),Auto-matched and posted,27-09-2025 10:49,29-09-2025 06:49
TXN-00811,POL-89954,Anika Bose,09-08-2025 07:49,12-08-2025 07:49,RTGS,RTGS-525964,INR,20000,20000,0,Premium Receivable,PR-400100,Policy Ledger,CC-INS-005,Property,SBI-003,Yes,93.6,72,99.27,Pass,Applied,,,N. Jain,Lead-1 (QA),Auto-matched and posted,09-08-2025 08:49,12-08-2025 07:49
TXN-00812,POL-83635,Myra Mehta,27-08-2025 07:49,28-08-2025 03:49,RTGS,RTGS-946444,INR,50000,50000,0,Excess Premium,EP-400200,Policy Ledger,CC-INS-004,Health,ICICI-002,Yes,98.1,20,99.59,Pass,Applied,,,M. Reddy,Supervisor-A,Auto-matched and posted,27-08-2025 10:49,28-08-2025 03:49
TXN-00813,POL-13860,Reyansh Bhatia,28-09-2025 07:49,28-09-2025 09:49,NEFT,NEFT-800151,INR,25000,25000,0,Excess Premium,EP-400200,Policy Ledger,CC-INS-004,Health,HDFC-001,Yes,99,2,98.66,Pass,Applied,,,S. Kapoor,Lead-2 (QA),Auto-matched and posted,28-09-2025 10:49,28-09-2025 11:49
TXN-00814,POL-13340,Vivaan Gupta,06-11-2025 07:49,09-11-2025 04:49,NEFT,NEFT-741799,INR,7500,7500,0,Premium Receivable,PR-400100,Policy Ledger,CC-INS-002,Health,AXIS-004,Yes,94.9,69,99.13,Pass,Applied,,,N. Jain,Lead-2 (QA),Auto-matched and posted,06-11-2025 08:49,09-11-2025 09:49
TXN-00815,POL-58281,Sai Reddy,10-10-2025 07:49,10-10-2025 11:49,CHQ,CHQ-67756,INR,15000,15000,0,Premium Receivable,PR-400100,Policy Ledger,CC-INS-004,Health,ICICI-002,No,96.6,4,99.52,Pass,Applied,,,K. Bose,Lead-1 (QA),Manual verification completed,10-10-2025 10:49,10-10-2025 17:49
TXN-00816,POL-22067,Myra Bhatia,08-11-2025 07:49,08-11-2025 15:49,RTGS,RTGS-692887,INR,50000,50000,0,Premium Receivable,PR-400100,Policy Ledger,CC-INS-003,Life,ICICI-002,Yes,98.6,8,99.44,Pass,Applied,,,A. Nair,Lead-2 (QA),Auto-matched and posted,08-11-2025 09:49,08-11-2025 16:49
TXN-00817,POL-21689,Arjun Bose,01-11-2025 07:49,02-11-2025 06:49,RTGS,RTGS-461487,INR,25000,25000,0,Premium Receivable,PR-400100,Policy Ledger,CC-INS-002,Life,HDFC-001,Yes,93.1,23,99.69,Pass,Applied,,,V. Iyer,Lead-1 (QA),Auto-matched and posted,01-11-2025 09:49,02-11-2025 06:49
TXN-00818,POL-38687,Anika Iyer,11-12-2025 07:49,13-12-2025 01:49,RTGS,RTGS-590448,INR,50000,0,50000,Suspense Account,SA-209900,Suspense Ledger,CC-INS-003,Motor,SBI-003,Yes,60.7,42,95.57,Fail,Exception,EXC005,Policy closed/expired,R. Mehta,Lead-2 (QA),Exception raised for investigation,11-12-2025 10:49,13-12-2025 03:49
TXN-00819,POL-16263,Arjun Patel,16-10-2025 07:49,19-10-2025 02:49,NEFT,NEFT-957170,INR,15000,15000,0,Premium Receivable,PR-400100,Policy Ledger,CC-INS-004,Property,HDFC-001,Yes,97.1,67,99.66,Pass,Applied,,,V. Iyer,Supervisor-B,Auto-matched and posted,16-10-2025 10:49,19-10-2025 08:49
TXN-00820,POL-75491,Aarohi Singh,18-09-2025 07:49,18-09-2025 18:49,NEFT,NEFT-974468,INR,7500,0,7500,Suspense Account,SA-209900,Suspense Ledger,CC-INS-002,Motor,AXIS-004,No,72.7,11,96.9,Fail,Unapplied,EXC001,No policy match,V. Iyer,Supervisor-A,Awaiting policy mapping,18-09-2025 10:49,19-09-2025 00:49
TXN-00821,POL-74396,Saanvi Jain,30-09-2025 07:49,02-10-2025 15:49,RTGS,RTGS-962500,INR,7500,5078,2422,Premium Receivable,PR-400100,Policy Ledger,CC-INS-001,Property,AXIS-004,Yes,70.6,56,96.64,Fail,Partially Applied,,,N. Jain,Lead-1 (QA),Partial allocation; balance in suspense,30-09-2025 09:49,02-10-2025 18:49
TXN-00822,POL-18007,Aadhya Bhatia,01-10-2025 07:49,03-10-2025 12:49,SWIFT,SWF-917769,INR,5000,5000,0,Premium Receivable,PR-400100,Policy Ledger,CC-INS-002,Health,SBI-003,Yes,93.5,53,99.68,Pass,Applied,,,K. Bose,Lead-2 (QA),Auto-matched and posted,01-10-2025 08:49,03-10-2025 15:49
TXN-00823,POL-98964,Diya Sharma,26-10-2025 07:49,29-10-2025 06:49,CHQ,CHQ-23749,INR,25000,25000,0,Premium Receivable,PR-400100,Policy Ledger,CC-INS-005,Health,SBI-003,Yes,97.6,71,98.74,Pass,Applied,,,N. Jain,Supervisor-B,Auto-matched and posted,26-10-2025 10:49,29-10-2025 06:49
TXN-00824,POL-83076,Ira Pillai,23-01-2026 07:49,24-01-2026 19:49,RTGS,RTGS-550846,INR,40000,40000,0,Premium Receivable,PR-400100,Policy Ledger,CC-INS-001,Motor,HDFC-001,Yes,94,36,99.75,Pass,Applied,,,A. Nair,Supervisor-B,Auto-matched and posted,23-01-2026 10:49,24-01-2026 23:49
TXN-00825,POL-42869,Aarohi Mukherjee,14-01-2026 07:49,15-01-2026 01:49,UPI,UPI-735015,INR,50000,50000,0,Premium Receivable,PR-400100,Policy Ledger,CC-INS-005,Property,HDFC-001,Yes,94.7,18,99.13,Pass,Applied,,,P. Patel,Lead-1 (QA),Auto-matched and posted,14-01-2026 09:49,15-01-2026 02:49
TXN-00826,POL-40838,Sara Patel,24-11-2025 07:49,26-11-2025 10:49,CHQ,CHQ-35688,INR,10000,10000,0,Premium Receivable,PR-400100,Policy Ledger,CC-INS-001,Property,AXIS-004,Yes,97.7,51,99.85,Pass,Applied,,,P. Patel,Supervisor-B,Auto-matched and posted,24-11-2025 10:49,26-11-2025 11:49
TXN-00827,POL-91741,Ira Mehta,09-12-2025 07:49,12-12-2025 00:49,RTGS,RTGS-977705,INR,20000,20000,0,Premium Receivable,PR-400100,Policy Ledger,CC-INS-003,Life,AXIS-004,No,78.8,65,98.59,Pass,Applied,,,V. Iyer,Lead-2 (QA),Manual verification completed,09-12-2025 09:49,12-12-2025 00:49
TXN-00828,POL-45301,Aarav Chopra,09-11-2025 07:49,11-11-2025 09:49,SWIFT,SWF-447998,INR,50000,50000,0,Premium Receivable,PR-400100,Policy Ledger,CC-INS-003,Motor,SBI-003,Yes,98.4,50,98.75,Pass,Applied,,,M. Reddy,Lead-2 (QA),Auto-matched and posted,09-11-2025 10:49,11-11-2025 12:49
TXN-00829,POL-70383,Ira Patel,21-09-2025 07:49,22-09-2025 02:49,UPI,UPI-966614,INR,15000,15000,0,Premium Receivable,PR-400100,Policy Ledger,CC-INS-003,Property,ICICI-002,No,92.4,19,99.54,Pass,Applied,,,A. Nair,Lead-1 (QA),Manual verification completed,21-09-2025 09:49,22-09-2025 05:49
TXN-00830,POL-31551,Krishna Gupta,24-01-2026 07:49,26-01-2026 02:49,RTGS,RTGS-658933,INR,30000,30000,0,Excess Premium,EP-400200,Policy Ledger,CC-INS-005,Health,ICICI-002,Yes,98.8,43,98.74,Pass,Applied,,,K. Bose,Supervisor-A,Auto-matched and posted,24-01-2026 08:49,26-01-2026 03:49
TXN-00831,POL-76123,Vihaan Pillai,10-11-2025 07:49,12-11-2025 08:49,UPI,UPI-126905,USD,250,250,0,Excess Premium,EP-400200,Policy Ledger,CC-INS-003,Property,SBI-003,No,89.7,49,97.53,Fail,Applied,,,M. Reddy,Lead-2 (QA),Manual verification completed,10-11-2025 08:49,12-11-2025 09:49
TXN-00832,POL-50189,Saanvi Agarwal,21-01-2026 07:49,24-01-2026 02:49,SWIFT,SWF-178129,INR,7500,0,7500,Suspense Account,SA-209900,Suspense Ledger,CC-INS-005,Health,SBI-003,Yes,59.9,67,94.7,Fail,Unapplied,EXC003,Overpayment,R. Mehta,Lead-1 (QA),Awaiting policy mapping,21-01-2026 09:49,24-01-2026 03:49
TXN-00833,POL-61711,Ishaan Gupta,24-10-2025 07:49,25-10-2025 22:49,CHQ,CHQ-24093,INR,20000,20000,0,Premium Receivable,PR-400100,Policy Ledger,CC-INS-004,Property,HDFC-001,Yes,96.7,39,98.8,Pass,Applied,,,A. Nair,Supervisor-B,Auto-matched and posted,24-10-2025 09:49,26-10-2025 04:49
TXN-00834,POL-51591,Vivaan Sharma,07-01-2026 07:49,08-01-2026 19:49,RTGS,RTGS-830989,INR,7500,7500,0,Premium Receivable,PR-400100,Policy Ledger,CC-INS-004,Life,AXIS-004,Yes,97.7,36,98.75,Pass,Applied,,,R. Mehta,Lead-2 (QA),Auto-matched and posted,07-01-2026 09:49,08-01-2026 19:49
TXN-00835,POL-45609,Diya Kumar,01-10-2025 07:49,04-10-2025 02:49,SWIFT,SWF-684900,INR,20000,20000,0,Excess Premium,EP-400200,Policy Ledger,CC-INS-004,Property,HDFC-001,No,89.7,67,99.05,Pass,Applied,,,K. Bose,Supervisor-B,Manual verification completed,01-10-2025 09:49,04-10-2025 06:49
TXN-00836,POL-67960,Krishna Mukherjee,13-09-2025 07:49,14-09-2025 02:49,CHQ,CHQ-54287,INR,15000,15000,0,Premium Receivable,PR-400100,Policy Ledger,CC-INS-003,Motor,ICICI-002,Yes,98.8,19,99.62,Pass,Applied,,,V. Iyer,Supervisor-A,Auto-matched and posted,13-09-2025 10:49,14-09-2025 02:49
TXN-00837,POL-20876,Anika Bose,08-08-2025 07:49,09-08-2025 02:49,NEFT,NEFT-141316,INR,15000,15000,0,Premium Receivable,PR-400100,Policy Ledger,CC-INS-002,Life,SBI-003,Yes,94.4,19,99.84,Pass,Applied,,,K. Bose,Lead-1 (QA),Auto-matched and posted,08-08-2025 08:49,09-08-2025 02:49
TXN-00838,POL-52464,Ananya Bhatia,10-08-2025 07:49,13-08-2025 03:49,RTGS,RTGS-764186,INR,40000,15949,24051,Premium Receivable,PR-400100,Policy Ledger,CC-INS-004,Health,AXIS-004,Yes,81.4,68,97.73,Fail,Partially Applied,EXC005,Policy closed/expired,A. Nair,Supervisor-B,Partial allocation; balance in suspense,10-08-2025 09:49,13-08-2025 08:49
TXN-00839,POL-67811,Ishaan Mehta,09-09-2025 07:49,09-09-2025 09:49,RTGS,RTGS-484087,INR,10000,0,10000,Suspense Account,SA-209900,Suspense Ledger,CC-INS-002,Life,ICICI-002,Yes,83.5,2,94.24,Fail,Unapplied,EXC002,Short payment,A. Nair,Lead-1 (QA),Awaiting policy mapping,09-09-2025 08:49,09-09-2025 10:49
TXN-00840,POL-89505,Arjun Sharma,09-01-2026 07:49,11-01-2026 00:49,SWIFT,SWF-197102,INR,5000,0,5000,Suspense Account,SA-209900,Suspense Ledger,CC-INS-005,Property,SBI-003,Yes,67.5,41,95.71,Fail,Unapplied,EXC002,Short payment,R. Mehta,Lead-2 (QA),Awaiting policy mapping,09-01-2026 09:49,11-01-2026 03:49
TXN-00841,POL-77984,Aditya Jain,16-09-2025 07:49,17-09-2025 08:49,UPI,UPI-603399,INR,15000,9591,5409,Premium Receivable,PR-400100,Policy Ledger,CC-INS-003,Health,HDFC-001,Yes,78.3,25,98.42,Pass,Partially Applied,,,P. Patel,Supervisor-B,Partial allocation; balance in suspense,16-09-2025 10:49,17-09-2025 12:49
TXN-00842,POL-41600,Vihaan Patel,15-08-2025 07:49,18-08-2025 07:49,RTGS,RTGS-853180,INR,7500,7500,0,Premium Receivable,PR-400100,Policy Ledger,CC-INS-002,Health,HDFC-001,Yes,94.3,72,99.12,Pass,Applied,,,K. Bose,Lead-2 (QA),Auto-matched and posted,15-08-2025 08:49,18-08-2025 08:49
TXN-00843,POL-85582,Ira Roy,25-09-2025 07:49,27-09-2025 13:49,RTGS,RTGS-205706,INR,20000,20000,0,Premium Receivable,PR-400100,Policy Ledger,CC-INS-002,Health,SBI-003,Yes,94.4,54,99.27,Pass,Applied,,,K. Bose,Lead-2 (QA),Auto-matched and posted,25-09-2025 10:49,27-09-2025 19:49
TXN-00844,POL-80800,Muhammad Bose,22-12-2025 07:49,24-12-2025 00:49,UPI,UPI-538174,INR,30000,10596,19404,Excess Premium,EP-400200,Policy Ledger,CC-INS-003,Motor,AXIS-004,No,76.4,41,98.64,Pass,Partially Applied,,,S. Kapoor,Lead-2 (QA),Partial allocation; balance in suspense,22-12-2025 09:49,24-12-2025 04:49
TXN-00845,POL-86318,Pari Sharma,18-09-2025 07:49,19-09-2025 07:49,CHQ,CHQ-19159,INR,20000,20000,0,Excess Premium,EP-400200,Policy Ledger,CC-INS-001,Health,AXIS-004,Yes,96.2,24,99.2,Pass,Applied,,,K. Bose,Lead-2 (QA),Auto-matched and posted,18-09-2025 10:49,19-09-2025 11:49
TXN-00846,POL-78019,Sai Kumar,09-09-2025 07:49,09-09-2025 12:49,NEFT,NEFT-241260,INR,25000,5950,19050,Premium Receivable,PR-400100,Policy Ledger,CC-INS-004,Property,AXIS-004,Yes,70.8,5,96.12,Fail,Partially Applied,,,K. Bose,Lead-2 (QA),Partial allocation; balance in suspense,09-09-2025 10:49,09-09-2025 17:49
TXN-00847,POL-58784,Aarohi Chopra,18-09-2025 07:49,19-09-2025 15:49,SWIFT,SWF-513501,INR,5000,5000,0,Premium Receivable,PR-400100,Policy Ledger,CC-INS-005,Motor,HDFC-001,Yes,98.5,32,99.4,Pass,Applied,,,P. Patel,Lead-1 (QA),Auto-matched and posted,18-09-2025 09:49,19-09-2025 21:49
TXN-00848,POL-31365,Muhammad Das,25-08-2025 07:49,25-08-2025 11:49,RTGS,RTGS-774141,INR,50000,13237,36763,Premium Receivable,PR-400100,Policy Ledger,CC-INS-001,Health,HDFC-001,Yes,76.1,4,98.43,Pass,Partially Applied,,,N. Jain,Supervisor-B,Partial allocation; balance in suspense,25-08-2025 08:49,25-08-2025 12:49
TXN-00849,POL-87789,Myra Gupta,04-01-2026 07:49,04-01-2026 23:49,RTGS,RTGS-517143,INR,10000,3102,6898,Premium Receivable,PR-400100,Policy Ledger,CC-INS-002,Life,HDFC-001,No,90.3,16,98.69,Pass,Partially Applied,,,S. Kapoor,Lead-1 (QA),Partial allocation; balance in suspense,04-01-2026 08:49,05-01-2026 02:49
TXN-00850,POL-62782,Vihaan Kumar,17-09-2025 07:49,17-09-2025 14:49,NEFT,NEFT-747504,INR,30000,30000,0,Premium Receivable,PR-400100,Policy Ledger,CC-INS-002,Health,ICICI-002,Yes,96.2,7,99.11,Pass,Applied,,,R. Mehta,Supervisor-A,Auto-matched and posted,17-09-2025 10:49,17-09-2025 15:49
TXN-00851,POL-66550,Aadhya Bose,24-09-2025 07:49,27-09-2025 05:49,NEFT,NEFT-792413,INR,15000,11026,3974,Premium Receivable,PR-400100,Policy Ledger,CC-INS-004,Health,SBI-003,Yes,72.2,70,96.8,Fail,Partially Applied,,,R. Mehta,Supervisor-A,Partial allocation; balance in suspense,24-09-2025 08:49,27-09-2025 06:49
TXN-00852,POL-88161,Ishaan Patel,03-09-2025 07:49,03-09-2025 11:49,SWIFT,SWF-303060,INR,20000,0,20000,Suspense Account,SA-209900,Suspense Ledger,CC-INS-002,Motor,ICICI-002,Yes,66.4,4,96.77,Fail,Exception,EXC001,No policy match,P. Patel,Lead-1 (QA),Exception raised for investigation,03-09-2025 08:49,03-09-2025 12:49
TXN-00853,POL-69471,Vihaan Kumar,11-10-2025 07:49,12-10-2025 09:49,CHQ,CHQ-57056,INR,40000,40000,0,Premium Receivable,PR-400100,Policy Ledger,CC-INS-001,Health,HDFC-001,No,82.5,26,97.55,Fail,Applied,,,V. Iyer,Supervisor-B,Manual verification completed,11-10-2025 08:49,12-10-2025 12:49
TXN-00854,POL-26136,Diya Roy,12-09-2025 07:49,14-09-2025 22:49,RTGS,RTGS-684610,INR,5000,5000,0,Premium Receivable,PR-400100,Policy Ledger,CC-INS-004,Life,AXIS-004,Yes,97.3,63,98.62,Pass,Applied,,,A. Nair,Lead-2 (QA),Auto-matched and posted,12-09-2025 08:49,15-09-2025 04:49
TXN-00855,POL-46883,Aarohi Agarwal,28-10-2025 07:49,30-10-2025 01:49,UPI,UPI-266302,INR,5000,5000,0,Premium Receivable,PR-400100,Policy Ledger,CC-INS-005,Motor,AXIS-004,Yes,94.5,42,98.67,Pass,Applied,,,P. Patel,Supervisor-B,Auto-matched and posted,28-10-2025 09:49,30-10-2025 04:49
TXN-00856,POL-50404,Saanvi Gupta,04-11-2025 07:49,06-11-2025 17:49,SWIFT,SWF-809957,INR,20000,20000,0,Premium Receivable,PR-400100,Policy Ledger,CC-INS-001,Health,SBI-003,Yes,94.5,58,99.17,Pass,Applied,,,P. Patel,Supervisor-B,Auto-matched and posted,04-11-2025 08:49,06-11-2025 17:49
TXN-00857,POL-15783,Sara Verma,01-09-2025 07:49,04-09-2025 02:49,NEFT,NEFT-140611,INR,25000,25000,0,Premium Receivable,PR-400100,Policy Ledger,CC-INS-002,Property,HDFC-001,Yes,97.6,67,98.63,Pass,Applied,,,R. Mehta,Lead-1 (QA),Auto-matched and posted,01-09-2025 10:49,04-09-2025 07:49
TXN-00858,POL-58004,Pari Agarwal,08-09-2025 07:49,08-09-2025 12:49,NEFT,NEFT-459366,INR,30000,30000,0,Premium Receivable,PR-400100,Policy Ledger,CC-INS-002,Motor,HDFC-001,Yes,93.6,5,98.58,Pass,Applied,,,R. Mehta,Supervisor-A,Auto-matched and posted,08-09-2025 09:49,08-09-2025 16:49
TXN-00859,POL-46116,Myra Mukherjee,22-09-2025 07:49,24-09-2025 12:49,RTGS,RTGS-219753,INR,5000,5000,0,Premium Receivable,PR-400100,Policy Ledger,CC-INS-004,Property,AXIS-004,Yes,98.2,53,99.45,Pass,Applied,,,M. Reddy,Supervisor-B,Auto-matched and posted,22-09-2025 08:49,24-09-2025 13:49
TXN-00860,POL-25793,Sara Sharma,26-10-2025 07:49,27-10-2025 10:49,RTGS,RTGS-736446,INR,30000,0,30000,Suspense Account,SA-209900,Suspense Ledger,CC-INS-001,Motor,HDFC-001,No,81.7,27,95.53,Fail,Unapplied,EXC002,Short payment,A. Nair,Lead-2 (QA),Awaiting policy mapping,26-10-2025 10:49,27-10-2025 16:49
TXN-00861,POL-72259,Aarav Verma,16-08-2025 07:49,17-08-2025 19:49,CHQ,CHQ-64369,INR,15000,0,15000,Suspense Account,SA-209900,Suspense Ledger,CC-INS-001,Property,AXIS-004,No,55.7,36,94.24,Fail,Exception,EXC001,No policy match,P. Patel,Lead-1 (QA),Exception raised for investigation,16-08-2025 09:49,17-08-2025 19:49
TXN-00862,POL-12575,Krishna Das,01-10-2025 07:49,04-10-2025 06:49,SWIFT,SWF-171245,INR,50000,32088,17912,Excess Premium,EP-400200,Policy Ledger,CC-INS-001,Motor,ICICI-002,Yes,70.1,71,96.7,Fail,Partially Applied,,,R. Mehta,Supervisor-A,Partial allocation; balance in suspense,01-10-2025 10:49,04-10-2025 10:49
TXN-00863,POL-75776,Vivaan Das,17-10-2025 07:49,20-10-2025 00:49,CHQ,CHQ-89443,INR,30000,30000,0,Premium Receivable,PR-400100,Policy Ledger,CC-INS-004,Property,SBI-003,Yes,96.5,65,99.46,Pass,Applied,,,S. Kapoor,Supervisor-B,Auto-matched and posted,17-10-2025 09:49,20-10-2025 00:49
TXN-00864,POL-29456,Muhammad Bhatia,14-10-2025 07:49,14-10-2025 15:49,CHQ,CHQ-72900,INR,12500,12500,0,Premium Receivable,PR-400100,Policy Ledger,CC-INS-005,Motor,HDFC-001,Yes,94.1,8,99.53,Pass,Applied,,,P. Patel,Lead-1 (QA),Auto-matched and posted,14-10-2025 08:49,14-10-2025 20:49
TXN-00865,POL-44617,Reyansh Mehta,18-01-2026 07:49,19-01-2026 02:49,NEFT,NEFT-324754,INR,40000,40000,0,Excess Premium,EP-400200,Policy Ledger,CC-INS-002,Life,SBI-003,Yes,93.6,19,99.08,Pass,Applied,,,S. Kapoor,Lead-1 (QA),Auto-matched and posted,18-01-2026 08:49,19-01-2026 04:49
TXN-00866,POL-99698,Saanvi Das,11-12-2025 07:49,14-12-2025 01:49,SWIFT,SWF-570370,INR,7500,7500,0,Premium Receivable,PR-400100,Policy Ledger,CC-INS-005,Motor,HDFC-001,Yes,98,66,99.21,Pass,Applied,,,S. Kapoor,Supervisor-B,Auto-matched and posted,11-12-2025 09:49,14-12-2025 03:49
TXN-00867,POL-80137,Arjun Singh,01-09-2025 07:49,03-09-2025 18:49,UPI,UPI-647300,INR,12500,12500,0,Premium Receivable,PR-400100,Policy Ledger,CC-INS-002,Life,HDFC-001,Yes,95.6,59,98.52,Pass,Applied,,,M. Reddy,Lead-1 (QA),Auto-matched and posted,01-09-2025 09:49,03-09-2025 21:49
TXN-00868,POL-51969,Myra Gupta,17-09-2025 07:49,18-09-2025 09:49,CHQ,CHQ-83849,INR,50000,50000,0,Premium Receivable,PR-400100,Policy Ledger,CC-INS-004,Motor,ICICI-002,Yes,98.6,26,99.22,Pass,Applied,,,N. Jain,Lead-2 (QA),Auto-matched and posted,17-09-2025 09:49,18-09-2025 14:49
TXN-00869,POL-61393,Ira Bhatia,19-01-2026 07:49,19-01-2026 15:49,UPI,UPI-145230,INR,12500,9417,3083,Premium Receivable,PR-400100,Policy Ledger,CC-INS-002,Health,AXIS-004,No,79.3,8,96.99,Fail,Partially Applied,EXC005,Policy closed/expired,M. Reddy,Lead-2 (QA),Partial allocation; balance in suspense,19-01-2026 09:49,19-01-2026 20:49
TXN-00870,POL-59464,Diya Agarwal,27-11-2025 07:49,29-11-2025 11:49,RTGS,RTGS-407075,INR,50000,0,50000,Suspense Account,SA-209900,Suspense Ledger,CC-INS-005,Health,SBI-003,No,63.5,52,96.13,Fail,Unapplied,EXC004,Missing remittance,N. Jain,Lead-1 (QA),Awaiting policy mapping,27-11-2025 09:49,29-11-2025 14:49
TXN-00871,POL-77069,Ishaan Kumar,18-08-2025 07:49,20-08-2025 17:49,NEFT,NEFT-260378,INR,7500,7500,0,Premium Receivable,PR-400100,Policy Ledger,CC-INS-004,Motor,ICICI-002,No,90.2,58,97.91,Fail,Applied,,,R. Mehta,Lead-2 (QA),Manual verification completed,18-08-2025 09:49,20-08-2025 21:49
TXN-00872,POL-62445,Sara Nair,29-09-2025 07:49,29-09-2025 14:49,CHQ,CHQ-28017,USD,250,250,0,Excess Premium,EP-400200,Policy Ledger,CC-INS-004,Life,HDFC-001,Yes,95.7,7,99.31,Pass,Applied,,,S. Kapoor,Supervisor-A,Auto-matched and posted,29-09-2025 08:49,29-09-2025 15:49
TXN-00873,POL-24804,Ira Iyer,01-11-2025 07:49,02-11-2025 05:49,RTGS,RTGS-849453,INR,12500,12500,0,Premium Receivable,PR-400100,Policy Ledger,CC-INS-001,Motor,SBI-003,Yes,95.1,22,99.87,Pass,Applied,,,S. Kapoor,Supervisor-B,Auto-matched and posted,01-11-2025 09:49,02-11-2025 11:49
TXN-00874,POL-12874,Reyansh Chopra,12-10-2025 07:49,13-10-2025 23:49,CHQ,CHQ-28958,INR,50000,50000,0,Premium Receivable,PR-400100,Policy Ledger,CC-INS-001,Property,AXIS-004,Yes,94.2,40,98.9,Pass,Applied,,,S. Kapoor,Supervisor-B,Auto-matched and posted,12-10-2025 10:49,14-10-2025 02:49
TXN-00875,POL-18563,Aarohi Kumar,28-01-2026 07:49,29-01-2026 18:49,SWIFT,SWF-664385,INR,40000,40000,0,Premium Receivable,PR-400100,Policy Ledger,CC-INS-004,Health,HDFC-001,No,93.3,35,99.71,Pass,Applied,,,M. Reddy,Lead-1 (QA),Manual verification completed,28-01-2026 09:49,29-01-2026 20:49
TXN-00876,POL-64224,Aarohi Agarwal,28-09-2025 07:49,30-09-2025 02:49,SWIFT,SWF-293680,INR,25000,0,25000,Suspense Account,SA-209900,Suspense Ledger,CC-INS-005,Property,AXIS-004,Yes,73.5,43,95.88,Fail,Unapplied,EXC002,Short payment,M. Reddy,Supervisor-B,Awaiting policy mapping,28-09-2025 10:49,30-09-2025 04:49
TXN-00877,POL-21835,Ananya Bose,30-12-2025 07:49,31-12-2025 18:49,UPI,UPI-942613,INR,7500,7500,0,Premium Receivable,PR-400100,Policy Ledger,CC-INS-004,Motor,ICICI-002,Yes,94.1,35,99.68,Pass,Applied,,,N. Jain,Lead-1 (QA),Auto-matched and posted,30-12-2025 09:49,31-12-2025 18:49
TXN-00878,POL-19225,Myra Gupta,18-11-2025 07:49,18-11-2025 16:49,RTGS,RTGS-972964,INR,40000,16803,23197,Premium Receivable,PR-400100,Policy Ledger,CC-INS-003,Motor,SBI-003,Yes,85.6,9,96.35,Fail,Partially Applied,,,R. Mehta,Supervisor-B,Partial allocation; balance in suspense,18-11-2025 09:49,18-11-2025 16:49
TXN-00879,POL-16442,Aarav Roy,16-01-2026 07:49,17-01-2026 23:49,RTGS,RTGS-413223,INR,50000,50000,0,Premium Receivable,PR-400100,Policy Ledger,CC-INS-003,Property,AXIS-004,No,99,40,99.46,Pass,Applied,,,P. Patel,Supervisor-B,Manual verification completed,16-01-2026 08:49,18-01-2026 01:49
TXN-00880,POL-67121,Krishna Singh,05-08-2025 07:49,07-08-2025 00:49,UPI,UPI-544167,INR,30000,24742,5258,Premium Receivable,PR-400100,Policy Ledger,CC-INS-002,Life,AXIS-004,Yes,87.2,41,96.86,Fail,Partially Applied,EXC002,Short payment,V. Iyer,Lead-2 (QA),Partial allocation; balance in suspense,05-08-2025 09:49,07-08-2025 02:49
TXN-00881,POL-63010,Aadhya Kumar,11-01-2026 07:49,12-01-2026 08:49,CHQ,CHQ-54106,INR,5000,5000,0,Premium Receivable,PR-400100,Policy Ledger,CC-INS-001,Property,ICICI-002,Yes,95.1,25,99.8,Pass,Applied,,,V. Iyer,Lead-1 (QA),Auto-matched and posted,11-01-2026 08:49,12-01-2026 09:49
TXN-00882,POL-48549,Reyansh Jain,19-11-2025 07:49,21-11-2025 22:49,CHQ,CHQ-50713,INR,20000,20000,0,Premium Receivable,PR-400100,Policy Ledger,CC-INS-001,Life,SBI-003,Yes,94.1,63,99.49,Pass,Applied,,,M. Reddy,Supervisor-B,Auto-matched and posted,19-11-2025 08:49,21-11-2025 22:49
TXN-00883,POL-80366,Aarav Agarwal,01-12-2025 07:49,04-12-2025 03:49,CHQ,CHQ-73071,INR,40000,40000,0,Excess Premium,EP-400200,Policy Ledger,CC-INS-004,Life,SBI-003,Yes,96.6,68,99.82,Pass,Applied,,,P. Patel,Lead-2 (QA),Auto-matched and posted,01-12-2025 10:49,04-12-2025 06:49
TXN-00884,POL-44487,Reyansh Mehta,21-08-2025 07:49,22-08-2025 03:49,NEFT,NEFT-272620,INR,40000,40000,0,Premium Receivable,PR-400100,Policy Ledger,CC-INS-005,Property,HDFC-001,Yes,95.1,20,99.1,Pass,Applied,,,P. Patel,Supervisor-A,Auto-matched and posted,21-08-2025 10:49,22-08-2025 04:49
TXN-00885,POL-58299,Krishna Nair,15-09-2025 07:49,17-09-2025 00:49,RTGS,RTGS-229400,INR,12500,12500,0,Excess Premium,EP-400200,Policy Ledger,CC-INS-001,Life,AXIS-004,Yes,97.5,41,99.83,Pass,Applied,,,M. Reddy,Supervisor-A,Auto-matched and posted,15-09-2025 10:49,17-09-2025 02:49
TXN-00886,POL-47382,Pari Bose,08-09-2025 07:49,09-09-2025 10:49,NEFT,NEFT-216815,INR,12500,12500,0,Premium Receivable,PR-400100,Policy Ledger,CC-INS-004,Life,AXIS-004,Yes,97.6,27,99.36,Pass,Applied,,,P. Patel,Supervisor-B,Auto-matched and posted,08-09-2025 08:49,09-09-2025 11:49
TXN-00887,POL-97097,Ishaan Singh,05-12-2025 07:49,06-12-2025 06:49,NEFT,NEFT-300936,INR,40000,40000,0,Premium Receivable,PR-400100,Policy Ledger,CC-INS-001,Life,HDFC-001,Yes,98.4,23,99,Pass,Applied,,,N. Jain,Lead-2 (QA),Auto-matched and posted,05-12-2025 08:49,06-12-2025 08:49
TXN-00888,POL-53116,Muhammad Verma,08-11-2025 07:49,09-11-2025 14:49,UPI,UPI-854121,INR,10000,10000,0,Excess Premium,EP-400200,Policy Ledger,CC-INS-001,Life,HDFC-001,Yes,94.4,31,98.93,Pass,Applied,,,N. Jain,Supervisor-B,Auto-matched and posted,08-11-2025 09:49,09-11-2025 18:49
TXN-00889,POL-47565,Aarohi Gupta,18-11-2025 07:49,20-11-2025 05:49,RTGS,RTGS-392399,INR,20000,20000,0,Premium Receivable,PR-400100,Policy Ledger,CC-INS-003,Life,AXIS-004,Yes,94.3,46,99.25,Pass,Applied,,,A. Nair,Supervisor-B,Auto-matched and posted,18-11-2025 10:49,20-11-2025 11:49
TXN-00890,POL-82413,Vihaan Sharma,13-01-2026 07:49,15-01-2026 02:49,RTGS,RTGS-774915,INR,10000,10000,0,Excess Premium,EP-400200,Policy Ledger,CC-INS-004,Property,ICICI-002,Yes,94.5,43,99.25,Pass,Applied,,,R. Mehta,Supervisor-A,Auto-matched and posted,13-01-2026 09:49,15-01-2026 05:49
TXN-00891,POL-85861,Arjun Bhatia,28-08-2025 07:49,29-08-2025 20:49,CHQ,CHQ-99263,INR,25000,25000,0,Premium Receivable,PR-400100,Policy Ledger,CC-INS-004,Motor,ICICI-002,Yes,98.9,37,99.26,Pass,Applied,,,M. Reddy,Lead-2 (QA),Auto-matched and posted,28-08-2025 08:49,30-08-2025 02:49
TXN-00892,POL-82973,Sai Das,25-11-2025 07:49,26-11-2025 05:49,SWIFT,SWF-346903,INR,7500,7500,0,Premium Receivable,PR-400100,Policy Ledger,CC-INS-002,Health,ICICI-002,Yes,96.3,22,98.54,Pass,Applied,,,R. Mehta,Lead-2 (QA),Auto-matched and posted,25-11-2025 08:49,26-11-2025 06:49
TXN-00893,POL-25876,Vivaan Agarwal,05-08-2025 07:49,06-08-2025 08:49,RTGS,RTGS-284265,INR,5000,5000,0,Premium Receivable,PR-400100,Policy Ledger,CC-INS-001,Property,AXIS-004,Yes,95.3,25,98.56,Pass,Applied,,,S. Kapoor,Lead-1 (QA),Auto-matched and posted,05-08-2025 10:49,06-08-2025 08:49
TXN-00894,POL-48728,Muhammad Chopra,08-11-2025 07:49,08-11-2025 20:49,UPI,UPI-164709,INR,12500,0,12500,Suspense Account,SA-209900,Suspense Ledger,CC-INS-005,Life,AXIS-004,Yes,64.6,13,94.85,Fail,Unapplied,EXC001,No policy match,M. Reddy,Supervisor-B,Awaiting policy mapping,08-11-2025 10:49,09-11-2025 01:49
TXN-00895,POL-28121,Muhammad Bose,20-10-2025 07:49,22-10-2025 13:49,SWIFT,SWF-431761,INR,7500,7500,0,Premium Receivable,PR-400100,Policy Ledger,CC-INS-004,Health,HDFC-001,Yes,93.1,54,99.67,Pass,Applied,,,K. Bose,Supervisor-A,Auto-matched and posted,20-10-2025 09:49,22-10-2025 18:49
TXN-00896,POL-87113,Aadhya Jain,21-08-2025 07:49,23-08-2025 03:49,NEFT,NEFT-822502,INR,25000,0,25000,Suspense Account,SA-209900,Suspense Ledger,CC-INS-004,Motor,SBI-003,No,67.7,44,94.32,Fail,Exception,EXC001,No policy match,S. Kapoor,Lead-1 (QA),Exception raised for investigation,21-08-2025 10:49,23-08-2025 09:49
TXN-00897,POL-39464,Ishaan Sharma,24-11-2025 07:49,27-11-2025 06:49,UPI,UPI-205456,INR,50000,50000,0,Premium Receivable,PR-400100,Policy Ledger,CC-INS-005,Health,AXIS-004,Yes,96.7,71,99.01,Pass,Applied,,,N. Jain,Lead-2 (QA),Auto-matched and posted,24-11-2025 09:49,27-11-2025 10:49
TXN-00898,POL-28458,Aadhya Pillai,25-12-2025 07:49,27-12-2025 12:49,RTGS,RTGS-507281,INR,5000,5000,0,Premium Receivable,PR-400100,Policy Ledger,CC-INS-001,Property,AXIS-004,Yes,96.1,53,99.39,Pass,Applied,,,S. Kapoor,Supervisor-A,Auto-matched and posted,25-12-2025 08:49,27-12-2025 14:49
TXN-00899,POL-87510,Anika Singh,02-11-2025 07:49,04-11-2025 19:49,NEFT,NEFT-697006,INR,25000,25000,0,Premium Receivable,PR-400100,Policy Ledger,CC-INS-003,Property,ICICI-002,Yes,98.7,60,98.69,Pass,Applied,,,N. Jain,Lead-1 (QA),Auto-matched and posted,02-11-2025 09:49,04-11-2025 19:49
TXN-00900,POL-82521,Aarav Das,04-11-2025 07:49,05-11-2025 02:49,NEFT,NEFT-922046,INR,20000,20000,0,Excess Premium,EP-400200,Policy Ledger,CC-INS-001,Health,AXIS-004,Yes,95.9,19,98.91,Pass,Applied,,,M. Reddy,Supervisor-B,Auto-matched and posted,04-11-2025 10:49,05-11-2025 03:49
TXN-00901,POL-19781,Vihaan Pillai,21-01-2026 07:49,24-01-2026 07:49,RTGS,RTGS-393948,INR,50000,50000,0,Premium Receivable,PR-400100,Policy Ledger,CC-INS-004,Motor,HDFC-001,Yes,94,72,99.34,Pass,Applied,,,P. Patel,Lead-1 (QA),Auto-matched and posted,21-01-2026 10:49,24-01-2026 09:49
TXN-00902,POL-58030,Krishna Kumar,28-08-2025 07:49,31-08-2025 07:49,UPI,UPI-814096,INR,30000,15137,14863,Premium Receivable,PR-400100,Policy Ledger,CC-INS-004,Life,HDFC-001,Yes,70.1,72,97.62,Fail,Partially Applied,EXC003,Overpayment,R. Mehta,Lead-1 (QA),Partial allocation; balance in suspense,28-08-2025 10:49,31-08-2025 10:49
TXN-00903,POL-38777,Ananya Mehta,11-10-2025 07:49,11-10-2025 15:49,CHQ,CHQ-32502,INR,10000,10000,0,Excess Premium,EP-400200,Policy Ledger,CC-INS-005,Motor,SBI-003,No,88.6,8,99.06,Pass,Applied,,,R. Mehta,Lead-1 (QA),Manual verification completed,11-10-2025 08:49,11-10-2025 18:49
TXN-00904,POL-78179,Aarohi Singh,12-09-2025 07:49,13-09-2025 18:49,CHQ,CHQ-41505,INR,25000,25000,0,Excess Premium,EP-400200,Policy Ledger,CC-INS-001,Property,HDFC-001,Yes,98.6,35,99.58,Pass,Applied,,,R. Mehta,Supervisor-A,Auto-matched and posted,12-09-2025 10:49,13-09-2025 23:49
TXN-00905,POL-17733,Aditya Agarwal,27-12-2025 07:49,29-12-2025 08:49,NEFT,NEFT-740070,INR,30000,0,30000,Suspense Account,SA-209900,Suspense Ledger,CC-INS-004,Life,HDFC-001,Yes,79.5,49,94.3,Fail,Unapplied,EXC002,Short payment,K. Bose,Lead-2 (QA),Awaiting policy mapping,27-12-2025 09:49,29-12-2025 08:49
TXN-00906,POL-84647,Arjun Yadav,13-08-2025 07:49,13-08-2025 13:49,CHQ,CHQ-19290,INR,50000,50000,0,Premium Receivable,PR-400100,Policy Ledger,CC-INS-001,Motor,SBI-003,No,83.4,6,98.69,Pass,Applied,,,M. Reddy,Lead-2 (QA),Manual verification completed,13-08-2025 10:49,13-08-2025 14:49
TXN-00907,POL-84381,Aarohi Jain,15-11-2025 07:49,16-11-2025 12:49,CHQ,CHQ-55169,INR,15000,15000,0,Premium Receivable,PR-400100,Policy Ledger,CC-INS-005,Health,AXIS-004,Yes,98,29,98.62,Pass,Applied,,,A. Nair,Supervisor-A,Auto-matched and posted,15-11-2025 10:49,16-11-2025 12:49
TXN-00908,POL-37946,Aditya Verma,07-10-2025 07:49,09-10-2025 03:49,NEFT,NEFT-261196,INR,40000,40000,0,Premium Receivable,PR-400100,Policy Ledger,CC-INS-002,Motor,AXIS-004,Yes,93.4,44,99.75,Pass,Applied,,,M. Reddy,Lead-2 (QA),Auto-matched and posted,07-10-2025 09:49,09-10-2025 09:49
TXN-00909,POL-29842,Anika Nair,17-08-2025 07:49,19-08-2025 12:49,UPI,UPI-672176,INR,25000,25000,0,Premium Receivable,PR-400100,Policy Ledger,CC-INS-003,Health,SBI-003,Yes,97.3,53,98.85,Pass,Applied,,,V. Iyer,Supervisor-A,Auto-matched and posted,17-08-2025 08:49,19-08-2025 15:49
TXN-00910,POL-92656,Ishaan Patel,06-09-2025 07:49,09-09-2025 06:49,NEFT,NEFT-446919,INR,30000,20798,9202,Excess Premium,EP-400200,Policy Ledger,CC-INS-002,Health,ICICI-002,Yes,79.9,71,96.94,Fail,Partially Applied,EXC004,Missing remittance,R. Mehta,Lead-1 (QA),Partial allocation; balance in suspense,06-09-2025 10:49,09-09-2025 08:49
TXN-00911,POL-52539,Vihaan Verma,06-12-2025 07:49,08-12-2025 00:49,NEFT,NEFT-798438,USD,100,0,100,Suspense Account,SA-209900,Suspense Ledger,CC-INS-004,Life,HDFC-001,Yes,57.5,41,94.35,Fail,Unapplied,EXC005,Policy closed/expired,V. Iyer,Supervisor-A,Awaiting policy mapping,06-12-2025 09:49,08-12-2025 05:49
TXN-00912,POL-68351,Aadhya Verma,24-01-2026 07:49,25-01-2026 07:49,RTGS,RTGS-764635,INR,50000,50000,0,Premium Receivable,PR-400100,Policy Ledger,CC-INS-001,Health,HDFC-001,Yes,98.6,24,99.48,Pass,Applied,,,S. Kapoor,Lead-2 (QA),Auto-matched and posted,24-01-2026 08:49,25-01-2026 10:49
TXN-00913,POL-51123,Ira Chopra,17-08-2025 07:49,17-08-2025 10:49,RTGS,RTGS-537970,INR,5000,5000,0,Premium Receivable,PR-400100,Policy Ledger,CC-INS-003,Motor,AXIS-004,Yes,97.3,3,98.76,Pass,Applied,,,K. Bose,Lead-1 (QA),Auto-matched and posted,17-08-2025 09:49,17-08-2025 12:49
TXN-00914,POL-15744,Myra Agarwal,23-11-2025 07:49,24-11-2025 09:49,RTGS,RTGS-586220,INR,5000,0,5000,Suspense Account,SA-209900,Suspense Ledger,CC-INS-002,Life,HDFC-001,No,72.7,26,95.28,Fail,Unapplied,EXC001,No policy match,R. Mehta,Supervisor-B,Awaiting policy mapping,23-11-2025 09:49,24-11-2025 14:49
TXN-00915,POL-91532,Muhammad Mukherjee,05-08-2025 07:49,06-08-2025 11:49,SWIFT,SWF-224274,INR,20000,20000,0,Premium Receivable,PR-400100,Policy Ledger,CC-INS-003,Life,HDFC-001,Yes,93.3,28,99.36,Pass,Applied,,,M. Reddy,Lead-1 (QA),Auto-matched and posted,05-08-2025 08:49,06-08-2025 16:49
TXN-00916,POL-54146,Saanvi Roy,15-09-2025 07:49,18-09-2025 06:49,UPI,UPI-462920,INR,12500,0,12500,Suspense Account,SA-209900,Suspense Ledger,CC-INS-001,Life,HDFC-001,No,65.2,71,94.16,Fail,Unapplied,EXC004,Missing remittance,N. Jain,Supervisor-B,Awaiting policy mapping,15-09-2025 10:49,18-09-2025 10:49
TXN-00917,POL-11710,Aarav Patel,26-12-2025 07:49,28-12-2025 15:49,SWIFT,SWF-161645,INR,25000,5772,19228,Premium Receivable,PR-400100,Policy Ledger,CC-INS-002,Health,SBI-003,No,75.3,56,97.34,Fail,Partially Applied,EXC002,Short payment,M. Reddy,Supervisor-A,Partial allocation; balance in suspense,26-12-2025 08:49,28-12-2025 15:49
TXN-00918,POL-10364,Aadhya Bhatia,27-11-2025 07:49,29-11-2025 09:49,RTGS,RTGS-450407,INR,12500,12500,0,Premium Receivable,PR-400100,Policy Ledger,CC-INS-003,Motor,ICICI-002,Yes,96,50,99.88,Pass,Applied,,,N. Jain,Lead-2 (QA),Auto-matched and posted,27-11-2025 09:49,29-11-2025 09:49
TXN-00919,POL-70211,Sara Reddy,18-09-2025 07:49,18-09-2025 16:49,RTGS,RTGS-793624,INR,10000,10000,0,Premium Receivable,PR-400100,Policy Ledger,CC-INS-001,Life,AXIS-004,Yes,93.6,9,98.52,Pass,Applied,,,R. Mehta,Supervisor-A,Auto-matched and posted,18-09-2025 08:49,18-09-2025 16:49
TXN-00920,POL-93519,Sara Pillai,15-11-2025 07:49,18-11-2025 02:49,UPI,UPI-354778,INR,7500,7500,0,Premium Receivable,PR-400100,Policy Ledger,CC-INS-003,Motor,AXIS-004,Yes,93.8,67,99.8,Pass,Applied,,,K. Bose,Supervisor-B,Auto-matched and posted,15-11-2025 09:49,18-11-2025 08:49
TXN-00921,POL-84133,Reyansh Gupta,14-09-2025 07:49,16-09-2025 15:49,UPI,UPI-275622,INR,12500,0,12500,Suspense Account,SA-209900,Suspense Ledger,CC-INS-002,Property,SBI-003,Yes,75.1,56,97.09,Fail,Exception,EXC001,No policy match,K. Bose,Lead-2 (QA),Exception raised for investigation,14-09-2025 08:49,16-09-2025 17:49
TXN-00922,POL-70547,Pari Sharma,26-01-2026 07:49,27-01-2026 01:49,NEFT,NEFT-566529,INR,20000,14527,5473,Premium Receivable,PR-400100,Policy Ledger,CC-INS-002,Life,SBI-003,Yes,74.2,18,97.96,Fail,Partially Applied,EXC005,Policy closed/expired,S. Kapoor,Supervisor-B,Partial allocation; balance in suspense,26-01-2026 10:49,27-01-2026 01:49
TXN-00923,POL-99967,Diya Das,26-08-2025 07:49,28-08-2025 16:49,NEFT,NEFT-910342,INR,25000,25000,0,Premium Receivable,PR-400100,Policy Ledger,CC-INS-003,Property,AXIS-004,Yes,93.5,57,99.32,Pass,Applied,,,V. Iyer,Lead-1 (QA),Auto-matched and posted,26-08-2025 09:49,28-08-2025 20:49
TXN-00924,POL-77733,Vivaan Verma,27-10-2025 07:49,28-10-2025 15:49,CHQ,CHQ-80120,INR,50000,0,50000,Suspense Account,SA-209900,Suspense Ledger,CC-INS-005,Property,ICICI-002,Yes,84.4,32,96.13,Fail,Unapplied,EXC002,Short payment,M. Reddy,Supervisor-A,Awaiting policy mapping,27-10-2025 09:49,28-10-2025 21:49
TXN-00925,POL-17001,Vihaan Nair,06-09-2025 07:49,07-09-2025 06:49,CHQ,CHQ-31300,INR,10000,10000,0,Premium Receivable,PR-400100,Policy Ledger,CC-INS-002,Health,ICICI-002,Yes,96.8,23,99.67,Pass,Applied,,,R. Mehta,Supervisor-A,Auto-matched and posted,06-09-2025 08:49,07-09-2025 08:49
TXN-00926,POL-46535,Myra Reddy,16-01-2026 07:49,17-01-2026 12:49,RTGS,RTGS-885704,INR,7500,7500,0,Excess Premium,EP-400200,Policy Ledger,CC-INS-001,Health,HDFC-001,No,90.1,29,98.71,Pass,Applied,,,V. Iyer,Lead-1 (QA),Manual verification completed,16-01-2026 10:49,17-01-2026 13:49
TXN-00927,POL-16646,Krishna Kumar,27-09-2025 07:49,28-09-2025 01:49,RTGS,RTGS-851765,INR,20000,0,20000,Suspense Account,SA-209900,Suspense Ledger,CC-INS-001,Health,HDFC-001,Yes,81.3,18,94.85,Fail,Unapplied,EXC002,Short payment,N. Jain,Supervisor-A,Awaiting policy mapping,27-09-2025 08:49,28-09-2025 04:49
TXN-00928,POL-43222,Aadhya Yadav,02-08-2025 07:49,02-08-2025 16:49,UPI,UPI-849991,INR,12500,0,12500,Suspense Account,SA-209900,Suspense Ledger,CC-INS-001,Health,ICICI-002,Yes,68.8,9,95.39,Fail,Unapplied,EXC005,Policy closed/expired,S. Kapoor,Lead-1 (QA),Awaiting policy mapping,02-08-2025 10:49,02-08-2025 17:49
TXN-00929,POL-88409,Aditya Mehta,23-01-2026 07:49,23-01-2026 18:49,CHQ,CHQ-49129,INR,50000,50000,0,Excess Premium,EP-400200,Policy Ledger,CC-INS-001,Motor,ICICI-002,Yes,98.7,11,98.81,Pass,Applied,,,M. Reddy,Lead-1 (QA),Auto-matched and posted,23-01-2026 10:49,23-01-2026 21:49
TXN-00930,POL-61364,Reyansh Kumar,25-12-2025 07:49,25-12-2025 19:49,RTGS,RTGS-224272,INR,5000,5000,0,Premium Receivable,PR-400100,Policy Ledger,CC-INS-004,Property,HDFC-001,Yes,95.2,12,99.68,Pass,Applied,,,N. Jain,Lead-2 (QA),Auto-matched and posted,25-12-2025 10:49,25-12-2025 22:49
TXN-00931,POL-30050,Aditya Das,11-12-2025 07:49,13-12-2025 11:49,UPI,UPI-479239,INR,50000,50000,0,Premium Receivable,PR-400100,Policy Ledger,CC-INS-004,Property,ICICI-002,Yes,96.9,52,99.12,Pass,Applied,,,M. Reddy,Lead-2 (QA),Auto-matched and posted,11-12-2025 10:49,13-12-2025 12:49
TXN-00932,POL-84390,Anika Chopra,04-08-2025 07:49,05-08-2025 23:49,SWIFT,SWF-495238,INR,12500,12500,0,Premium Receivable,PR-400100,Policy Ledger,CC-INS-003,Health,SBI-003,Yes,98.3,40,98.66,Pass,Applied,,,A. Nair,Supervisor-B,Auto-matched and posted,04-08-2025 10:49,06-08-2025 00:49
TXN-00933,POL-55026,Sara Bose,09-10-2025 07:49,10-10-2025 04:49,NEFT,NEFT-812169,INR,40000,40000,0,Excess Premium,EP-400200,Policy Ledger,CC-INS-005,Life,AXIS-004,Yes,96,21,99.88,Pass,Applied,,,V. Iyer,Lead-2 (QA),Auto-matched and posted,09-10-2025 10:49,10-10-2025 06:49
TXN-00934,POL-21093,Saanvi Das,23-01-2026 07:49,25-01-2026 09:49,UPI,UPI-331319,INR,20000,14082,5918,Excess Premium,EP-400200,Policy Ledger,CC-INS-003,Life,SBI-003,No,76.2,50,97.29,Fail,Partially Applied,,,A. Nair,Lead-2 (QA),Partial allocation; balance in suspense,23-01-2026 08:49,25-01-2026 11:49
TXN-00935,POL-36516,Vivaan Iyer,21-08-2025 07:49,21-08-2025 19:49,UPI,UPI-989548,INR,30000,30000,0,Premium Receivable,PR-400100,Policy Ledger,CC-INS-004,Motor,AXIS-004,Yes,95.2,12,99.15,Pass,Applied,,,K. Bose,Supervisor-B,Auto-matched and posted,21-08-2025 09:49,21-08-2025 23:49
TXN-00936,POL-45160,Ananya Yadav,02-11-2025 07:49,03-11-2025 15:49,CHQ,CHQ-58590,INR,15000,15000,0,Excess Premium,EP-400200,Policy Ledger,CC-INS-001,Property,ICICI-002,Yes,96,32,99.85,Pass,Applied,,,M. Reddy,Lead-2 (QA),Auto-matched and posted,02-11-2025 08:49,03-11-2025 16:49
TXN-00937,POL-54991,Ishaan Chopra,07-08-2025 07:49,10-08-2025 05:49,NEFT,NEFT-700505,INR,50000,0,50000,Suspense Account,SA-209900,Suspense Ledger,CC-INS-005,Health,SBI-003,Yes,57.6,70,95.2,Fail,Unapplied,EXC004,Missing remittance,K. Bose,Supervisor-B,Awaiting policy mapping,07-08-2025 09:49,10-08-2025 07:49
TXN-00938,POL-68547,Reyansh Agarwal,02-10-2025 07:49,02-10-2025 10:49,CHQ,CHQ-46199,INR,20000,5661,14339,Premium Receivable,PR-400100,Policy Ledger,CC-INS-005,Health,ICICI-002,Yes,72.7,3,98.28,Pass,Partially Applied,EXC003,Overpayment,V. Iyer,Supervisor-B,Partial allocation; balance in suspense,02-10-2025 08:49,02-10-2025 12:49
TXN-00939,POL-51515,Ishaan Yadav,16-08-2025 07:49,18-08-2025 18:49,SWIFT,SWF-532694,INR,30000,30000,0,Excess Premium,EP-400200,Policy Ledger,CC-INS-001,Property,SBI-003,Yes,93.1,59,99.25,Pass,Applied,,,V. Iyer,Lead-2 (QA),Auto-matched and posted,16-08-2025 08:49,18-08-2025 18:49
TXN-00940,POL-58281,Sara Jain,25-08-2025 07:49,26-08-2025 20:49,UPI,UPI-264016,INR,15000,12336,2664,Premium Receivable,PR-400100,Policy Ledger,CC-INS-004,Life,HDFC-001,Yes,80.1,37,96.75,Fail,Partially Applied,,,P. Patel,Lead-2 (QA),Partial allocation; balance in suspense,25-08-2025 10:49,26-08-2025 21:49
TXN-00941,POL-94948,Aarav Nair,15-11-2025 07:49,17-11-2025 04:49,RTGS,RTGS-333375,INR,30000,30000,0,Premium Receivable,PR-400100,Policy Ledger,CC-INS-004,Life,HDFC-001,Yes,94.9,45,98.76,Pass,Applied,,,M. Reddy,Lead-1 (QA),Auto-matched and posted,15-11-2025 10:49,17-11-2025 10:49
TXN-00942,POL-16113,Diya Kumar,22-11-2025 07:49,25-11-2025 05:49,NEFT,NEFT-125780,INR,20000,20000,0,Premium Receivable,PR-400100,Policy Ledger,CC-INS-004,Health,ICICI-002,No,78.8,70,99.07,Pass,Applied,,,S. Kapoor,Supervisor-A,Manual verification completed,22-11-2025 08:49,25-11-2025 07:49
TXN-00943,POL-70701,Muhammad Agarwal,18-11-2025 07:49,18-11-2025 12:49,SWIFT,SWF-415751,INR,50000,50000,0,Premium Receivable,PR-400100,Policy Ledger,CC-INS-001,Property,ICICI-002,No,94,5,99.24,Pass,Applied,,,R. Mehta,Lead-2 (QA),Manual verification completed,18-11-2025 08:49,18-11-2025 13:49
TXN-00944,POL-59556,Saanvi Chopra,30-10-2025 07:49,31-10-2025 04:49,SWIFT,SWF-913239,INR,5000,5000,0,Premium Receivable,PR-400100,Policy Ledger,CC-INS-003,Health,SBI-003,Yes,98.1,21,99.6,Pass,Applied,,,K. Bose,Lead-2 (QA),Auto-matched and posted,30-10-2025 08:49,31-10-2025 05:49
TXN-00945,POL-32148,Arjun Jain,29-09-2025 07:49,30-09-2025 09:49,SWIFT,SWF-732700,INR,5000,5000,0,Excess Premium,EP-400200,Policy Ledger,CC-INS-002,Motor,ICICI-002,Yes,98,26,99.59,Pass,Applied,,,V. Iyer,Lead-2 (QA),Auto-matched and posted,29-09-2025 09:49,30-09-2025 12:49
TXN-00946,POL-21417,Aarohi Chopra,10-08-2025 07:49,12-08-2025 21:49,CHQ,CHQ-22011,INR,40000,0,40000,Suspense Account,SA-209900,Suspense Ledger,CC-INS-005,Health,ICICI-002,Yes,60.6,62,96.12,Fail,Exception,EXC001,No policy match,N. Jain,Lead-1 (QA),Exception raised for investigation,10-08-2025 08:49,12-08-2025 21:49
TXN-00947,POL-74407,Vihaan Kumar,11-11-2025 07:49,11-11-2025 21:49,UPI,UPI-776128,INR,40000,40000,0,Excess Premium,EP-400200,Policy Ledger,CC-INS-001,Property,AXIS-004,Yes,96.8,14,98.76,Pass,Applied,,,M. Reddy,Supervisor-A,Auto-matched and posted,11-11-2025 09:49,12-11-2025 00:49
TXN-00948,POL-36254,Ananya Jain,08-10-2025 07:49,09-10-2025 01:49,RTGS,RTGS-320012,USD,150,0,150,Suspense Account,SA-209900,Suspense Ledger,CC-INS-001,Life,SBI-003,No,59.2,18,94.56,Fail,Exception,EXC005,Policy closed/expired,M. Reddy,Lead-2 (QA),Exception raised for investigation,08-10-2025 09:49,09-10-2025 05:49
TXN-00949,POL-97864,Ira Kumar,19-01-2026 07:49,20-01-2026 08:49,RTGS,RTGS-869919,USD,250,250,0,Premium Receivable,PR-400100,Policy Ledger,CC-INS-003,Life,AXIS-004,Yes,99,25,98.97,Pass,Applied,,,A. Nair,Supervisor-B,Auto-matched and posted,19-01-2026 08:49,20-01-2026 08:49
TXN-00950,POL-94902,Vihaan Pillai,16-08-2025 07:49,17-08-2025 19:49,CHQ,CHQ-99610,INR,15000,15000,0,Premium Receivable,PR-400100,Policy Ledger,CC-INS-003,Life,SBI-003,Yes,94.9,36,99.7,Pass,Applied,,,V. Iyer,Lead-1 (QA),Auto-matched and posted,16-08-2025 10:49,17-08-2025 19:49
TXN-00951,POL-38803,Aadhya Singh,12-11-2025 07:49,12-11-2025 16:49,SWIFT,SWF-922655,INR,25000,25000,0,Premium Receivable,PR-400100,Policy Ledger,CC-INS-003,Property,HDFC-001,Yes,95.2,9,98.59,Pass,Applied,,,K. Bose,Supervisor-A,Auto-matched and posted,12-11-2025 09:49,12-11-2025 20:49
TXN-00952,POL-19531,Reyansh Gupta,04-11-2025 07:49,04-11-2025 20:49,CHQ,CHQ-45083,INR,50000,21548,28452,Premium Receivable,PR-400100,Policy Ledger,CC-INS-004,Health,SBI-003,Yes,82.5,13,97.88,Fail,Partially Applied,,,P. Patel,Supervisor-B,Partial allocation; balance in suspense,04-11-2025 09:49,05-11-2025 02:49
TXN-00953,POL-34230,Vivaan Bhatia,02-08-2025 07:49,03-08-2025 02:49,NEFT,NEFT-365940,INR,10000,10000,0,Premium Receivable,PR-400100,Policy Ledger,CC-INS-001,Health,SBI-003,Yes,96,19,98.69,Pass,Applied,,,S. Kapoor,Lead-2 (QA),Auto-matched and posted,02-08-2025 10:49,03-08-2025 03:49
TXN-00954,POL-66360,Saanvi Patel,28-11-2025 07:49,01-12-2025 05:49,SWIFT,SWF-778707,INR,5000,5000,0,Premium Receivable,PR-400100,Policy Ledger,CC-INS-004,Health,HDFC-001,Yes,94,70,99.19,Pass,Applied,,,V. Iyer,Lead-2 (QA),Auto-matched and posted,28-11-2025 09:49,01-12-2025 10:49
TXN-00955,POL-61039,Aarav Jain,27-10-2025 07:49,30-10-2025 04:49,SWIFT,SWF-751834,INR,40000,40000,0,Premium Receivable,PR-400100,Policy Ledger,CC-INS-005,Motor,ICICI-002,Yes,94.2,69,99.38,Pass,Applied,,,S. Kapoor,Lead-1 (QA),Auto-matched and posted,27-10-2025 10:49,30-10-2025 10:49
TXN-00956,POL-60099,Ananya Mukherjee,19-09-2025 07:49,19-09-2025 12:49,SWIFT,SWF-804762,INR,50000,50000,0,Premium Receivable,PR-400100,Policy Ledger,CC-INS-001,Motor,HDFC-001,Yes,93.3,5,98.67,Pass,Applied,,,K. Bose,Supervisor-B,Auto-matched and posted,19-09-2025 09:49,19-09-2025 14:49
TXN-00957,POL-47065,Ira Jain,13-10-2025 07:49,15-10-2025 22:49,NEFT,NEFT-845502,INR,10000,10000,0,Premium Receivable,PR-400100,Policy Ledger,CC-INS-004,Property,AXIS-004,Yes,94.9,63,99.43,Pass,Applied,,,M. Reddy,Supervisor-B,Auto-matched and posted,13-10-2025 10:49,16-10-2025 01:49
TXN-00958,POL-50568,Aditya Mehta,22-09-2025 07:49,24-09-2025 10:49,UPI,UPI-547354,INR,5000,5000,0,Premium Receivable,PR-400100,Policy Ledger,CC-INS-002,Property,ICICI-002,Yes,94.5,51,98.94,Pass,Applied,,,R. Mehta,Supervisor-B,Auto-matched and posted,22-09-2025 09:49,24-09-2025 14:49
TXN-00959,POL-65918,Saanvi Singh,28-11-2025 07:49,30-11-2025 17:49,NEFT,NEFT-215248,INR,50000,50000,0,Premium Receivable,PR-400100,Policy Ledger,CC-INS-003,Property,HDFC-001,Yes,94.3,58,98.79,Pass,Applied,,,V. Iyer,Supervisor-A,Auto-matched and posted,28-11-2025 09:49,30-11-2025 17:49
TXN-00960,POL-31169,Aarohi Singh,28-11-2025 07:49,30-11-2025 13:49,RTGS,RTGS-547287,INR,7500,0,7500,Suspense Account,SA-209900,Suspense Ledger,CC-INS-005,Motor,AXIS-004,No,82.5,54,96.17,Fail,Unapplied,EXC005,Policy closed/expired,K. Bose,Supervisor-A,Awaiting policy mapping,28-11-2025 09:49,30-11-2025 18:49
TXN-00961,POL-66967,Sai Mukherjee,25-10-2025 07:49,26-10-2025 18:49,UPI,UPI-881534,INR,15000,6206,8794,Premium Receivable,PR-400100,Policy Ledger,CC-INS-002,Motor,SBI-003,Yes,82.5,35,97.69,Fail,Partially Applied,EXC005,Policy closed/expired,P. Patel,Supervisor-A,Partial allocation; balance in suspense,25-10-2025 08:49,26-10-2025 22:49
TXN-00962,POL-45342,Anika Reddy,06-08-2025 07:49,09-08-2025 04:49,SWIFT,SWF-279660,INR,5000,5000,0,Premium Receivable,PR-400100,Policy Ledger,CC-INS-002,Motor,HDFC-001,Yes,97.3,69,99.51,Pass,Applied,,,A. Nair,Lead-2 (QA),Auto-matched and posted,06-08-2025 08:49,09-08-2025 04:49
TXN-00963,POL-84843,Pari Kumar,17-08-2025 07:49,18-08-2025 07:49,NEFT,NEFT-601992,INR,30000,30000,0,Excess Premium,EP-400200,Policy Ledger,CC-INS-004,Motor,SBI-003,Yes,94.2,24,99.38,Pass,Applied,,,P. Patel,Lead-2 (QA),Auto-matched and posted,17-08-2025 08:49,18-08-2025 07:49
TXN-00964,POL-42038,Aarav Verma,18-10-2025 07:49,19-10-2025 20:49,SWIFT,SWF-553862,INR,25000,0,25000,Suspense Account,SA-209900,Suspense Ledger,CC-INS-002,Motor,HDFC-001,Yes,73.3,37,95.98,Fail,Unapplied,EXC001,No policy match,V. Iyer,Lead-1 (QA),Awaiting policy mapping,18-10-2025 08:49,20-10-2025 01:49
TXN-00965,POL-70485,Ananya Patel,01-11-2025 07:49,04-11-2025 04:49,SWIFT,SWF-510628,INR,50000,50000,0,Premium Receivable,PR-400100,Policy Ledger,CC-INS-001,Health,HDFC-001,Yes,93,69,99.82,Pass,Applied,,,M. Reddy,Supervisor-A,Auto-matched and posted,01-11-2025 10:49,04-11-2025 06:49
TXN-00966,POL-34792,Krishna Bose,11-11-2025 07:49,13-11-2025 10:49,RTGS,RTGS-188753,INR,40000,40000,0,Premium Receivable,PR-400100,Policy Ledger,CC-INS-004,Health,ICICI-002,Yes,98.3,51,98.77,Pass,Applied,,,R. Mehta,Lead-2 (QA),Auto-matched and posted,11-11-2025 08:49,13-11-2025 12:49
TXN-00967,POL-69967,Ishaan Singh,08-10-2025 07:49,10-10-2025 13:49,RTGS,RTGS-787890,INR,15000,15000,0,Premium Receivable,PR-400100,Policy Ledger,CC-INS-004,Life,HDFC-001,Yes,96,54,99.47,Pass,Applied,,,K. Bose,Lead-2 (QA),Auto-matched and posted,08-10-2025 10:49,10-10-2025 19:49
TXN-00968,POL-46776,Aadhya Das,14-08-2025 07:49,15-08-2025 04:49,NEFT,NEFT-778044,INR,30000,30000,0,Premium Receivable,PR-400100,Policy Ledger,CC-INS-002,Motor,HDFC-001,Yes,94.1,21,98.55,Pass,Applied,,,V. Iyer,Lead-2 (QA),Auto-matched and posted,14-08-2025 10:49,15-08-2025 10:49
TXN-00969,POL-58052,Vivaan Singh,12-09-2025 07:49,13-09-2025 20:49,CHQ,CHQ-61228,INR,30000,21832,8168,Premium Receivable,PR-400100,Policy Ledger,CC-INS-005,Health,HDFC-001,No,74.4,37,96.37,Fail,Partially Applied,,,V. Iyer,Lead-1 (QA),Partial allocation; balance in suspense,12-09-2025 08:49,13-09-2025 22:49
TXN-00970,POL-62595,Ira Agarwal,26-09-2025 07:49,27-09-2025 11:49,NEFT,NEFT-340880,INR,12500,12500,0,Premium Receivable,PR-400100,Policy Ledger,CC-INS-004,Property,SBI-003,Yes,97.2,28,99.44,Pass,Applied,,,R. Mehta,Supervisor-B,Auto-matched and posted,26-09-2025 09:49,27-09-2025 12:49
TXN-00971,POL-72703,Saanvi Roy,29-10-2025 07:49,31-10-2025 01:49,RTGS,RTGS-884746,INR,15000,15000,0,Premium Receivable,PR-400100,Policy Ledger,CC-INS-005,Motor,AXIS-004,Yes,98.4,42,99.77,Pass,Applied,,,V. Iyer,Lead-2 (QA),Auto-matched and posted,29-10-2025 08:49,31-10-2025 02:49
TXN-00972,POL-45501,Arjun Verma,03-09-2025 07:49,06-09-2025 06:49,UPI,UPI-580722,INR,50000,42104,7896,Premium Receivable,PR-400100,Policy Ledger,CC-INS-003,Life,SBI-003,Yes,80,71,96.46,Fail,Partially Applied,EXC002,Short payment,R. Mehta,Supervisor-B,Partial allocation; balance in suspense,03-09-2025 10:49,06-09-2025 09:49
TXN-00973,POL-43940,Sara Jain,28-08-2025 07:49,30-08-2025 21:49,CHQ,CHQ-52089,INR,25000,25000,0,Premium Receivable,PR-400100,Policy Ledger,CC-INS-001,Property,SBI-003,Yes,98.2,62,99.8,Pass,Applied,,,A. Nair,Supervisor-B,Auto-matched and posted,28-08-2025 08:49,31-08-2025 03:49
TXN-00974,POL-98819,Myra Kumar,27-10-2025 07:49,30-10-2025 01:49,NEFT,NEFT-288616,INR,50000,50000,0,Excess Premium,EP-400200,Policy Ledger,CC-INS-005,Motor,SBI-003,Yes,95.1,66,99.05,Pass,Applied,,,V. Iyer,Lead-2 (QA),Auto-matched and posted,27-10-2025 09:49,30-10-2025 02:49
TXN-00975,POL-92208,Muhammad Jain,26-12-2025 07:49,26-12-2025 18:49,RTGS,RTGS-204574,INR,7500,0,7500,Suspense Account,SA-209900,Suspense Ledger,CC-INS-003,Property,HDFC-001,Yes,68.7,11,95.8,Fail,Exception,EXC002,Short payment,S. Kapoor,Supervisor-B,Exception raised for investigation,26-12-2025 08:49,27-12-2025 00:49
TXN-00976,POL-73534,Ishaan Verma,10-01-2026 07:49,11-01-2026 13:49,SWIFT,SWF-258388,INR,50000,0,50000,Suspense Account,SA-209900,Suspense Ledger,CC-INS-001,Property,HDFC-001,No,75.8,30,94.62,Fail,Exception,EXC003,Overpayment,V. Iyer,Lead-2 (QA),Exception raised for investigation,10-01-2026 08:49,11-01-2026 16:49
TXN-00977,POL-60831,Krishna Iyer,27-09-2025 07:49,29-09-2025 19:49,RTGS,RTGS-271494,INR,15000,15000,0,Premium Receivable,PR-400100,Policy Ledger,CC-INS-003,Property,ICICI-002,Yes,97.1,60,99.46,Pass,Applied,,,A. Nair,Lead-1 (QA),Auto-matched and posted,27-09-2025 10:49,29-09-2025 23:49
TXN-00978,POL-35624,Muhammad Mukherjee,16-10-2025 07:49,17-10-2025 23:49,CHQ,CHQ-12427,INR,40000,40000,0,Premium Receivable,PR-400100,Policy Ledger,CC-INS-002,Life,SBI-003,No,78.2,40,98.29,Pass,Applied,,,N. Jain,Supervisor-A,Manual verification completed,16-10-2025 08:49,18-10-2025 03:49
TXN-00979,POL-51054,Muhammad Jain,07-12-2025 07:49,08-12-2025 17:49,SWIFT,SWF-836090,INR,25000,25000,0,Premium Receivable,PR-400100,Policy Ledger,CC-INS-004,Health,SBI-003,Yes,98.3,34,99.54,Pass,Applied,,,V. Iyer,Supervisor-B,Auto-matched and posted,07-12-2025 09:49,08-12-2025 20:49
TXN-00980,POL-51799,Reyansh Singh,01-11-2025 07:49,02-11-2025 04:49,NEFT,NEFT-538683,INR,25000,25000,0,Premium Receivable,PR-400100,Policy Ledger,CC-INS-005,Health,ICICI-002,Yes,93.8,21,99.42,Pass,Applied,,,M. Reddy,Lead-1 (QA),Auto-matched and posted,01-11-2025 08:49,02-11-2025 06:49
TXN-00981,POL-63806,Muhammad Verma,09-09-2025 07:49,11-09-2025 01:49,UPI,UPI-894244,INR,50000,50000,0,Premium Receivable,PR-400100,Policy Ledger,CC-INS-004,Health,SBI-003,Yes,97.3,42,98.72,Pass,Applied,,,V. Iyer,Lead-1 (QA),Auto-matched and posted,09-09-2025 09:49,11-09-2025 04:49
TXN-00982,POL-19961,Ananya Reddy,08-01-2026 07:49,11-01-2026 02:49,NEFT,NEFT-777702,INR,20000,20000,0,Premium Receivable,PR-400100,Policy Ledger,CC-INS-001,Life,SBI-003,Yes,96.9,67,99.56,Pass,Applied,,,A. Nair,Lead-2 (QA),Auto-matched and posted,08-01-2026 08:49,11-01-2026 08:49
TXN-00983,POL-94196,Aditya Singh,09-09-2025 07:49,09-09-2025 21:49,RTGS,RTGS-920102,INR,15000,15000,0,Excess Premium,EP-400200,Policy Ledger,CC-INS-004,Property,AXIS-004,Yes,95.2,14,98.72,Pass,Applied,,,N. Jain,Supervisor-A,Auto-matched and posted,09-09-2025 08:49,09-09-2025 21:49
TXN-00984,POL-86395,Vihaan Nair,24-10-2025 07:49,25-10-2025 18:49,SWIFT,SWF-663330,INR,15000,0,15000,Suspense Account,SA-209900,Suspense Ledger,CC-INS-004,Health,AXIS-004,No,80.1,35,96.36,Fail,Exception,EXC001,No policy match,P. Patel,Supervisor-B,Exception raised for investigation,24-10-2025 08:49,26-10-2025 00:49
TXN-00985,POL-51114,Aarohi Bose,09-11-2025 07:49,11-11-2025 12:49,UPI,UPI-518691,INR,7500,7500,0,Premium Receivable,PR-400100,Policy Ledger,CC-INS-002,Property,ICICI-002,Yes,97,53,98.66,Pass,Applied,,,V. Iyer,Lead-1 (QA),Auto-matched and posted,09-11-2025 08:49,11-11-2025 13:49
TXN-00986,POL-12242,Ishaan Gupta,13-08-2025 07:49,14-08-2025 21:49,RTGS,RTGS-741449,INR,12500,8911,3589,Premium Receivable,PR-400100,Policy Ledger,CC-INS-001,Life,AXIS-004,No,90.2,38,97.59,Fail,Partially Applied,,,P. Patel,Lead-2 (QA),Partial allocation; balance in suspense,13-08-2025 09:49,15-08-2025 01:49
TXN-00987,POL-89876,Saanvi Roy,12-10-2025 07:49,15-10-2025 04:49,NEFT,NEFT-783344,INR,12500,12500,0,Premium Receivable,PR-400100,Policy Ledger,CC-INS-001,Health,HDFC-001,Yes,98.3,69,99.09,Pass,Applied,,,R. Mehta,Lead-1 (QA),Auto-matched and posted,12-10-2025 09:49,15-10-2025 05:49
TXN-00988,POL-31141,Sara Bose,20-09-2025 07:49,23-09-2025 06:49,CHQ,CHQ-34713,INR,5000,5000,0,Premium Receivable,PR-400100,Policy Ledger,CC-INS-002,Life,SBI-003,Yes,94.6,71,99.74,Pass,Applied,,,V. Iyer,Supervisor-B,Auto-matched and posted,20-09-2025 10:49,23-09-2025 07:49
TXN-00989,POL-96505,Ira Roy,17-08-2025 07:49,17-08-2025 16:49,CHQ,CHQ-62180,INR,25000,25000,0,Premium Receivable,PR-400100,Policy Ledger,CC-INS-005,Health,AXIS-004,Yes,94.5,9,98.82,Pass,Applied,,,A. Nair,Lead-2 (QA),Auto-matched and posted,17-08-2025 09:49,17-08-2025 19:49
TXN-00990,POL-20918,Aarohi Bose,11-01-2026 07:49,11-01-2026 23:49,SWIFT,SWF-950736,INR,25000,25000,0,Premium Receivable,PR-400100,Policy Ledger,CC-INS-001,Life,HDFC-001,Yes,96.3,16,99.85,Pass,Applied,,,A. Nair,Lead-2 (QA),Auto-matched and posted,11-01-2026 10:49,12-01-2026 03:49
TXN-00991,POL-30558,Muhammad Iyer,04-01-2026 07:49,05-01-2026 04:49,NEFT,NEFT-805719,INR,40000,33136,6864,Premium Receivable,PR-400100,Policy Ledger,CC-INS-003,Life,AXIS-004,Yes,83.2,21,98.4,Pass,Partially Applied,,,P. Patel,Supervisor-B,Partial allocation; balance in suspense,04-01-2026 09:49,05-01-2026 04:49
TXN-00992,POL-95281,Vivaan Mehta,10-01-2026 07:49,12-01-2026 08:49,SWIFT,SWF-275162,INR,40000,40000,0,Excess Premium,EP-400200,Policy Ledger,CC-INS-002,Property,AXIS-004,Yes,94.5,49,98.61,Pass,Applied,,,N. Jain,Lead-1 (QA),Auto-matched and posted,10-01-2026 09:49,12-01-2026 12:49
TXN-00993,POL-24505,Diya Das,17-11-2025 07:49,20-11-2025 05:49,RTGS,RTGS-667298,INR,20000,20000,0,Premium Receivable,PR-400100,Policy Ledger,CC-INS-002,Property,AXIS-004,Yes,98.9,70,99.65,Pass,Applied,,,K. Bose,Supervisor-B,Auto-matched and posted,17-11-2025 10:49,20-11-2025 08:49
TXN-00994,POL-32389,Saanvi Chopra,27-12-2025 07:49,27-12-2025 21:49,RTGS,RTGS-439395,INR,15000,15000,0,Premium Receivable,PR-400100,Policy Ledger,CC-INS-005,Motor,AXIS-004,Yes,94,14,98.96,Pass,Applied,,,R. Mehta,Supervisor-B,Auto-matched and posted,27-12-2025 10:49,27-12-2025 23:49
TXN-00995,POL-27891,Ira Roy,07-08-2025 07:49,09-08-2025 17:49,UPI,UPI-757878,INR,50000,50000,0,Premium Receivable,PR-400100,Policy Ledger,CC-INS-005,Property,AXIS-004,No,79.3,58,98.24,Pass,Applied,,,R. Mehta,Lead-1 (QA),Manual verification completed,07-08-2025 10:49,09-08-2025 23:49
TXN-00996,POL-88025,Pari Mukherjee,24-01-2026 07:49,27-01-2026 00:49,UPI,UPI-686311,INR,50000,0,50000,Suspense Account,SA-209900,Suspense Ledger,CC-INS-005,Motor,HDFC-001,Yes,63.3,65,97.34,Fail,Unapplied,EXC002,Short payment,N. Jain,Supervisor-B,Awaiting policy mapping,24-01-2026 08:49,27-01-2026 02:49
TXN-00997,POL-70074,Aarohi Bose,23-09-2025 07:49,25-09-2025 12:49,SWIFT,SWF-662492,INR,7500,0,7500,Suspense Account,SA-209900,Suspense Ledger,CC-INS-003,Life,ICICI-002,Yes,72.5,53,94.1,Fail,Exception,EXC003,Overpayment,N. Jain,Lead-1 (QA),Exception raised for investigation,23-09-2025 09:49,25-09-2025 13:49
TXN-00998,POL-25501,Vivaan Singh,12-11-2025 07:49,13-11-2025 02:49,CHQ,CHQ-15122,INR,15000,15000,0,Excess Premium,EP-400200,Policy Ledger,CC-INS-003,Motor,HDFC-001,Yes,96.3,19,98.88,Pass,Applied,,,A. Nair,Lead-1 (QA),Auto-matched and posted,12-11-2025 10:49,13-11-2025 06:49
TXN-00999,POL-85121,Sara Yadav,19-01-2026 07:49,19-01-2026 14:49,UPI,UPI-605903,INR,40000,40000,0,Premium Receivable,PR-400100,Policy Ledger,CC-INS-001,Motor,AXIS-004,Yes,94.6,7,99.7,Pass,Applied,,,A. Nair,Lead-1 (QA),Auto-matched and posted,19-01-2026 08:49,19-01-2026 17:49
TXN-01000,POL-58569,Aarav Verma,02-08-2025 07:49,03-08-2025 12:49,NEFT,NEFT-812672,INR,25000,15363,9637,Premium Receivable,PR-400100,Policy Ledger,CC-INS-004,Motor,HDFC-001,No,83.1,29,97.81,Fail,Partially Applied,EXC003,Overpayment,M. Reddy,Lead-2 (QA),Partial allocation; balance in suspense,02-08-2025 09:49,03-08-2025 16:49
TXN-01001,POL-97158,Ishaan Mehta,24-11-2025 07:49,24-11-2025 15:49,SWIFT,SWF-898144,INR,5000,5000,0,Premium Receivable,PR-400100,Policy Ledger,CC-INS-001,Life,ICICI-002,Yes,98.3,8,99.63,Pass,Applied,,,N. Jain,Supervisor-A,Auto-matched and posted,24-11-2025 10:49,24-11-2025 15:49
TXN-01002,POL-16239,Sai Reddy,16-10-2025 07:49,17-10-2025 23:49,UPI,UPI-237915,INR,5000,5000,0,Premium Receivable,PR-400100,Policy Ledger,CC-INS-004,Motor,ICICI-002,Yes,95.5,40,99.76,Pass,Applied,,,M. Reddy,Lead-1 (QA),Auto-matched and posted,16-10-2025 09:49,18-10-2025 00:49
TXN-01003,POL-26521,Vihaan Bose,29-10-2025 07:49,31-10-2025 16:49,CHQ,CHQ-27947,INR,25000,19964,5036,Premium Receivable,PR-400100,Policy Ledger,CC-INS-003,Property,HDFC-001,Yes,70.2,57,96.66,Fail,Partially Applied,,,M. Reddy,Supervisor-B,Partial allocation; balance in suspense,29-10-2025 09:49,31-10-2025 19:49
TXN-01004,POL-60960,Ishaan Pillai,14-10-2025 07:49,16-10-2025 02:49,UPI,UPI-726301,INR,25000,25000,0,Premium Receivable,PR-400100,Policy Ledger,CC-INS-001,Property,HDFC-001,Yes,94.4,43,98.82,Pass,Applied,,,V. Iyer,Supervisor-A,Auto-matched and posted,14-10-2025 09:49,16-10-2025 07:49
TXN-01005,POL-55573,Muhammad Agarwal,13-09-2025 07:49,13-09-2025 16:49,NEFT,NEFT-877018,INR,10000,10000,0,Excess Premium,EP-400200,Policy Ledger,CC-INS-004,Health,ICICI-002,No,79.4,9,98.72,Pass,Applied,,,P. Patel,Supervisor-B,Manual verification completed,13-09-2025 08:49,13-09-2025 19:49
TXN-01006,POL-45481,Sara Pillai,04-10-2025 07:49,06-10-2025 05:49,SWIFT,SWF-436577,INR,20000,20000,0,Premium Receivable,PR-400100,Policy Ledger,CC-INS-003,Health,SBI-003,Yes,94.8,46,99.45,Pass,Applied,,,S. Kapoor,Supervisor-B,Auto-matched and posted,04-10-2025 08:49,06-10-2025 09:49
TXN-01007,POL-52951,Myra Chopra,06-01-2026 07:49,06-01-2026 19:49,CHQ,CHQ-18724,INR,5000,5000,0,Premium Receivable,PR-400100,Policy Ledger,CC-INS-004,Motor,SBI-003,Yes,96.6,12,98.86,Pass,Applied,,,P. Patel,Lead-2 (QA),Auto-matched and posted,06-01-2026 09:49,07-01-2026 00:49
TXN-01008,POL-38157,Diya Kumar,17-10-2025 07:49,19-10-2025 17:49,SWIFT,SWF-867348,INR,15000,15000,0,Premium Receivable,PR-400100,Policy Ledger,CC-INS-005,Property,ICICI-002,Yes,95.1,58,98.92,Pass,Applied,,,M. Reddy,Supervisor-A,Auto-matched and posted,17-10-2025 10:49,19-10-2025 18:49
TXN-01009,POL-14803,Ananya Iyer,05-12-2025 07:49,08-12-2025 02:49,SWIFT,SWF-131756,INR,7500,7500,0,Premium Receivable,PR-400100,Policy Ledger,CC-INS-005,Health,AXIS-004,Yes,93.4,67,98.78,Pass,Applied,,,R. Mehta,Supervisor-B,Auto-matched and posted,05-12-2025 10:49,08-12-2025 06:49
TXN-01010,POL-32948,Sara Gupta,31-10-2025 07:49,01-11-2025 07:49,CHQ,CHQ-81212,INR,5000,5000,0,Premium Receivable,PR-400100,Policy Ledger,CC-INS-001,Property,SBI-003,Yes,97.1,24,98.94,Pass,Applied,,,N. Jain,Supervisor-A,Auto-matched and posted,31-10-2025 10:49,01-11-2025 08:49
TXN-01011,POL-52917,Sai Bhatia,11-12-2025 07:49,11-12-2025 15:49,NEFT,NEFT-636749,INR,7500,7500,0,Premium Receivable,PR-400100,Policy Ledger,CC-INS-001,Property,AXIS-004,Yes,94.7,8,99.03,Pass,Applied,,,N. Jain,Lead-2 (QA),Auto-matched and posted,11-12-2025 10:49,11-12-2025 21:49
TXN-01012,POL-62099,Ira Gupta,20-10-2025 07:49,21-10-2025 13:49,RTGS,RTGS-953155,INR,50000,50000,0,Premium Receivable,PR-400100,Policy Ledger,CC-INS-003,Life,HDFC-001,Yes,97.8,30,98.87,Pass,Applied,,,R. Mehta,Lead-1 (QA),Auto-matched and posted,20-10-2025 08:49,21-10-2025 17:49
TXN-01013,POL-88063,Sara Bose,02-12-2025 07:49,03-12-2025 14:49,SWIFT,SWF-117785,INR,12500,5478,7022,Premium Receivable,PR-400100,Policy Ledger,CC-INS-003,Motor,ICICI-002,Yes,71.9,31,97.66,Fail,Partially Applied,,,M. Reddy,Supervisor-B,Partial allocation; balance in suspense,02-12-2025 09:49,03-12-2025 19:49
TXN-01014,POL-77449,Aarohi Mukherjee,07-01-2026 07:49,09-01-2026 19:49,SWIFT,SWF-488719,INR,40000,0,40000,Suspense Account,SA-209900,Suspense Ledger,CC-INS-003,Health,HDFC-001,Yes,78.3,60,95.72,Fail,Unapplied,EXC005,Policy closed/expired,R. Mehta,Lead-2 (QA),Awaiting policy mapping,07-01-2026 08:49,09-01-2026 19:49
TXN-01015,POL-67816,Ira Jain,17-12-2025 07:49,17-12-2025 18:49,RTGS,RTGS-413775,INR,12500,12500,0,Excess Premium,EP-400200,Policy Ledger,CC-INS-003,Motor,SBI-003,Yes,93.5,11,98.52,Pass,Applied,,,K. Bose,Lead-1 (QA),Auto-matched and posted,17-12-2025 09:49,18-12-2025 00:49
TXN-01016,POL-37015,Anika Bhatia,11-09-2025 07:49,14-09-2025 03:49,CHQ,CHQ-78599,INR,10000,3469,6531,Premium Receivable,PR-400100,Policy Ledger,CC-INS-005,Health,AXIS-004,Yes,86.5,68,98.38,Pass,Partially Applied,EXC001,No policy match,S. Kapoor,Supervisor-A,Partial allocation; balance in suspense,11-09-2025 09:49,14-09-2025 07:49
TXN-01017,POL-11488,Aarav Roy,17-01-2026 07:49,18-01-2026 06:49,NEFT,NEFT-566925,INR,5000,5000,0,Premium Receivable,PR-400100,Policy Ledger,CC-INS-002,Motor,HDFC-001,Yes,98.5,23,99.32,Pass,Applied,,,K. Bose,Lead-1 (QA),Auto-matched and posted,17-01-2026 10:49,18-01-2026 09:49
TXN-01018,POL-11558,Ananya Yadav,03-09-2025 07:49,05-09-2025 11:49,NEFT,NEFT-882372,INR,7500,7500,0,Premium Receivable,PR-400100,Policy Ledger,CC-INS-002,Property,SBI-003,Yes,94.5,52,99.7,Pass,Applied,,,V. Iyer,Supervisor-A,Auto-matched and posted,03-09-2025 09:49,05-09-2025 11:49
TXN-01019,POL-41896,Anika Verma,26-12-2025 07:49,26-12-2025 16:49,SWIFT,SWF-444027,INR,7500,0,7500,Suspense Account,SA-209900,Suspense Ledger,CC-INS-003,Health,AXIS-004,No,56.3,9,95.15,Fail,Unapplied,EXC002,Short payment,A. Nair,Supervisor-B,Awaiting policy mapping,26-12-2025 08:49,26-12-2025 18:49
TXN-01020,POL-79590,Myra Yadav,07-11-2025 07:49,09-11-2025 12:49,RTGS,RTGS-561237,INR,20000,20000,0,Premium Receivable,PR-400100,Policy Ledger,CC-INS-005,Life,HDFC-001,Yes,94.3,53,98.84,Pass,Applied,,,K. Bose,Supervisor-A,Auto-matched and posted,07-11-2025 09:49,09-11-2025 12:49
TXN-01021,POL-58066,Ishaan Jain,19-01-2026 07:49,20-01-2026 16:49,NEFT,NEFT-782268,INR,25000,13529,11471,Premium Receivable,PR-400100,Policy Ledger,CC-INS-002,Property,HDFC-001,Yes,77.6,33,98.46,Pass,Partially Applied,EXC003,Overpayment,V. Iyer,Lead-2 (QA),Partial allocation; balance in suspense,19-01-2026 09:49,20-01-2026 19:49
TXN-01022,POL-33817,Pari Sharma,11-09-2025 07:49,14-09-2025 06:49,SWIFT,SWF-542314,USD,400,400,0,Premium Receivable,PR-400100,Policy Ledger,CC-INS-004,Motor,SBI-003,No,84.2,71,98.39,Pass,Applied,,,S. Kapoor,Supervisor-B,Manual verification completed,11-09-2025 08:49,14-09-2025 06:49
TXN-01023,POL-23741,Saanvi Jain,23-10-2025 07:49,24-10-2025 11:49,UPI,UPI-661421,INR,15000,15000,0,Premium Receivable,PR-400100,Policy Ledger,CC-INS-005,Life,ICICI-002,No,98.2,28,98.55,Pass,Applied,,,P. Patel,Lead-2 (QA),Manual verification completed,23-10-2025 08:49,24-10-2025 13:49
TXN-01024,POL-28705,Myra Mehta,24-09-2025 07:49,26-09-2025 15:49,RTGS,RTGS-998855,INR,7500,7500,0,Premium Receivable,PR-400100,Policy Ledger,CC-INS-002,Motor,ICICI-002,Yes,93.7,56,99.56,Pass,Applied,,,R. Mehta,Supervisor-B,Auto-matched and posted,24-09-2025 10:49,26-09-2025 21:49
TXN-01025,POL-15885,Anika Bhatia,12-11-2025 07:49,13-11-2025 18:49,SWIFT,SWF-757138,USD,100,100,0,Premium Receivable,PR-400100,Policy Ledger,CC-INS-005,Property,SBI-003,Yes,98.1,35,99.81,Pass,Applied,,,K. Bose,Supervisor-A,Auto-matched and posted,12-11-2025 08:49,14-11-2025 00:49
TXN-01026,POL-41081,Ananya Pillai,26-11-2025 07:49,27-11-2025 02:49,CHQ,CHQ-26159,INR,12500,12500,0,Excess Premium,EP-400200,Policy Ledger,CC-INS-001,Property,SBI-003,Yes,98.8,19,99.88,Pass,Applied,,,R. Mehta,Lead-2 (QA),Auto-matched and posted,26-11-2025 09:49,27-11-2025 03:49
TXN-01027,POL-87417,Aarohi Nair,18-08-2025 07:49,21-08-2025 01:49,CHQ,CHQ-36941,INR,30000,30000,0,Premium Receivable,PR-400100,Policy Ledger,CC-INS-003,Property,AXIS-004,Yes,97.4,66,98.8,Pass,Applied,,,R. Mehta,Supervisor-A,Auto-matched and posted,18-08-2025 08:49,21-08-2025 02:49
TXN-01028,POL-11104,Saanvi Sharma,08-01-2026 07:49,08-01-2026 23:49,UPI,UPI-302376,INR,25000,0,25000,Suspense Account,SA-209900,Suspense Ledger,CC-INS-002,Life,SBI-003,Yes,58.8,16,94.47,Fail,Exception,EXC003,Overpayment,S. Kapoor,Lead-2 (QA),Exception raised for investigation,08-01-2026 08:49,08-01-2026 23:49
TXN-01029,POL-90112,Vivaan Chopra,25-11-2025 07:49,27-11-2025 20:49,RTGS,RTGS-107678,INR,15000,15000,0,Premium Receivable,PR-400100,Policy Ledger,CC-INS-003,Life,ICICI-002,Yes,97.1,61,99.67,Pass,Applied,,,V. Iyer,Supervisor-A,Auto-matched and posted,25-11-2025 09:49,28-11-2025 02:49
TXN-01030,POL-41483,Sara Gupta,17-08-2025 07:49,19-08-2025 22:49,SWIFT,SWF-424603,INR,10000,10000,0,Premium Receivable,PR-400100,Policy Ledger,CC-INS-005,Property,ICICI-002,No,78.6,63,98.74,Pass,Applied,,,N. Jain,Supervisor-A,Manual verification completed,17-08-2025 10:49,20-08-2025 01:49
TXN-01031,POL-36828,Reyansh Singh,05-11-2025 07:49,05-11-2025 19:49,CHQ,CHQ-49131,INR,10000,10000,0,Premium Receivable,PR-400100,Policy Ledger,CC-INS-004,Life,HDFC-001,Yes,96.9,12,98.8,Pass,Applied,,,R. Mehta,Lead-1 (QA),Auto-matched and posted,05-11-2025 08:49,05-11-2025 21:49
TXN-01032,POL-60144,Aarohi Mehta,27-08-2025 07:49,29-08-2025 09:49,RTGS,RTGS-152701,INR,10000,10000,0,Premium Receivable,PR-400100,Policy Ledger,CC-INS-001,Life,SBI-003,Yes,93.3,50,99.8,Pass,Applied,,,A. Nair,Supervisor-B,Auto-matched and posted,27-08-2025 09:49,29-08-2025 14:49
TXN-01033,POL-27765,Aditya Das,02-11-2025 07:49,03-11-2025 10:49,CHQ,CHQ-81264,INR,5000,5000,0,Premium Receivable,PR-400100,Policy Ledger,CC-INS-002,Motor,HDFC-001,Yes,93.4,27,99.19,Pass,Applied,,,R. Mehta,Supervisor-B,Auto-matched and posted,02-11-2025 08:49,03-11-2025 14:49
TXN-01034,POL-70486,Aditya Yadav,10-08-2025 07:49,12-08-2025 18:49,RTGS,RTGS-268031,INR,12500,12500,0,Premium Receivable,PR-400100,Policy Ledger,CC-INS-004,Property,ICICI-002,Yes,96.1,59,99.74,Pass,Applied,,,V. Iyer,Lead-1 (QA),Auto-matched and posted,10-08-2025 08:49,13-08-2025 00:49
TXN-01035,POL-43277,Ananya Reddy,14-11-2025 07:49,14-11-2025 23:49,CHQ,CHQ-24543,INR,40000,21271,18729,Excess Premium,EP-400200,Policy Ledger,CC-INS-002,Motor,SBI-003,Yes,75.7,16,96.69,Fail,Partially Applied,EXC002,Short payment,V. Iyer,Lead-2 (QA),Partial allocation; balance in suspense,14-11-2025 09:49,15-11-2025 00:49
TXN-01036,POL-22169,Aadhya Sharma,07-09-2025 07:49,09-09-2025 04:49,RTGS,RTGS-325101,INR,15000,10692,4308,Premium Receivable,PR-400100,Policy Ledger,CC-INS-004,Health,AXIS-004,No,86.1,45,97.63,Fail,Partially Applied,EXC004,Missing remittance,R. Mehta,Lead-2 (QA),Partial allocation; balance in suspense,07-09-2025 10:49,09-09-2025 05:49
TXN-01037,POL-65137,Diya Bose,26-08-2025 07:49,27-08-2025 13:49,RTGS,RTGS-593171,INR,30000,30000,0,Premium Receivable,PR-400100,Policy Ledger,CC-INS-003,Motor,SBI-003,Yes,98.8,30,99.45,Pass,Applied,,,K. Bose,Lead-1 (QA),Auto-matched and posted,26-08-2025 09:49,27-08-2025 13:49
TXN-01038,POL-27224,Vihaan Agarwal,27-12-2025 07:49,27-12-2025 23:49,UPI,UPI-663110,INR,7500,7500,0,Premium Receivable,PR-400100,Policy Ledger,CC-INS-005,Property,SBI-003,Yes,99,16,99.48,Pass,Applied,,,P. Patel,Supervisor-B,Auto-matched and posted,27-12-2025 10:49,28-12-2025 04:49
TXN-01039,POL-65220,Arjun Yadav,28-11-2025 07:49,30-11-2025 09:49,NEFT,NEFT-110141,INR,15000,15000,0,Premium Receivable,PR-400100,Policy Ledger,CC-INS-005,Life,HDFC-001,Yes,94.4,50,99.65,Pass,Applied,,,R. Mehta,Supervisor-B,Auto-matched and posted,28-11-2025 09:49,30-11-2025 13:49
TXN-01040,POL-84351,Arjun Gupta,21-11-2025 07:49,22-11-2025 23:49,NEFT,NEFT-152797,INR,40000,0,40000,Suspense Account,SA-209900,Suspense Ledger,CC-INS-002,Health,SBI-003,No,83.3,40,94.71,Fail,Unapplied,EXC005,Policy closed/expired,A. Nair,Supervisor-A,Awaiting policy mapping,21-11-2025 10:49,23-11-2025 01:49
TXN-01041,POL-76828,Anika Reddy,24-11-2025 07:49,24-11-2025 14:49,SWIFT,SWF-265381,INR,50000,0,50000,Suspense Account,SA-209900,Suspense Ledger,CC-INS-002,Life,ICICI-002,Yes,63.2,7,94.66,Fail,Exception,EXC001,No policy match,A. Nair,Supervisor-B,Exception raised for investigation,24-11-2025 10:49,24-11-2025 19:49
TXN-01042,POL-29449,Aarav Chopra,25-10-2025 07:49,25-10-2025 09:49,RTGS,RTGS-898346,INR,5000,5000,0,Premium Receivable,PR-400100,Policy Ledger,CC-INS-004,Property,ICICI-002,Yes,97.8,2,99.54,Pass,Applied,,,S. Kapoor,Lead-1 (QA),Auto-matched and posted,25-10-2025 08:49,25-10-2025 13:49
TXN-01043,POL-78300,Ira Das,25-08-2025 07:49,26-08-2025 00:49,UPI,UPI-224896,INR,5000,5000,0,Excess Premium,EP-400200,Policy Ledger,CC-INS-002,Health,ICICI-002,Yes,95.3,17,99.55,Pass,Applied,,,P. Patel,Lead-2 (QA),Auto-matched and posted,25-08-2025 09:49,26-08-2025 05:49
TXN-01044,POL-86280,Sara Das,27-11-2025 07:49,27-11-2025 14:49,CHQ,CHQ-11167,INR,20000,20000,0,Excess Premium,EP-400200,Policy Ledger,CC-INS-005,Property,AXIS-004,No,97.8,7,99.71,Pass,Applied,,,M. Reddy,Supervisor-B,Manual verification completed,27-11-2025 08:49,27-11-2025 14:49
TXN-01045,POL-16640,Aarav Roy,30-12-2025 07:49,02-01-2026 02:49,UPI,UPI-817537,INR,25000,25000,0,Premium Receivable,PR-400100,Policy Ledger,CC-INS-001,Life,SBI-003,Yes,98.7,67,98.62,Pass,Applied,,,S. Kapoor,Supervisor-A,Auto-matched and posted,30-12-2025 10:49,02-01-2026 04:49
TXN-01046,POL-53217,Aarohi Kumar,26-12-2025 07:49,28-12-2025 00:49,RTGS,RTGS-119053,INR,15000,3718,11282,Premium Receivable,PR-400100,Policy Ledger,CC-INS-004,Motor,AXIS-004,Yes,86.8,41,96.78,Fail,Partially Applied,,,M. Reddy,Supervisor-A,Partial allocation; balance in suspense,26-12-2025 10:49,28-12-2025 05:49
TXN-01047,POL-45826,Aadhya Mehta,23-11-2025 07:49,24-11-2025 03:49,NEFT,NEFT-200129,INR,10000,10000,0,Premium Receivable,PR-400100,Policy Ledger,CC-INS-001,Health,ICICI-002,Yes,93.8,20,99.58,Pass,Applied,,,A. Nair,Supervisor-B,Auto-matched and posted,23-11-2025 10:49,24-11-2025 09:49
TXN-01048,POL-47877,Aarav Kumar,10-11-2025 07:49,11-11-2025 03:49,NEFT,NEFT-656666,INR,7500,7500,0,Premium Receivable,PR-400100,Policy Ledger,CC-INS-003,Health,AXIS-004,No,87.8,20,98.84,Pass,Applied,,,M. Reddy,Lead-2 (QA),Manual verification completed,10-11-2025 08:49,11-11-2025 05:49
TXN-01049,POL-69563,Aarav Sharma,16-10-2025 07:49,16-10-2025 20:49,RTGS,RTGS-749860,INR,40000,0,40000,Suspense Account,SA-209900,Suspense Ledger,CC-INS-001,Health,SBI-003,Yes,65,13,95.92,Fail,Exception,EXC004,Missing remittance,K. Bose,Lead-1 (QA),Exception raised for investigation,16-10-2025 09:49,17-10-2025 01:49
TXN-01050,POL-62111,Vihaan Verma,17-08-2025 07:49,19-08-2025 20:49,SWIFT,SWF-281291,INR,15000,15000,0,Premium Receivable,PR-400100,Policy Ledger,CC-INS-004,Life,HDFC-001,Yes,96.4,61,99.23,Pass,Applied,,,S. Kapoor,Lead-2 (QA),Auto-matched and posted,17-08-2025 08:49,19-08-2025 21:49
TXN-01051,POL-84422,Anika Gupta,30-10-2025 07:49,30-10-2025 20:49,RTGS,RTGS-130791,INR,15000,0,15000,Suspense Account,SA-209900,Suspense Ledger,CC-INS-003,Health,SBI-003,No,55.3,13,96.57,Fail,Unapplied,EXC004,Missing remittance,M. Reddy,Supervisor-B,Awaiting policy mapping,30-10-2025 10:49,30-10-2025 20:49
TXN-01052,POL-50037,Reyansh Kumar,22-11-2025 07:49,24-11-2025 14:49,RTGS,RTGS-993523,INR,25000,15886,9114,Premium Receivable,PR-400100,Policy Ledger,CC-INS-002,Motor,AXIS-004,Yes,70.2,55,97.4,Fail,Partially Applied,,,V. Iyer,Supervisor-A,Partial allocation; balance in suspense,22-11-2025 08:49,24-11-2025 16:49
TXN-01053,POL-83181,Anika Gupta,05-12-2025 07:49,07-12-2025 13:49,SWIFT,SWF-277290,INR,20000,5767,14233,Premium Receivable,PR-400100,Policy Ledger,CC-INS-005,Property,AXIS-004,Yes,91,54,97.1,Fail,Partially Applied,,,N. Jain,Supervisor-A,Partial allocation; balance in suspense,05-12-2025 10:49,07-12-2025 19:49
TXN-01054,POL-62453,Arjun Kumar,11-10-2025 07:49,11-10-2025 18:49,SWIFT,SWF-563396,INR,25000,0,25000,Suspense Account,SA-209900,Suspense Ledger,CC-INS-003,Property,AXIS-004,Yes,80.7,11,94.94,Fail,Unapplied,EXC005,Policy closed/expired,S. Kapoor,Lead-2 (QA),Awaiting policy mapping,11-10-2025 10:49,11-10-2025 18:49
TXN-01055,POL-93769,Muhammad Chopra,05-08-2025 07:49,05-08-2025 13:49,CHQ,CHQ-24267,INR,15000,15000,0,Premium Receivable,PR-400100,Policy Ledger,CC-INS-003,Health,SBI-003,Yes,93.9,6,98.83,Pass,Applied,,,R. Mehta,Supervisor-A,Auto-matched and posted,05-08-2025 10:49,05-08-2025 16:49
TXN-01056,POL-59598,Sara Kumar,30-08-2025 07:49,31-08-2025 04:49,NEFT,NEFT-452613,INR,25000,18146,6854,Premium Receivable,PR-400100,Policy Ledger,CC-INS-003,Motor,HDFC-001,Yes,75.6,21,98.2,Pass,Partially Applied,EXC004,Missing remittance,S. Kapoor,Lead-1 (QA),Partial allocation; balance in suspense,30-08-2025 10:49,31-08-2025 09:49
TXN-01057,POL-90276,Myra Yadav,19-12-2025 07:49,22-12-2025 07:49,NEFT,NEFT-656999,INR,12500,12500,0,Premium Receivable,PR-400100,Policy Ledger,CC-INS-003,Health,HDFC-001,Yes,94.4,72,99.45,Pass,Applied,,,M. Reddy,Supervisor-B,Auto-matched and posted,19-12-2025 10:49,22-12-2025 07:49
TXN-01058,POL-63104,Aadhya Reddy,06-08-2025 07:49,08-08-2025 05:49,NEFT,NEFT-956223,INR,5000,5000,0,Premium Receivable,PR-400100,Policy Ledger,CC-INS-003,Life,ICICI-002,Yes,94.9,46,99.42,Pass,Applied,,,A. Nair,Lead-1 (QA),Auto-matched and posted,06-08-2025 08:49,08-08-2025 10:49
TXN-01059,POL-62618,Vivaan Mukherjee,05-01-2026 07:49,08-01-2026 04:49,CHQ,CHQ-10549,INR,12500,12500,0,Premium Receivable,PR-400100,Policy Ledger,CC-INS-001,Health,ICICI-002,Yes,98.2,69,99.04,Pass,Applied,,,R. Mehta,Lead-2 (QA),Auto-matched and posted,05-01-2026 08:49,08-01-2026 08:49
TXN-01060,POL-68552,Sara Das,08-01-2026 07:49,08-01-2026 15:49,NEFT,NEFT-193811,INR,5000,0,5000,Suspense Account,SA-209900,Suspense Ledger,CC-INS-002,Life,AXIS-004,Yes,82.6,8,95.66,Fail,Unapplied,EXC001,No policy match,S. Kapoor,Supervisor-B,Awaiting policy mapping,08-01-2026 10:49,08-01-2026 19:49
TXN-01061,POL-64387,Vivaan Agarwal,10-01-2026 07:49,12-01-2026 10:49,RTGS,RTGS-897504,USD,200,200,0,Premium Receivable,PR-400100,Policy Ledger,CC-INS-001,Motor,AXIS-004,Yes,93.3,51,99.21,Pass,Applied,,,K. Bose,Supervisor-A,Auto-matched and posted,10-01-2026 08:49,12-01-2026 15:49
TXN-01062,POL-25791,Aditya Yadav,22-11-2025 07:49,24-11-2025 04:49,RTGS,RTGS-454101,INR,7500,7500,0,Excess Premium,EP-400200,Policy Ledger,CC-INS-005,Life,AXIS-004,Yes,97.1,45,99.67,Pass,Applied,,,V. Iyer,Supervisor-B,Auto-matched and posted,22-11-2025 10:49,24-11-2025 10:49
TXN-01063,POL-17371,Sai Jain,30-08-2025 07:49,01-09-2025 14:49,NEFT,NEFT-547481,INR,40000,40000,0,Premium Receivable,PR-400100,Policy Ledger,CC-INS-005,Property,SBI-003,No,81.2,55,99.02,Pass,Applied,,,P. Patel,Supervisor-B,Manual verification completed,30-08-2025 08:49,01-09-2025 18:49
TXN-01064,POL-35947,Myra Bose,29-09-2025 07:49,29-09-2025 14:49,CHQ,CHQ-64948,INR,7500,0,7500,Suspense Account,SA-209900,Suspense Ledger,CC-INS-003,Motor,AXIS-004,Yes,78.9,7,95.91,Fail,Unapplied,EXC005,Policy closed/expired,R. Mehta,Lead-1 (QA),Awaiting policy mapping,29-09-2025 08:49,29-09-2025 19:49
TXN-01065,POL-43671,Ishaan Yadav,05-09-2025 07:49,06-09-2025 12:49,CHQ,CHQ-34408,INR,7500,7500,0,Premium Receivable,PR-400100,Policy Ledger,CC-INS-005,Motor,AXIS-004,No,90.7,29,98.8,Pass,Applied,,,M. Reddy,Supervisor-B,Manual verification completed,05-09-2025 10:49,06-09-2025 15:49
TXN-01066,POL-12611,Aadhya Jain,23-01-2026 07:49,25-01-2026 06:49,NEFT,NEFT-558155,INR,7500,7500,0,Premium Receivable,PR-400100,Policy Ledger,CC-INS-002,Life,SBI-003,No,85.7,47,98.77,Pass,Applied,,,R. Mehta,Lead-1 (QA),Manual verification completed,23-01-2026 09:49,25-01-2026 08:49
TXN-01067,POL-29030,Aadhya Gupta,03-08-2025 07:49,05-08-2025 22:49,NEFT,NEFT-328155,INR,5000,0,5000,Suspense Account,SA-209900,Suspense Ledger,CC-INS-003,Health,HDFC-001,No,74.5,63,96.68,Fail,Exception,EXC002,Short payment,A. Nair,Lead-2 (QA),Exception raised for investigation,03-08-2025 09:49,06-08-2025 02:49
TXN-01068,POL-48382,Aarohi Gupta,27-09-2025 07:49,27-09-2025 12:49,NEFT,NEFT-416069,INR,25000,25000,0,Premium Receivable,PR-400100,Policy Ledger,CC-INS-002,Life,SBI-003,Yes,94.9,5,98.82,Pass,Applied,,,S. Kapoor,Supervisor-B,Auto-matched and posted,27-09-2025 09:49,27-09-2025 17:49
TXN-01069,POL-57805,Sara Patel,27-01-2026 07:49,28-01-2026 22:49,CHQ,CHQ-42121,INR,50000,0,50000,Suspense Account,SA-209900,Suspense Ledger,CC-INS-001,Life,SBI-003,Yes,71.5,39,94.33,Fail,Unapplied,EXC003,Overpayment,P. Patel,Supervisor-B,Awaiting policy mapping,27-01-2026 09:49,29-01-2026 04:49
TXN-01070,POL-30377,Myra Nair,29-12-2025 07:49,31-12-2025 15:49,NEFT,NEFT-435604,INR,40000,40000,0,Premium Receivable,PR-400100,Policy Ledger,CC-INS-001,Property,AXIS-004,No,80.3,56,98.43,Pass,Applied,,,K. Bose,Lead-1 (QA),Manual verification completed,29-12-2025 08:49,31-12-2025 16:49
TXN-01071,POL-87630,Diya Das,07-12-2025 07:49,10-12-2025 01:49,NEFT,NEFT-457948,INR,10000,10000,0,Excess Premium,EP-400200,Policy Ledger,CC-INS-002,Health,AXIS-004,Yes,97,66,99.34,Pass,Applied,,,R. Mehta,Lead-2 (QA),Auto-matched and posted,07-12-2025 09:49,10-12-2025 07:49
TXN-01072,POL-48367,Anika Chopra,12-10-2025 07:49,14-10-2025 15:49,CHQ,CHQ-71415,INR,20000,20000,0,Premium Receivable,PR-400100,Policy Ledger,CC-INS-001,Motor,AXIS-004,Yes,93.4,56,99.2,Pass,Applied,,,M. Reddy,Supervisor-B,Auto-matched and posted,12-10-2025 10:49,14-10-2025 20:49
TXN-01073,POL-40130,Myra Verma,26-09-2025 07:49,26-09-2025 21:49,CHQ,CHQ-51687,INR,12500,12500,0,Premium Receivable,PR-400100,Policy Ledger,CC-INS-003,Motor,AXIS-004,Yes,94.8,14,98.6,Pass,Applied,,,V. Iyer,Supervisor-B,Auto-matched and posted,26-09-2025 08:49,26-09-2025 22:49
TXN-01074,POL-83744,Reyansh Bose,07-10-2025 07:49,09-10-2025 11:49,SWIFT,SWF-522394,USD,250,250,0,Premium Receivable,PR-400100,Policy Ledger,CC-INS-003,Health,HDFC-001,Yes,93.3,52,99.08,Pass,Applied,,,P. Patel,Supervisor-B,Auto-matched and posted,07-10-2025 10:49,09-10-2025 12:49
TXN-01075,POL-28850,Myra Gupta,29-01-2026 07:49,30-01-2026 11:49,UPI,UPI-318361,INR,25000,25000,0,Premium Receivable,PR-400100,Policy Ledger,CC-INS-004,Property,HDFC-001,Yes,93.8,28,99.75,Pass,Applied,,,N. Jain,Lead-1 (QA),Auto-matched and posted,29-01-2026 09:49,30-01-2026 15:49
TXN-01076,POL-78592,Aadhya Das,22-01-2026 07:49,23-01-2026 14:49,RTGS,RTGS-160329,INR,20000,8856,11144,Premium Receivable,PR-400100,Policy Ledger,CC-INS-004,Health,AXIS-004,Yes,81.5,31,98.34,Pass,Partially Applied,,,S. Kapoor,Supervisor-A,Partial allocation; balance in suspense,22-01-2026 10:49,23-01-2026 20:49
TXN-01077,POL-68900,Anika Reddy,04-08-2025 07:49,06-08-2025 01:49,RTGS,RTGS-814931,INR,20000,20000,0,Premium Receivable,PR-400100,Policy Ledger,CC-INS-003,Motor,SBI-003,Yes,96.6,42,99.15,Pass,Applied,,,V. Iyer,Supervisor-B,Auto-matched and posted,04-08-2025 08:49,06-08-2025 05:49
TXN-01078,POL-13620,Sai Nair,07-10-2025 07:49,08-10-2025 03:49,RTGS,RTGS-600020,INR,25000,17751,7249,Premium Receivable,PR-400100,Policy Ledger,CC-INS-004,Life,HDFC-001,Yes,85.5,20,96.49,Fail,Partially Applied,,,S. Kapoor,Supervisor-B,Partial allocation; balance in suspense,07-10-2025 09:49,08-10-2025 08:49
TXN-01079,POL-74237,Anika Roy,01-09-2025 07:49,03-09-2025 23:49,NEFT,NEFT-543478,INR,15000,15000,0,Excess Premium,EP-400200,Policy Ledger,CC-INS-004,Health,HDFC-001,Yes,94.7,64,99.67,Pass,Applied,,,K. Bose,Lead-2 (QA),Auto-matched and posted,01-09-2025 08:49,04-09-2025 05:49
TXN-01080,POL-65683,Ira Sharma,24-09-2025 07:49,25-09-2025 07:49,RTGS,RTGS-131025,INR,25000,0,25000,Suspense Account,SA-209900,Suspense Ledger,CC-INS-002,Property,SBI-003,No,78.8,24,94.05,Fail,Exception,EXC003,Overpayment,P. Patel,Lead-1 (QA),Exception raised for investigation,24-09-2025 08:49,25-09-2025 10:49
TXN-01081,POL-81613,Aarav Gupta,25-11-2025 07:49,27-11-2025 20:49,NEFT,NEFT-326531,INR,7500,7500,0,Premium Receivable,PR-400100,Policy Ledger,CC-INS-001,Life,SBI-003,Yes,93.2,61,98.98,Pass,Applied,,,A. Nair,Lead-2 (QA),Auto-matched and posted,25-11-2025 08:49,27-11-2025 23:49
TXN-01082,POL-70140,Reyansh Reddy,12-10-2025 07:49,14-10-2025 09:49,SWIFT,SWF-334751,INR,30000,30000,0,Premium Receivable,PR-400100,Policy Ledger,CC-INS-001,Health,HDFC-001,Yes,98.9,50,99.78,Pass,Applied,,,N. Jain,Supervisor-A,Auto-matched and posted,12-10-2025 09:49,14-10-2025 09:49
TXN-01083,POL-30483,Diya Roy,05-01-2026 07:49,08-01-2026 07:49,UPI,UPI-214007,INR,12500,6543,5957,Premium Receivable,PR-400100,Policy Ledger,CC-INS-002,Life,AXIS-004,Yes,86.7,72,96.5,Fail,Partially Applied,,,A. Nair,Supervisor-A,Partial allocation; balance in suspense,05-01-2026 10:49,08-01-2026 07:49
TXN-01084,POL-49120,Ira Mehta,17-08-2025 07:49,18-08-2025 01:49,CHQ,CHQ-65021,INR,20000,6327,13673,Premium Receivable,PR-400100,Policy Ledger,CC-INS-005,Motor,HDFC-001,No,77.8,18,96.58,Fail,Partially Applied,,,P. Patel,Lead-1 (QA),Partial allocation; balance in suspense,17-08-2025 10:49,18-08-2025 07:49
TXN-01085,POL-81582,Anika Mukherjee,02-08-2025 07:49,04-08-2025 14:49,CHQ,CHQ-57629,INR,5000,5000,0,Premium Receivable,PR-400100,Policy Ledger,CC-INS-002,Life,ICICI-002,Yes,98.5,55,99.29,Pass,Applied,,,V. Iyer,Lead-1 (QA),Auto-matched and posted,02-08-2025 09:49,04-08-2025 20:49
TXN-01086,POL-49228,Sai Roy,10-08-2025 07:49,11-08-2025 20:49,UPI,UPI-668552,INR,5000,5000,0,Premium Receivable,PR-400100,Policy Ledger,CC-INS-002,Life,ICICI-002,Yes,98.7,37,98.85,Pass,Applied,,,A. Nair,Supervisor-A,Auto-matched and posted,10-08-2025 08:49,11-08-2025 20:49
TXN-01087,POL-30180,Diya Bose,29-10-2025 07:49,29-10-2025 16:49,NEFT,NEFT-748221,INR,12500,0,12500,Suspense Account,SA-209900,Suspense Ledger,CC-INS-002,Property,SBI-003,Yes,78.9,9,96.39,Fail,Exception,EXC001,No policy match,A. Nair,Lead-2 (QA),Exception raised for investigation,29-10-2025 08:49,29-10-2025 17:49
TXN-01088,POL-31260,Ishaan Iyer,10-11-2025 07:49,11-11-2025 05:49,SWIFT,SWF-547484,INR,40000,40000,0,Premium Receivable,PR-400100,Policy Ledger,CC-INS-002,Motor,SBI-003,Yes,99,22,98.82,Pass,Applied,,,S. Kapoor,Lead-2 (QA),Auto-matched and posted,10-11-2025 10:49,11-11-2025 05:49
TXN-01089,POL-68239,Ananya Roy,10-11-2025 07:49,12-11-2025 01:49,SWIFT,SWF-730344,INR,5000,5000,0,Premium Receivable,PR-400100,Policy Ledger,CC-INS-003,Motor,SBI-003,Yes,94.2,42,99.17,Pass,Applied,,,V. Iyer,Lead-1 (QA),Auto-matched and posted,10-11-2025 08:49,12-11-2025 04:49
TXN-01090,POL-33888,Saanvi Reddy,13-01-2026 07:49,13-01-2026 20:49,SWIFT,SWF-313017,INR,20000,20000,0,Premium Receivable,PR-400100,Policy Ledger,CC-INS-002,Life,AXIS-004,Yes,94.1,13,99.12,Pass,Applied,,,K. Bose,Lead-2 (QA),Auto-matched and posted,13-01-2026 10:49,13-01-2026 23:49
TXN-01091,POL-26791,Anika Reddy,01-12-2025 07:49,03-12-2025 01:49,RTGS,RTGS-800217,INR,25000,25000,0,Premium Receivable,PR-400100,Policy Ledger,CC-INS-004,Life,AXIS-004,No,92.7,42,99.75,Pass,Applied,,,A. Nair,Lead-1 (QA),Manual verification completed,01-12-2025 08:49,03-12-2025 05:49
TXN-01092,POL-87737,Reyansh Pillai,09-10-2025 07:49,11-10-2025 01:49,RTGS,RTGS-383621,INR,10000,6838,3162,Premium Receivable,PR-400100,Policy Ledger,CC-INS-001,Life,SBI-003,No,77.8,42,96.89,Fail,Partially Applied,EXC002,Short payment,A. Nair,Lead-1 (QA),Partial allocation; balance in suspense,09-10-2025 10:49,11-10-2025 07:49
TXN-01093,POL-67883,Myra Das,28-11-2025 07:49,29-11-2025 02:49,UPI,UPI-588780,INR,10000,10000,0,Premium Receivable,PR-400100,Policy Ledger,CC-INS-005,Health,SBI-003,Yes,93.9,19,98.63,Pass,Applied,,,K. Bose,Lead-1 (QA),Auto-matched and posted,28-11-2025 10:49,29-11-2025 03:49
TXN-01094,POL-10973,Ishaan Pillai,03-12-2025 07:49,06-12-2025 00:49,NEFT,NEFT-552378,INR,25000,8657,16343,Premium Receivable,PR-400100,Policy Ledger,CC-INS-003,Life,SBI-003,Yes,73.7,65,97.65,Fail,Partially Applied,,,R. Mehta,Lead-2 (QA),Partial allocation; balance in suspense,03-12-2025 09:49,06-12-2025 03:49
TXN-01095,POL-81159,Ishaan Mehta,11-10-2025 07:49,11-10-2025 16:49,SWIFT,SWF-449745,INR,20000,15614,4386,Premium Receivable,PR-400100,Policy Ledger,CC-INS-004,Health,AXIS-004,Yes,91.4,9,96.9,Fail,Partially Applied,,,V. Iyer,Lead-1 (QA),Partial allocation; balance in suspense,11-10-2025 10:49,11-10-2025 20:49
TXN-01096,POL-44881,Aadhya Bhatia,03-09-2025 07:49,04-09-2025 06:49,UPI,UPI-419966,INR,20000,12198,7802,Premium Receivable,PR-400100,Policy Ledger,CC-INS-005,Health,SBI-003,Yes,73.5,23,96.51,Fail,Partially Applied,EXC001,No policy match,N. Jain,Lead-2 (QA),Partial allocation; balance in suspense,03-09-2025 09:49,04-09-2025 09:49
TXN-01097,POL-32557,Sara Mehta,19-09-2025 07:49,20-09-2025 17:49,RTGS,RTGS-777504,INR,10000,3915,6085,Premium Receivable,PR-400100,Policy Ledger,CC-INS-005,Property,AXIS-004,Yes,82.6,34,97.66,Fail,Partially Applied,,,V. Iyer,Supervisor-B,Partial allocation; balance in suspense,19-09-2025 08:49,20-09-2025 18:49
TXN-01098,POL-63727,Aadhya Sharma,08-10-2025 07:49,10-10-2025 04:49,NEFT,NEFT-708921,INR,12500,12500,0,Premium Receivable,PR-400100,Policy Ledger,CC-INS-005,Life,HDFC-001,Yes,93.2,45,99.5,Pass,Applied,,,S. Kapoor,Lead-2 (QA),Auto-matched and posted,08-10-2025 08:49,10-10-2025 06:49
TXN-01099,POL-36318,Sara Roy,16-09-2025 07:49,17-09-2025 02:49,RTGS,RTGS-412348,INR,7500,7500,0,Premium Receivable,PR-400100,Policy Ledger,CC-INS-001,Health,AXIS-004,Yes,93,19,98.57,Pass,Applied,,,P. Patel,Lead-1 (QA),Auto-matched and posted,16-09-2025 09:49,17-09-2025 05:49
TXN-01100,POL-46829,Aadhya Agarwal,24-01-2026 07:49,26-01-2026 14:49,NEFT,NEFT-597026,USD,500,500,0,Premium Receivable,PR-400100,Policy Ledger,CC-INS-001,Motor,ICICI-002,Yes,97.3,55,99,Pass,Applied,,,P. Patel,Lead-2 (QA),Auto-matched and posted,24-01-2026 08:49,26-01-2026 16:49
TXN-01101,POL-65529,Aditya Jain,18-11-2025 07:49,19-11-2025 03:49,RTGS,RTGS-806002,INR,12500,8125,4375,Premium Receivable,PR-400100,Policy Ledger,CC-INS-003,Health,ICICI-002,No,75.7,20,98,Pass,Partially Applied,,,S. Kapoor,Supervisor-B,Partial allocation; balance in suspense,18-11-2025 09:49,19-11-2025 05:49
TXN-01102,POL-47710,Vihaan Yadav,27-11-2025 07:49,28-11-2025 07:49,CHQ,CHQ-71586,INR,25000,25000,0,Premium Receivable,PR-400100,Policy Ledger,CC-INS-002,Motor,SBI-003,Yes,98.5,24,98.54,Pass,Applied,,,V. Iyer,Lead-1 (QA),Auto-matched and posted,27-11-2025 09:49,28-11-2025 10:49
TXN-01103,POL-19104,Myra Bose,28-10-2025 07:49,28-10-2025 21:49,SWIFT,SWF-677219,INR,7500,4731,2769,Premium Receivable,PR-400100,Policy Ledger,CC-INS-003,Health,AXIS-004,Yes,76.6,14,96.51,Fail,Partially Applied,,,M. Reddy,Supervisor-A,Partial allocation; balance in suspense,28-10-2025 09:49,28-10-2025 21:49
TXN-01104,POL-75039,Reyansh Iyer,09-10-2025 07:49,11-10-2025 05:49,CHQ,CHQ-53940,INR,40000,20562,19438,Premium Receivable,PR-400100,Policy Ledger,CC-INS-003,Health,AXIS-004,No,70.2,46,97.01,Fail,Partially Applied,EXC005,Policy closed/expired,V. Iyer,Supervisor-B,Partial allocation; balance in suspense,09-10-2025 10:49,11-10-2025 09:49
TXN-01105,POL-15434,Krishna Jain,15-09-2025 07:49,16-09-2025 10:49,SWIFT,SWF-554949,INR,15000,15000,0,Premium Receivable,PR-400100,Policy Ledger,CC-INS-003,Motor,AXIS-004,No,90.5,27,97.89,Fail,Applied,,,M. Reddy,Lead-2 (QA),Manual verification completed,15-09-2025 08:49,16-09-2025 13:49
TXN-01106,POL-46507,Sai Bose,31-12-2025 07:49,31-12-2025 11:49,NEFT,NEFT-709800,INR,30000,30000,0,Premium Receivable,PR-400100,Policy Ledger,CC-INS-004,Life,SBI-003,Yes,94.8,4,99.69,Pass,Applied,,,A. Nair,Supervisor-B,Auto-matched and posted,31-12-2025 10:49,31-12-2025 15:49
TXN-01107,POL-44330,Krishna Yadav,27-11-2025 07:49,27-11-2025 15:49,CHQ,CHQ-59175,INR,30000,13379,16621,Excess Premium,EP-400200,Policy Ledger,CC-INS-002,Property,HDFC-001,Yes,89.7,8,98.38,Pass,Partially Applied,EXC004,Missing remittance,K. Bose,Supervisor-A,Partial allocation; balance in suspense,27-11-2025 10:49,27-11-2025 15:49
TXN-01108,POL-78087,Diya Nair,04-01-2026 07:49,04-01-2026 13:49,NEFT,NEFT-256397,INR,10000,10000,0,Premium Receivable,PR-400100,Policy Ledger,CC-INS-004,Property,HDFC-001,Yes,94.8,6,98.56,Pass,Applied,,,M. Reddy,Lead-2 (QA),Auto-matched and posted,04-01-2026 09:49,04-01-2026 16:49
TXN-01109,POL-66151,Vivaan Bose,11-08-2025 07:49,12-08-2025 14:49,RTGS,RTGS-565784,INR,25000,25000,0,Premium Receivable,PR-400100,Policy Ledger,CC-INS-002,Life,AXIS-004,Yes,95.9,31,99.12,Pass,Applied,,,P. Patel,Lead-1 (QA),Auto-matched and posted,11-08-2025 10:49,12-08-2025 15:49
TXN-01110,POL-33990,Reyansh Mehta,15-11-2025 07:49,17-11-2025 21:49,SWIFT,SWF-773576,INR,7500,7500,0,Premium Receivable,PR-400100,Policy Ledger,CC-INS-002,Motor,HDFC-001,Yes,96.9,62,99.1,Pass,Applied,,,N. Jain,Supervisor-B,Auto-matched and posted,15-11-2025 08:49,18-11-2025 01:49
TXN-01111,POL-64356,Muhammad Mukherjee,23-01-2026 07:49,24-01-2026 06:49,SWIFT,SWF-827291,INR,40000,8674,31326,Excess Premium,EP-400200,Policy Ledger,CC-INS-003,Health,ICICI-002,No,87.6,23,97.79,Fail,Partially Applied,,,S. Kapoor,Supervisor-B,Partial allocation; balance in suspense,23-01-2026 08:49,24-01-2026 08:49
TXN-01112,POL-94923,Sara Mehta,28-01-2026 07:49,28-01-2026 18:49,SWIFT,SWF-520974,INR,30000,30000,0,Premium Receivable,PR-400100,Policy Ledger,CC-INS-002,Life,AXIS-004,Yes,93.4,11,98.6,Pass,Applied,,,A. Nair,Lead-2 (QA),Auto-matched and posted,28-01-2026 10:49,29-01-2026 00:49
TXN-01113,POL-90702,Aditya Das,17-12-2025 07:49,18-12-2025 05:49,CHQ,CHQ-25728,INR,25000,18466,6534,Excess Premium,EP-400200,Policy Ledger,CC-INS-001,Property,SBI-003,No,75.1,22,96.25,Fail,Partially Applied,,,M. Reddy,Lead-2 (QA),Partial allocation; balance in suspense,17-12-2025 09:49,18-12-2025 09:49
TXN-01114,POL-48264,Reyansh Sharma,23-09-2025 07:49,26-09-2025 05:49,RTGS,RTGS-191328,INR,12500,0,12500,Suspense Account,SA-209900,Suspense Ledger,CC-INS-001,Motor,SBI-003,Yes,84.7,70,96.11,Fail,Exception,EXC001,No policy match,N. Jain,Supervisor-B,Exception raised for investigation,23-09-2025 08:49,26-09-2025 08:49
TXN-01115,POL-88487,Reyansh Gupta,06-01-2026 07:49,08-01-2026 04:49,SWIFT,SWF-560523,INR,20000,20000,0,Premium Receivable,PR-400100,Policy Ledger,CC-INS-005,Motor,ICICI-002,Yes,99,45,98.82,Pass,Applied,,,R. Mehta,Lead-2 (QA),Auto-matched and posted,06-01-2026 10:49,08-01-2026 09:49
TXN-01116,POL-19875,Pari Pillai,30-08-2025 07:49,01-09-2025 14:49,CHQ,CHQ-75797,INR,5000,5000,0,Premium Receivable,PR-400100,Policy Ledger,CC-INS-003,Life,HDFC-001,Yes,97,55,99.45,Pass,Applied,,,N. Jain,Supervisor-A,Auto-matched and posted,30-08-2025 10:49,01-09-2025 19:49
TXN-01117,POL-96267,Arjun Nair,25-08-2025 07:49,27-08-2025 03:49,NEFT,NEFT-309414,INR,5000,5000,0,Premium Receivable,PR-400100,Policy Ledger,CC-INS-001,Property,HDFC-001,Yes,93.9,44,99.38,Pass,Applied,,,A. Nair,Lead-1 (QA),Auto-matched and posted,25-08-2025 10:49,27-08-2025 08:49
TXN-01118,POL-80703,Vivaan Nair,12-01-2026 07:49,12-01-2026 17:49,CHQ,CHQ-30884,INR,40000,40000,0,Excess Premium,EP-400200,Policy Ledger,CC-INS-003,Motor,HDFC-001,Yes,96.9,10,99.58,Pass,Applied,,,R. Mehta,Supervisor-B,Auto-matched and posted,12-01-2026 08:49,12-01-2026 21:49
TXN-01119,POL-76537,Ira Bose,24-12-2025 07:49,25-12-2025 08:49,CHQ,CHQ-92751,INR,7500,7500,0,Premium Receivable,PR-400100,Policy Ledger,CC-INS-004,Life,ICICI-002,No,92.4,25,99.51,Pass,Applied,,,P. Patel,Supervisor-B,Manual verification completed,24-12-2025 09:49,25-12-2025 09:49
TXN-01120,POL-12038,Sara Verma,15-12-2025 07:49,16-12-2025 02:49,NEFT,NEFT-351771,INR,30000,30000,0,Premium Receivable,PR-400100,Policy Ledger,CC-INS-003,Motor,SBI-003,Yes,98.5,19,98.77,Pass,Applied,,,A. Nair,Supervisor-A,Auto-matched and posted,15-12-2025 10:49,16-12-2025 05:49
TXN-01121,POL-92603,Reyansh Reddy,26-10-2025 07:49,29-10-2025 03:49,CHQ,CHQ-10769,INR,5000,3317,1683,Premium Receivable,PR-400100,Policy Ledger,CC-INS-005,Life,HDFC-001,No,76.6,68,97.84,Fail,Partially Applied,EXC004,Missing remittance,V. Iyer,Lead-2 (QA),Partial allocation; balance in suspense,26-10-2025 09:49,29-10-2025 05:49
TXN-01122,POL-42590,Aarav Singh,21-12-2025 07:49,22-12-2025 19:49,SWIFT,SWF-573273,INR,5000,5000,0,Premium Receivable,PR-400100,Policy Ledger,CC-INS-003,Health,AXIS-004,Yes,93,36,99.79,Pass,Applied,,,K. Bose,Lead-2 (QA),Auto-matched and posted,21-12-2025 10:49,22-12-2025 21:49
TXN-01123,POL-15508,Diya Chopra,27-09-2025 07:49,29-09-2025 15:49,UPI,UPI-625580,INR,40000,29809,10191,Premium Receivable,PR-400100,Policy Ledger,CC-INS-003,Health,HDFC-001,Yes,70.4,56,96.68,Fail,Partially Applied,,,K. Bose,Supervisor-B,Partial allocation; balance in suspense,27-09-2025 09:49,29-09-2025 16:49
TXN-01124,POL-77865,Diya Reddy,12-11-2025 07:49,14-11-2025 13:49,RTGS,RTGS-307183,USD,150,150,0,Premium Receivable,PR-400100,Policy Ledger,CC-INS-005,Property,SBI-003,Yes,96.6,54,99.37,Pass,Applied,,,S. Kapoor,Lead-2 (QA),Auto-matched and posted,12-11-2025 09:49,14-11-2025 17:49
TXN-01125,POL-50686,Ira Bhatia,19-01-2026 07:49,20-01-2026 07:49,RTGS,RTGS-884853,INR,15000,15000,0,Premium Receivable,PR-400100,Policy Ledger,CC-INS-002,Life,AXIS-004,Yes,98.8,24,99.29,Pass,Applied,,,N. Jain,Supervisor-B,Auto-matched and posted,19-01-2026 08:49,20-01-2026 10:49
TXN-01126,POL-84605,Ira Mehta,16-09-2025 07:49,17-09-2025 09:49,UPI,UPI-495266,INR,50000,0,50000,Suspense Account,SA-209900,Suspense Ledger,CC-INS-005,Health,ICICI-002,No,74.7,26,94.54,Fail,Unapplied,EXC005,Policy closed/expired,K. Bose,Supervisor-B,Awaiting policy mapping,16-09-2025 09:49,17-09-2025 13:49
TXN-01127,POL-77471,Pari Bhatia,25-11-2025 07:49,26-11-2025 08:49,UPI,UPI-918926,INR,15000,15000,0,Premium Receivable,PR-400100,Policy Ledger,CC-INS-003,Health,HDFC-001,Yes,96.1,25,99.71,Pass,Applied,,,K. Bose,Lead-2 (QA),Auto-matched and posted,25-11-2025 10:49,26-11-2025 12:49
TXN-01128,POL-34851,Saanvi Gupta,10-09-2025 07:49,11-09-2025 01:49,CHQ,CHQ-11290,INR,7500,7500,0,Premium Receivable,PR-400100,Policy Ledger,CC-INS-002,Life,SBI-003,No,92.7,18,99.8,Pass,Applied,,,A. Nair,Lead-1 (QA),Manual verification completed,10-09-2025 09:49,11-09-2025 06:49
TXN-01129,POL-83927,Aditya Yadav,17-10-2025 07:49,18-10-2025 00:49,NEFT,NEFT-314040,INR,50000,50000,0,Premium Receivable,PR-400100,Policy Ledger,CC-INS-005,Property,SBI-003,Yes,96.3,17,98.69,Pass,Applied,,,N. Jain,Supervisor-A,Auto-matched and posted,17-10-2025 08:49,18-10-2025 05:49
TXN-01130,POL-97441,Arjun Mukherjee,04-08-2025 07:49,06-08-2025 03:49,SWIFT,SWF-843881,INR,5000,5000,0,Premium Receivable,PR-400100,Policy Ledger,CC-INS-004,Property,HDFC-001,Yes,93.2,44,99.81,Pass,Applied,,,M. Reddy,Supervisor-B,Auto-matched and posted,04-08-2025 08:49,06-08-2025 07:49
TXN-01131,POL-81460,Vivaan Chopra,12-11-2025 07:49,15-11-2025 05:49,RTGS,RTGS-104523,INR,20000,20000,0,Excess Premium,EP-400200,Policy Ledger,CC-INS-005,Property,SBI-003,Yes,95.5,70,98.64,Pass,Applied,,,P. Patel,Lead-2 (QA),Auto-matched and posted,12-11-2025 10:49,15-11-2025 10:49
TXN-01132,POL-94142,Ishaan Sharma,20-10-2025 07:49,21-10-2025 16:49,UPI,UPI-614591,INR,10000,10000,0,Excess Premium,EP-400200,Policy Ledger,CC-INS-004,Life,HDFC-001,Yes,95.9,33,99.37,Pass,Applied,,,R. Mehta,Supervisor-B,Auto-matched and posted,20-10-2025 09:49,21-10-2025 19:49
TXN-01133,POL-35749,Reyansh Gupta,07-12-2025 07:49,09-12-2025 05:49,NEFT,NEFT-336722,INR,50000,11575,38425,Premium Receivable,PR-400100,Policy Ledger,CC-INS-001,Health,AXIS-004,No,88.3,46,98.08,Pass,Partially Applied,,,A. Nair,Lead-2 (QA),Partial allocation; balance in suspense,07-12-2025 09:49,09-12-2025 05:49
TXN-01134,POL-34887,Ishaan Singh,16-10-2025 07:49,18-10-2025 00:49,UPI,UPI-987754,INR,40000,40000,0,Premium Receivable,PR-400100,Policy Ledger,CC-INS-005,Property,ICICI-002,Yes,93.2,41,99.55,Pass,Applied,,,A. Nair,Supervisor-A,Auto-matched and posted,16-10-2025 08:49,18-10-2025 00:49
TXN-01135,POL-71660,Anika Bose,21-08-2025 07:49,21-08-2025 18:49,CHQ,CHQ-92558,INR,40000,0,40000,Suspense Account,SA-209900,Suspense Ledger,CC-INS-005,Motor,HDFC-001,No,57.7,11,96.43,Fail,Unapplied,EXC002,Short payment,M. Reddy,Supervisor-A,Awaiting policy mapping,21-08-2025 09:49,21-08-2025 19:49
TXN-01136,POL-43527,Vivaan Roy,20-08-2025 07:49,22-08-2025 06:49,SWIFT,SWF-101526,INR,40000,30617,9383,Premium Receivable,PR-400100,Policy Ledger,CC-INS-005,Property,SBI-003,Yes,88.4,47,96.73,Fail,Partially Applied,,,A. Nair,Lead-1 (QA),Partial allocation; balance in suspense,20-08-2025 09:49,22-08-2025 06:49
TXN-01137,POL-94752,Myra Bhatia,02-08-2025 07:49,02-08-2025 15:49,UPI,UPI-111857,INR,5000,2091,2909,Premium Receivable,PR-400100,Policy Ledger,CC-INS-002,Health,HDFC-001,Yes,91.7,8,98.78,Pass,Partially Applied,EXC005,Policy closed/expired,R. Mehta,Lead-2 (QA),Partial allocation; balance in suspense,02-08-2025 10:49,02-08-2025 18:49
TXN-01138,POL-61597,Reyansh Verma,02-10-2025 07:49,05-10-2025 02:49,UPI,UPI-960637,INR,25000,25000,0,Premium Receivable,PR-400100,Policy Ledger,CC-INS-005,Life,ICICI-002,No,93.6,67,99.42,Pass,Applied,,,N. Jain,Supervisor-A,Manual verification completed,02-10-2025 08:49,05-10-2025 06:49
TXN-01139,POL-54295,Aditya Patel,13-10-2025 07:49,15-10-2025 16:49,SWIFT,SWF-316684,INR,12500,12500,0,Premium Receivable,PR-400100,Policy Ledger,CC-INS-004,Motor,SBI-003,Yes,98.6,57,99.35,Pass,Applied,,,R. Mehta,Lead-1 (QA),Auto-matched and posted,13-10-2025 09:49,15-10-2025 19:49
TXN-01140,POL-15579,Aarohi Roy,22-12-2025 07:49,24-12-2025 22:49,NEFT,NEFT-725560,INR,7500,7500,0,Premium Receivable,PR-400100,Policy Ledger,CC-INS-003,Health,HDFC-001,Yes,97.3,63,99.47,Pass,Applied,,,S. Kapoor,Lead-2 (QA),Auto-matched and posted,22-12-2025 10:49,25-12-2025 04:49
TXN-01141,POL-29039,Aadhya Patel,27-08-2025 07:49,27-08-2025 21:49,UPI,UPI-663204,INR,20000,20000,0,Premium Receivable,PR-400100,Policy Ledger,CC-INS-001,Property,HDFC-001,Yes,94.4,14,99.42,Pass,Applied,,,M. Reddy,Supervisor-B,Auto-matched and posted,27-08-2025 10:49,28-08-2025 02:49
TXN-01142,POL-30831,Arjun Sharma,21-10-2025 07:49,22-10-2025 13:49,SWIFT,SWF-593233,INR,30000,30000,0,Premium Receivable,PR-400100,Policy Ledger,CC-INS-001,Health,ICICI-002,Yes,94.8,30,99.52,Pass,Applied,,,S. Kapoor,Supervisor-B,Auto-matched and posted,21-10-2025 08:49,22-10-2025 15:49
TXN-01143,POL-61170,Aditya Roy,26-12-2025 07:49,28-12-2025 04:49,RTGS,RTGS-704586,INR,30000,8778,21222,Excess Premium,EP-400200,Policy Ledger,CC-INS-001,Motor,ICICI-002,Yes,75.5,45,97.97,Fail,Partially Applied,,,R. Mehta,Lead-2 (QA),Partial allocation; balance in suspense,26-12-2025 10:49,28-12-2025 07:49
TXN-01144,POL-19656,Sara Mukherjee,06-08-2025 07:49,07-08-2025 01:49,UPI,UPI-609777,INR,30000,30000,0,Excess Premium,EP-400200,Policy Ledger,CC-INS-001,Property,ICICI-002,Yes,93.3,18,99.8,Pass,Applied,,,R. Mehta,Supervisor-B,Auto-matched and posted,06-08-2025 09:49,07-08-2025 02:49
TXN-01145,POL-66881,Aarav Chopra,13-08-2025 07:49,14-08-2025 01:49,SWIFT,SWF-772211,INR,25000,25000,0,Premium Receivable,PR-400100,Policy Ledger,CC-INS-005,Life,HDFC-001,Yes,93.7,18,99.7,Pass,Applied,,,V. Iyer,Lead-1 (QA),Auto-matched and posted,13-08-2025 10:49,14-08-2025 02:49
TXN-01146,POL-93767,Aarav Kumar,03-11-2025 07:49,04-11-2025 02:49,NEFT,NEFT-737859,INR,10000,10000,0,Premium Receivable,PR-400100,Policy Ledger,CC-INS-005,Motor,ICICI-002,Yes,95.2,19,99.15,Pass,Applied,,,S. Kapoor,Lead-2 (QA),Auto-matched and posted,03-11-2025 09:49,04-11-2025 02:49
TXN-01147,POL-16493,Saanvi Pillai,20-11-2025 07:49,20-11-2025 14:49,RTGS,RTGS-585981,INR,30000,0,30000,Suspense Account,SA-209900,Suspense Ledger,CC-INS-002,Life,SBI-003,No,62.7,7,94.96,Fail,Unapplied,EXC005,Policy closed/expired,M. Reddy,Supervisor-A,Awaiting policy mapping,20-11-2025 10:49,20-11-2025 16:49
TXN-01148,POL-53172,Sai Nair,25-08-2025 07:49,26-08-2025 00:49,SWIFT,SWF-117081,INR,7500,3326,4174,Premium Receivable,PR-400100,Policy Ledger,CC-INS-003,Property,AXIS-004,Yes,74.6,17,98.48,Pass,Partially Applied,,,V. Iyer,Lead-2 (QA),Partial allocation; balance in suspense,25-08-2025 10:49,26-08-2025 06:49
TXN-01149,POL-99892,Diya Kumar,02-09-2025 07:49,05-09-2025 00:49,SWIFT,SWF-619088,INR,25000,25000,0,Premium Receivable,PR-400100,Policy Ledger,CC-INS-002,Motor,AXIS-004,Yes,93.6,65,99.09,Pass,Applied,,,R. Mehta,Supervisor-B,Auto-matched and posted,02-09-2025 08:49,05-09-2025 02:49
TXN-01150,POL-68839,Arjun Mehta,13-11-2025 07:49,13-11-2025 11:49,RTGS,RTGS-306297,INR,7500,7500,0,Premium Receivable,PR-400100,Policy Ledger,CC-INS-001,Property,ICICI-002,Yes,98.7,4,99.45,Pass,Applied,,,S. Kapoor,Supervisor-B,Auto-matched and posted,13-11-2025 09:49,13-11-2025 17:49
TXN-01151,POL-22306,Ananya Mehta,15-08-2025 07:49,17-08-2025 05:49,SWIFT,SWF-561412,INR,20000,20000,0,Premium Receivable,PR-400100,Policy Ledger,CC-INS-004,Motor,HDFC-001,Yes,94.5,46,98.96,Pass,Applied,,,N. Jain,Supervisor-A,Auto-matched and posted,15-08-2025 10:49,17-08-2025 10:49
TXN-01152,POL-57889,Muhammad Agarwal,23-01-2026 07:49,25-01-2026 01:49,CHQ,CHQ-86483,INR,30000,30000,0,Excess Premium,EP-400200,Policy Ledger,CC-INS-005,Property,AXIS-004,Yes,96.9,42,99.23,Pass,Applied,,,M. Reddy,Supervisor-B,Auto-matched and posted,23-01-2026 10:49,25-01-2026 02:49
TXN-01153,POL-66319,Ananya Patel,02-09-2025 07:49,05-09-2025 07:49,RTGS,RTGS-304271,INR,50000,50000,0,Premium Receivable,PR-400100,Policy Ledger,CC-INS-003,Property,HDFC-001,Yes,95.4,72,99.84,Pass,Applied,,,V. Iyer,Lead-2 (QA),Auto-matched and posted,02-09-2025 10:49,05-09-2025 12:49
TXN-01154,POL-72687,Myra Gupta,18-12-2025 07:49,19-12-2025 18:49,RTGS,RTGS-997097,INR,7500,7500,0,Premium Receivable,PR-400100,Policy Ledger,CC-INS-002,Health,AXIS-004,Yes,95.6,35,98.84,Pass,Applied,,,A. Nair,Lead-2 (QA),Auto-matched and posted,18-12-2025 08:49,19-12-2025 22:49
TXN-01155,POL-63067,Ishaan Reddy,12-08-2025 07:49,13-08-2025 08:49,SWIFT,SWF-239850,INR,10000,8270,1730,Excess Premium,EP-400200,Policy Ledger,CC-INS-004,Property,ICICI-002,Yes,83.6,25,97.66,Fail,Partially Applied,EXC002,Short payment,V. Iyer,Lead-2 (QA),Partial allocation; balance in suspense,12-08-2025 10:49,13-08-2025 12:49
TXN-01156,POL-54321,Arjun Verma,05-09-2025 07:49,06-09-2025 15:49,RTGS,RTGS-122744,INR,15000,15000,0,Premium Receivable,PR-400100,Policy Ledger,CC-INS-002,Motor,SBI-003,Yes,94.1,32,99.57,Pass,Applied,,,V. Iyer,Lead-2 (QA),Auto-matched and posted,05-09-2025 09:49,06-09-2025 18:49
TXN-01157,POL-96486,Aditya Roy,31-12-2025 07:49,03-01-2026 04:49,RTGS,RTGS-737647,INR,30000,30000,0,Premium Receivable,PR-400100,Policy Ledger,CC-INS-002,Property,HDFC-001,Yes,98.1,69,99.47,Pass,Applied,,,P. Patel,Supervisor-A,Auto-matched and posted,31-12-2025 09:49,03-01-2026 08:49
TXN-01158,POL-89868,Saanvi Gupta,22-09-2025 07:49,25-09-2025 07:49,RTGS,RTGS-230355,INR,25000,8735,16265,Excess Premium,EP-400200,Policy Ledger,CC-INS-002,Health,AXIS-004,Yes,87,72,97.21,Fail,Partially Applied,,,P. Patel,Supervisor-B,Partial allocation; balance in suspense,22-09-2025 09:49,25-09-2025 08:49
TXN-01159,POL-36706,Aditya Mehta,09-12-2025 07:49,09-12-2025 13:49,CHQ,CHQ-62665,INR,30000,30000,0,Premium Receivable,PR-400100,Policy Ledger,CC-INS-004,Life,SBI-003,Yes,96.4,6,98.57,Pass,Applied,,,K. Bose,Lead-2 (QA),Auto-matched and posted,09-12-2025 10:49,09-12-2025 17:49
TXN-01160,POL-49876,Arjun Mukherjee,23-08-2025 07:49,23-08-2025 13:49,CHQ,CHQ-48995,INR,10000,0,10000,Suspense Account,SA-209900,Suspense Ledger,CC-INS-003,Health,AXIS-004,Yes,75.3,6,97.04,Fail,Unapplied,EXC004,Missing remittance,P. Patel,Supervisor-B,Awaiting policy mapping,23-08-2025 08:49,23-08-2025 15:49
TXN-01161,POL-84602,Aarav Mehta,11-09-2025 07:49,11-09-2025 10:49,NEFT,NEFT-357016,INR,12500,5622,6878,Premium Receivable,PR-400100,Policy Ledger,CC-INS-003,Property,HDFC-001,No,87.8,3,97.13,Fail,Partially Applied,,,M. Reddy,Supervisor-B,Partial allocation; balance in suspense,11-09-2025 09:49,11-09-2025 12:49
TXN-01162,POL-87989,Myra Das,24-09-2025 07:49,24-09-2025 22:49,SWIFT,SWF-328158,USD,400,290,110,Premium Receivable,PR-400100,Policy Ledger,CC-INS-001,Motor,AXIS-004,No,85.6,15,98.36,Pass,Partially Applied,,,R. Mehta,Supervisor-A,Partial allocation; balance in suspense,24-09-2025 09:49,24-09-2025 22:49
TXN-01163,POL-46974,Saanvi Yadav,07-09-2025 07:49,09-09-2025 14:49,CHQ,CHQ-48875,INR,10000,3801,6199,Excess Premium,EP-400200,Policy Ledger,CC-INS-005,Life,HDFC-001,Yes,72.9,55,96.44,Fail,Partially Applied,,,K. Bose,Supervisor-A,Partial allocation; balance in suspense,07-09-2025 10:49,09-09-2025 16:49
TXN-01164,POL-39881,Krishna Sharma,03-08-2025 07:49,03-08-2025 18:49,RTGS,RTGS-818333,INR,10000,10000,0,Premium Receivable,PR-400100,Policy Ledger,CC-INS-004,Motor,ICICI-002,Yes,96.2,11,99.78,Pass,Applied,,,V. Iyer,Supervisor-A,Auto-matched and posted,03-08-2025 09:49,03-08-2025 23:49
TXN-01165,POL-70436,Aarohi Bhatia,18-08-2025 07:49,21-08-2025 02:49,SWIFT,SWF-651923,INR,10000,10000,0,Premium Receivable,PR-400100,Policy Ledger,CC-INS-005,Motor,HDFC-001,Yes,95.9,67,98.96,Pass,Applied,,,N. Jain,Lead-1 (QA),Auto-matched and posted,18-08-2025 09:49,21-08-2025 07:49
TXN-01166,POL-20097,Muhammad Reddy,27-12-2025 07:49,29-12-2025 08:49,CHQ,CHQ-50101,INR,50000,50000,0,Excess Premium,EP-400200,Policy Ledger,CC-INS-003,Property,AXIS-004,No,86.2,49,98.78,Pass,Applied,,,M. Reddy,Supervisor-B,Manual verification completed,27-12-2025 08:49,29-12-2025 13:49
TXN-01167,POL-80985,Sai Sharma,07-01-2026 07:49,09-01-2026 17:49,RTGS,RTGS-311110,INR,7500,7500,0,Premium Receivable,PR-400100,Policy Ledger,CC-INS-004,Health,HDFC-001,Yes,93.8,58,98.62,Pass,Applied,,,S. Kapoor,Supervisor-B,Auto-matched and posted,07-01-2026 09:49,09-01-2026 19:49
TXN-01168,POL-51766,Pari Nair,14-11-2025 07:49,15-11-2025 20:49,UPI,UPI-623514,INR,40000,0,40000,Suspense Account,SA-209900,Suspense Ledger,CC-INS-003,Life,ICICI-002,Yes,77.5,37,95.25,Fail,Unapplied,EXC004,Missing remittance,M. Reddy,Supervisor-B,Awaiting policy mapping,14-11-2025 09:49,15-11-2025 22:49
TXN-01169,POL-10749,Aarav Verma,08-11-2025 07:49,11-11-2025 04:49,CHQ,CHQ-54247,INR,25000,10095,14905,Excess Premium,EP-400200,Policy Ledger,CC-INS-002,Health,SBI-003,Yes,71.6,69,97.07,Fail,Partially Applied,EXC001,No policy match,M. Reddy,Supervisor-A,Partial allocation; balance in suspense,08-11-2025 08:49,11-11-2025 10:49
TXN-01170,POL-77147,Ira Roy,30-11-2025 07:49,01-12-2025 22:49,NEFT,NEFT-250701,INR,12500,12500,0,Premium Receivable,PR-400100,Policy Ledger,CC-INS-002,Motor,AXIS-004,Yes,95.6,39,99.22,Pass,Applied,,,R. Mehta,Lead-1 (QA),Auto-matched and posted,30-11-2025 09:49,01-12-2025 22:49
TXN-01171,POL-42132,Anika Yadav,13-08-2025 07:49,14-08-2025 23:49,UPI,UPI-261357,INR,40000,40000,0,Premium Receivable,PR-400100,Policy Ledger,CC-INS-005,Health,HDFC-001,Yes,97.2,40,99.52,Pass,Applied,,,M. Reddy,Lead-1 (QA),Auto-matched and posted,13-08-2025 08:49,15-08-2025 01:49
TXN-01172,POL-97552,Ira Sharma,29-12-2025 07:49,31-12-2025 16:49,NEFT,NEFT-963683,INR,50000,50000,0,Premium Receivable,PR-400100,Policy Ledger,CC-INS-003,Motor,ICICI-002,Yes,96.5,57,99.18,Pass,Applied,,,M. Reddy,Lead-1 (QA),Auto-matched and posted,29-12-2025 08:49,31-12-2025 18:49
TXN-01173,POL-61018,Saanvi Reddy,14-12-2025 07:49,14-12-2025 10:49,UPI,UPI-433209,INR,30000,30000,0,Premium Receivable,PR-400100,Policy Ledger,CC-INS-005,Life,SBI-003,Yes,97.1,3,98.92,Pass,Applied,,,P. Patel,Lead-2 (QA),Auto-matched and posted,14-12-2025 10:49,14-12-2025 12:49
TXN-01174,POL-98713,Aarav Bose,29-12-2025 07:49,01-01-2026 07:49,NEFT,NEFT-247173,INR,25000,25000,0,Premium Receivable,PR-400100,Policy Ledger,CC-INS-001,Health,HDFC-001,Yes,93.9,72,99.72,Pass,Applied,,,K. Bose,Lead-2 (QA),Auto-matched and posted,29-12-2025 09:49,01-01-2026 11:49
TXN-01175,POL-46748,Saanvi Sharma,29-11-2025 07:49,30-11-2025 09:49,UPI,UPI-261024,INR,7500,7500,0,Premium Receivable,PR-400100,Policy Ledger,CC-INS-003,Motor,HDFC-001,Yes,94.7,26,99.11,Pass,Applied,,,M. Reddy,Lead-1 (QA),Auto-matched and posted,29-11-2025 10:49,30-11-2025 12:49
TXN-01176,POL-45036,Aarohi Singh,22-09-2025 07:49,22-09-2025 09:49,SWIFT,SWF-647338,INR,10000,6490,3510,Premium Receivable,PR-400100,Policy Ledger,CC-INS-004,Health,ICICI-002,No,85.3,2,98.26,Pass,Partially Applied,EXC005,Policy closed/expired,A. Nair,Lead-2 (QA),Partial allocation; balance in suspense,22-09-2025 09:49,22-09-2025 09:49
TXN-01177,POL-94256,Diya Pillai,06-11-2025 07:49,07-11-2025 20:49,RTGS,RTGS-581554,INR,30000,30000,0,Premium Receivable,PR-400100,Policy Ledger,CC-INS-001,Property,AXIS-004,Yes,98.9,37,98.77,Pass,Applied,,,V. Iyer,Lead-2 (QA),Auto-matched and posted,06-11-2025 10:49,08-11-2025 01:49
TXN-01178,POL-99310,Aditya Chopra,25-08-2025 07:49,28-08-2025 04:49,NEFT,NEFT-591508,INR,10000,10000,0,Premium Receivable,PR-400100,Policy Ledger,CC-INS-003,Property,HDFC-001,Yes,95.2,69,98.98,Pass,Applied,,,N. Jain,Lead-2 (QA),Auto-matched and posted,25-08-2025 08:49,28-08-2025 05:49
TXN-01179,POL-70315,Arjun Iyer,16-01-2026 07:49,18-01-2026 21:49,NEFT,NEFT-572184,INR,50000,50000,0,Premium Receivable,PR-400100,Policy Ledger,CC-INS-001,Life,AXIS-004,Yes,95.8,62,99.66,Pass,Applied,,,K. Bose,Supervisor-A,Auto-matched and posted,16-01-2026 10:49,19-01-2026 01:49
TXN-01180,POL-92272,Pari Verma,20-01-2026 07:49,23-01-2026 07:49,UPI,UPI-949262,INR,30000,30000,0,Premium Receivable,PR-400100,Policy Ledger,CC-INS-003,Motor,ICICI-002,Yes,97.7,72,99.09,Pass,Applied,,,S. Kapoor,Lead-1 (QA),Auto-matched and posted,20-01-2026 09:49,23-01-2026 12:49
TXN-01181,POL-37542,Pari Nair,18-08-2025 07:49,20-08-2025 06:49,SWIFT,SWF-167949,INR,50000,50000,0,Premium Receivable,PR-400100,Policy Ledger,CC-INS-004,Health,AXIS-004,Yes,98.9,47,99.57,Pass,Applied,,,A. Nair,Supervisor-A,Auto-matched and posted,18-08-2025 10:49,20-08-2025 10:49
TXN-01182,POL-68103,Anika Yadav,14-12-2025 07:49,14-12-2025 11:49,RTGS,RTGS-117714,INR,25000,25000,0,Premium Receivable,PR-400100,Policy Ledger,CC-INS-005,Life,SBI-003,Yes,93.7,4,98.66,Pass,Applied,,,S. Kapoor,Lead-1 (QA),Auto-matched and posted,14-12-2025 08:49,14-12-2025 15:49
TXN-01183,POL-94808,Sara Nair,13-01-2026 07:49,15-01-2026 10:49,NEFT,NEFT-635553,INR,5000,5000,0,Premium Receivable,PR-400100,Policy Ledger,CC-INS-005,Life,HDFC-001,No,86.1,51,98.79,Pass,Applied,,,R. Mehta,Supervisor-B,Manual verification completed,13-01-2026 10:49,15-01-2026 11:49
TXN-01184,POL-38763,Myra Kumar,30-12-2025 07:49,31-12-2025 03:49,CHQ,CHQ-82519,INR,12500,12500,0,Excess Premium,EP-400200,Policy Ledger,CC-INS-003,Property,HDFC-001,Yes,98.6,20,99.11,Pass,Applied,,,A. Nair,Supervisor-A,Auto-matched and posted,30-12-2025 08:49,31-12-2025 06:49
TXN-01185,POL-74334,Ananya Jain,10-12-2025 07:49,12-12-2025 13:49,SWIFT,SWF-920972,INR,12500,0,12500,Suspense Account,SA-209900,Suspense Ledger,CC-INS-004,Health,HDFC-001,Yes,65.6,54,95.56,Fail,Exception,EXC004,Missing remittance,V. Iyer,Lead-2 (QA),Exception raised for investigation,10-12-2025 08:49,12-12-2025 15:49
TXN-01186,POL-53158,Ananya Verma,23-01-2026 07:49,25-01-2026 01:49,CHQ,CHQ-98620,INR,20000,20000,0,Premium Receivable,PR-400100,Policy Ledger,CC-INS-002,Motor,SBI-003,Yes,96.6,42,99.73,Pass,Applied,,,M. Reddy,Lead-1 (QA),Auto-matched and posted,23-01-2026 09:49,25-01-2026 03:49
TXN-01187,POL-76728,Sara Yadav,28-08-2025 07:49,28-08-2025 18:49,UPI,UPI-166994,INR,30000,0,30000,Suspense Account,SA-209900,Suspense Ledger,CC-INS-003,Life,ICICI-002,No,76,11,96.63,Fail,Exception,EXC002,Short payment,N. Jain,Supervisor-B,Exception raised for investigation,28-08-2025 08:49,28-08-2025 20:49
TXN-01188,POL-92285,Aadhya Pillai,03-01-2026 07:49,03-01-2026 18:49,NEFT,NEFT-711088,INR,30000,30000,0,Premium Receivable,PR-400100,Policy Ledger,CC-INS-003,Motor,SBI-003,Yes,93.9,11,99.39,Pass,Applied,,,N. Jain,Supervisor-A,Auto-matched and posted,03-01-2026 09:49,03-01-2026 21:49
TXN-01189,POL-72000,Ira Mukherjee,08-08-2025 07:49,09-08-2025 14:49,CHQ,CHQ-66003,USD,500,500,0,Premium Receivable,PR-400100,Policy Ledger,CC-INS-004,Health,HDFC-001,No,90.9,31,98.32,Pass,Applied,,,K. Bose,Supervisor-B,Manual verification completed,08-08-2025 09:49,09-08-2025 17:49
TXN-01190,POL-30993,Saanvi Kumar,18-01-2026 07:49,20-01-2026 17:49,RTGS,RTGS-209534,INR,40000,9057,30943,Premium Receivable,PR-400100,Policy Ledger,CC-INS-003,Health,ICICI-002,Yes,72,58,97.57,Fail,Partially Applied,,,A. Nair,Lead-2 (QA),Partial allocation; balance in suspense,18-01-2026 09:49,20-01-2026 17:49
TXN-01191,POL-59271,Diya Gupta,20-12-2025 07:49,22-12-2025 05:49,UPI,UPI-663655,INR,25000,13165,11835,Premium Receivable,PR-400100,Policy Ledger,CC-INS-003,Property,ICICI-002,Yes,76.4,46,97.08,Fail,Partially Applied,,,S. Kapoor,Supervisor-A,Partial allocation; balance in suspense,20-12-2025 10:49,22-12-2025 10:49
TXN-01192,POL-85012,Diya Pillai,13-10-2025 07:49,13-10-2025 19:49,CHQ,CHQ-45092,INR,50000,50000,0,Premium Receivable,PR-400100,Policy Ledger,CC-INS-002,Life,HDFC-001,Yes,93.1,12,98.73,Pass,Applied,,,N. Jain,Lead-1 (QA),Auto-matched and posted,13-10-2025 10:49,14-10-2025 01:49
TXN-01193,POL-47575,Vihaan Iyer,17-10-2025 07:49,18-10-2025 20:49,CHQ,CHQ-60672,INR,5000,2969,2031,Premium Receivable,PR-400100,Policy Ledger,CC-INS-002,Health,AXIS-004,No,87.8,37,96.81,Fail,Partially Applied,,,M. Reddy,Lead-2 (QA),Partial allocation; balance in suspense,17-10-2025 08:49,19-10-2025 02:49
TXN-01194,POL-13758,Arjun Mehta,11-01-2026 07:49,13-01-2026 05:49,NEFT,NEFT-703075,INR,50000,50000,0,Premium Receivable,PR-400100,Policy Ledger,CC-INS-004,Property,HDFC-001,Yes,98.3,46,99.08,Pass,Applied,,,N. Jain,Supervisor-B,Auto-matched and posted,11-01-2026 09:49,13-01-2026 08:49
TXN-01195,POL-20218,Aarav Kumar,21-10-2025 07:49,23-10-2025 11:49,RTGS,RTGS-391383,INR,5000,5000,0,Premium Receivable,PR-400100,Policy Ledger,CC-INS-003,Life,HDFC-001,Yes,97.1,52,99.87,Pass,Applied,,,A. Nair,Supervisor-B,Auto-matched and posted,21-10-2025 09:49,23-10-2025 15:49
TXN-01196,POL-38928,Anika Bhatia,01-11-2025 07:49,01-11-2025 11:49,NEFT,NEFT-597395,INR,50000,50000,0,Premium Receivable,PR-400100,Policy Ledger,CC-INS-003,Life,ICICI-002,Yes,97.9,4,98.67,Pass,Applied,,,A. Nair,Lead-2 (QA),Auto-matched and posted,01-11-2025 09:49,01-11-2025 11:49
TXN-01197,POL-70020,Ishaan Patel,02-11-2025 07:49,04-11-2025 16:49,UPI,UPI-246918,INR,25000,11715,13285,Premium Receivable,PR-400100,Policy Ledger,CC-INS-003,Property,SBI-003,Yes,72.8,57,96.61,Fail,Partially Applied,,,K. Bose,Lead-2 (QA),Partial allocation; balance in suspense,02-11-2025 10:49,04-11-2025 17:49
TXN-01198,POL-73696,Pari Patel,08-10-2025 07:49,08-10-2025 20:49,UPI,UPI-737383,INR,12500,0,12500,Suspense Account,SA-209900,Suspense Ledger,CC-INS-002,Motor,SBI-003,No,82.6,13,95.92,Fail,Unapplied,EXC001,No policy match,S. Kapoor,Lead-2 (QA),Awaiting policy mapping,08-10-2025 09:49,09-10-2025 02:49
TXN-01199,POL-47820,Krishna Pillai,12-11-2025 07:49,14-11-2025 22:49,RTGS,RTGS-289339,INR,40000,40000,0,Premium Receivable,PR-400100,Policy Ledger,CC-INS-003,Motor,SBI-003,Yes,94.4,63,98.83,Pass,Applied,,,N. Jain,Lead-1 (QA),Auto-matched and posted,12-11-2025 09:49,15-11-2025 03:49
TXN-01200,POL-73203,Ishaan Das,21-09-2025 07:49,22-09-2025 04:49,UPI,UPI-197302,INR,50000,50000,0,Premium Receivable,PR-400100,Policy Ledger,CC-INS-001,Motor,HDFC-001,Yes,94.9,21,98.59,Pass,Applied,,,K. Bose,Supervisor-A,Auto-matched and posted,21-09-2025 08:49,22-09-2025 07:49
